[cmp221.ethernet.delftblue:1452431] mca_base_component_repository_open: unable to open mca_accelerator_cuda: libcuda.so.1: cannot open shared object file: No such file or directory (ignored)
[cmp221.ethernet.delftblue:1452431] mca_base_component_repository_open: unable to open mca_rcache_gpusm: libcuda.so.1: cannot open shared object file: No such file or directory (ignored)
[cmp221.ethernet.delftblue:1452431] mca_base_component_repository_open: unable to open mca_rcache_rgpusm: libcuda.so.1: cannot open shared object file: No such file or directory (ignored)
[cmp221.ethernet.delftblue:1452431] mca_base_component_repository_open: unable to open mca_btl_smcuda: libcuda.so.1: cannot open shared object file: No such file or directory (ignored)
[cmp221.ethernet.delftblue:1452479] mca_base_component_repository_open: unable to open mca_accelerator_cuda: libcuda.so.1: cannot open shared object file: No such file or directory (ignored)
[cmp221.ethernet.delftblue:1452480] mca_base_component_repository_open: unable to open mca_accelerator_cuda: libcuda.so.1: cannot open shared object file: No such file or directory (ignored)
[cmp221.ethernet.delftblue:1452479] mca_base_component_repository_open: unable to open mca_rcache_gpusm: libcuda.so.1: cannot open shared object file: No such file or directory (ignored)
[cmp221.ethernet.delftblue:1452479] mca_base_component_repository_open: unable to open mca_rcache_rgpusm: libcuda.so.1: cannot open shared object file: No such file or directory (ignored)
[cmp221.ethernet.delftblue:1452479] mca_base_component_repository_open: unable to open mca_btl_smcuda: libcuda.so.1: cannot open shared object file: No such file or directory (ignored)
[cmp221.ethernet.delftblue:1452480] mca_base_component_repository_open: unable to open mca_rcache_gpusm: libcuda.so.1: cannot open shared object file: No such file or directory (ignored)
[cmp221.ethernet.delftblue:1452480] mca_base_component_repository_open: unable to open mca_rcache_rgpusm: libcuda.so.1: cannot open shared object file: No such file or directory (ignored)
[cmp221.ethernet.delftblue:1452480] mca_base_component_repository_open: unable to open mca_btl_smcuda: libcuda.so.1: cannot open shared object file: No such file or directory (ignored)
[cmp221.ethernet.delftblue:1452540] mca_base_component_repository_open: unable to open mca_accelerator_cuda: libcuda.so.1: cannot open shared object file: No such file or directory (ignored)
[cmp221.ethernet.delftblue:1452539] mca_base_component_repository_open: unable to open mca_accelerator_cuda: libcuda.so.1: cannot open shared object file: No such file or directory (ignored)
[cmp221.ethernet.delftblue:1452538] mca_base_component_repository_open: unable to open mca_accelerator_cuda: libcuda.so.1: cannot open shared object file: No such file or directory (ignored)
[cmp221.ethernet.delftblue:1452537] mca_base_component_repository_open: unable to open mca_accelerator_cuda: libcuda.so.1: cannot open shared object file: No such file or directory (ignored)
[cmp221.ethernet.delftblue:1452539] mca_base_component_repository_open: unable to open mca_rcache_gpusm: libcuda.so.1: cannot open shared object file: No such file or directory (ignored)
[cmp221.ethernet.delftblue:1452540] mca_base_component_repository_open: unable to open mca_rcache_gpusm: libcuda.so.1: cannot open shared object file: No such file or directory (ignored)
[cmp221.ethernet.delftblue:1452539] mca_base_component_repository_open: unable to open mca_rcache_rgpusm: libcuda.so.1: cannot open shared object file: No such file or directory (ignored)
[cmp221.ethernet.delftblue:1452540] mca_base_component_repository_open: unable to open mca_rcache_rgpusm: libcuda.so.1: cannot open shared object file: No such file or directory (ignored)
[cmp221.ethernet.delftblue:1452539] mca_base_component_repository_open: unable to open mca_btl_smcuda: libcuda.so.1: cannot open shared object file: No such file or directory (ignored)
[cmp221.ethernet.delftblue:1452540] mca_base_component_repository_open: unable to open mca_btl_smcuda: libcuda.so.1: cannot open shared object file: No such file or directory (ignored)
[cmp221.ethernet.delftblue:1452538] mca_base_component_repository_open: unable to open mca_rcache_gpusm: libcuda.so.1: cannot open shared object file: No such file or directory (ignored)
[cmp221.ethernet.delftblue:1452538] mca_base_component_repository_open: unable to open mca_rcache_rgpusm: libcuda.so.1: cannot open shared object file: No such file or directory (ignored)
[cmp221.ethernet.delftblue:1452538] mca_base_component_repository_open: unable to open mca_btl_smcuda: libcuda.so.1: cannot open shared object file: No such file or directory (ignored)
[cmp221.ethernet.delftblue:1452537] mca_base_component_repository_open: unable to open mca_rcache_gpusm: libcuda.so.1: cannot open shared object file: No such file or directory (ignored)
[cmp221.ethernet.delftblue:1452537] mca_base_component_repository_open: unable to open mca_rcache_rgpusm: libcuda.so.1: cannot open shared object file: No such file or directory (ignored)
[cmp221.ethernet.delftblue:1452537] mca_base_component_repository_open: unable to open mca_btl_smcuda: libcuda.so.1: cannot open shared object file: No such file or directory (ignored)
[cmp221.ethernet.delftblue:1452611] mca_base_component_repository_open: unable to open mca_accelerator_cuda: libcuda.so.1: cannot open shared object file: No such file or directory (ignored)
[cmp221.ethernet.delftblue:1452612] mca_base_component_repository_open: unable to open mca_accelerator_cuda: libcuda.so.1: cannot open shared object file: No such file or directory (ignored)
[cmp221.ethernet.delftblue:1452616] mca_base_component_repository_open: unable to open mca_accelerator_cuda: libcuda.so.1: cannot open shared object file: No such file or directory (ignored)
[cmp221.ethernet.delftblue:1452614] mca_base_component_repository_open: unable to open mca_accelerator_cuda: libcuda.so.1: cannot open shared object file: No such file or directory (ignored)
[cmp221.ethernet.delftblue:1452615] mca_base_component_repository_open: unable to open mca_accelerator_cuda: libcuda.so.1: cannot open shared object file: No such file or directory (ignored)
[cmp221.ethernet.delftblue:1452613] mca_base_component_repository_open: unable to open mca_accelerator_cuda: libcuda.so.1: cannot open shared object file: No such file or directory (ignored)
[cmp221.ethernet.delftblue:1452612] mca_base_component_repository_open: unable to open mca_rcache_gpusm: libcuda.so.1: cannot open shared object file: No such file or directory (ignored)
[cmp221.ethernet.delftblue:1452612] mca_base_component_repository_open: unable to open mca_rcache_rgpusm: libcuda.so.1: cannot open shared object file: No such file or directory (ignored)
[cmp221.ethernet.delftblue:1452612] mca_base_component_repository_open: unable to open mca_btl_smcuda: libcuda.so.1: cannot open shared object file: No such file or directory (ignored)
[cmp221.ethernet.delftblue:1452611] mca_base_component_repository_open: unable to open mca_rcache_gpusm: libcuda.so.1: cannot open shared object file: No such file or directory (ignored)
[cmp221.ethernet.delftblue:1452614] mca_base_component_repository_open: unable to open mca_rcache_gpusm: libcuda.so.1: cannot open shared object file: No such file or directory (ignored)
[cmp221.ethernet.delftblue:1452611] mca_base_component_repository_open: unable to open mca_rcache_rgpusm: libcuda.so.1: cannot open shared object file: No such file or directory (ignored)
[cmp221.ethernet.delftblue:1452616] mca_base_component_repository_open: unable to open mca_rcache_gpusm: libcuda.so.1: cannot open shared object file: No such file or directory (ignored)
[cmp221.ethernet.delftblue:1452614] mca_base_component_repository_open: unable to open mca_rcache_rgpusm: libcuda.so.1: cannot open shared object file: No such file or directory (ignored)
[cmp221.ethernet.delftblue:1452613] mca_base_component_repository_open: unable to open mca_rcache_gpusm: libcuda.so.1: cannot open shared object file: No such file or directory (ignored)
[cmp221.ethernet.delftblue:1452615] mca_base_component_repository_open: unable to open mca_rcache_gpusm: libcuda.so.1: cannot open shared object file: No such file or directory (ignored)
[cmp221.ethernet.delftblue:1452611] mca_base_component_repository_open: unable to open mca_btl_smcuda: libcuda.so.1: cannot open shared object file: No such file or directory (ignored)
[cmp221.ethernet.delftblue:1452616] mca_base_component_repository_open: unable to open mca_rcache_rgpusm: libcuda.so.1: cannot open shared object file: No such file or directory (ignored)
[cmp221.ethernet.delftblue:1452614] mca_base_component_repository_open: unable to open mca_btl_smcuda: libcuda.so.1: cannot open shared object file: No such file or directory (ignored)
[cmp221.ethernet.delftblue:1452613] mca_base_component_repository_open: unable to open mca_rcache_rgpusm: libcuda.so.1: cannot open shared object file: No such file or directory (ignored)
[cmp221.ethernet.delftblue:1452615] mca_base_component_repository_open: unable to open mca_rcache_rgpusm: libcuda.so.1: cannot open shared object file: No such file or directory (ignored)
[cmp221.ethernet.delftblue:1452616] mca_base_component_repository_open: unable to open mca_btl_smcuda: libcuda.so.1: cannot open shared object file: No such file or directory (ignored)
[cmp221.ethernet.delftblue:1452613] mca_base_component_repository_open: unable to open mca_btl_smcuda: libcuda.so.1: cannot open shared object file: No such file or directory (ignored)
[cmp221.ethernet.delftblue:1452615] mca_base_component_repository_open: unable to open mca_btl_smcuda: libcuda.so.1: cannot open shared object file: No such file or directory (ignored)
[cmp221.ethernet.delftblue:1452708] mca_base_component_repository_open: unable to open mca_accelerator_cuda: libcuda.so.1: cannot open shared object file: No such file or directory (ignored)
[cmp221.ethernet.delftblue:1452710] mca_base_component_repository_open: unable to open mca_accelerator_cuda: libcuda.so.1: cannot open shared object file: No such file or directory (ignored)
[cmp221.ethernet.delftblue:1452706] mca_base_component_repository_open: unable to open mca_accelerator_cuda: libcuda.so.1: cannot open shared object file: No such file or directory (ignored)
[cmp221.ethernet.delftblue:1452711] mca_base_component_repository_open: unable to open mca_accelerator_cuda: libcuda.so.1: cannot open shared object file: No such file or directory (ignored)
[cmp221.ethernet.delftblue:1452705] mca_base_component_repository_open: unable to open mca_accelerator_cuda: libcuda.so.1: cannot open shared object file: No such file or directory (ignored)
[cmp221.ethernet.delftblue:1452704] mca_base_component_repository_open: unable to open mca_accelerator_cuda: libcuda.so.1: cannot open shared object file: No such file or directory (ignored)
[cmp221.ethernet.delftblue:1452707] mca_base_component_repository_open: unable to open mca_accelerator_cuda: libcuda.so.1: cannot open shared object file: No such file or directory (ignored)
[cmp221.ethernet.delftblue:1452709] mca_base_component_repository_open: unable to open mca_accelerator_cuda: libcuda.so.1: cannot open shared object file: No such file or directory (ignored)
[cmp221.ethernet.delftblue:1452708] mca_base_component_repository_open: unable to open mca_rcache_gpusm: libcuda.so.1: cannot open shared object file: No such file or directory (ignored)
[cmp221.ethernet.delftblue:1452708] mca_base_component_repository_open: unable to open mca_rcache_rgpusm: libcuda.so.1: cannot open shared object file: No such file or directory (ignored)
[cmp221.ethernet.delftblue:1452708] mca_base_component_repository_open: unable to open mca_btl_smcuda: libcuda.so.1: cannot open shared object file: No such file or directory (ignored)
[cmp221.ethernet.delftblue:1452710] mca_base_component_repository_open: unable to open mca_rcache_gpusm: libcuda.so.1: cannot open shared object file: No such file or directory (ignored)
[cmp221.ethernet.delftblue:1452710] mca_base_component_repository_open: unable to open mca_rcache_rgpusm: libcuda.so.1: cannot open shared object file: No such file or directory (ignored)
[cmp221.ethernet.delftblue:1452710] mca_base_component_repository_open: unable to open mca_btl_smcuda: libcuda.so.1: cannot open shared object file: No such file or directory (ignored)
[cmp221.ethernet.delftblue:1452711] mca_base_component_repository_open: unable to open mca_rcache_gpusm: libcuda.so.1: cannot open shared object file: No such file or directory (ignored)
[cmp221.ethernet.delftblue:1452706] mca_base_component_repository_open: unable to open mca_rcache_gpusm: libcuda.so.1: cannot open shared object file: No such file or directory (ignored)
[cmp221.ethernet.delftblue:1452711] mca_base_component_repository_open: unable to open mca_rcache_rgpusm: libcuda.so.1: cannot open shared object file: No such file or directory (ignored)
[cmp221.ethernet.delftblue:1452706] mca_base_component_repository_open: unable to open mca_rcache_rgpusm: libcuda.so.1: cannot open shared object file: No such file or directory (ignored)
[cmp221.ethernet.delftblue:1452711] mca_base_component_repository_open: unable to open mca_btl_smcuda: libcuda.so.1: cannot open shared object file: No such file or directory (ignored)
[cmp221.ethernet.delftblue:1452706] mca_base_component_repository_open: unable to open mca_btl_smcuda: libcuda.so.1: cannot open shared object file: No such file or directory (ignored)
[cmp221.ethernet.delftblue:1452705] mca_base_component_repository_open: unable to open mca_rcache_gpusm: libcuda.so.1: cannot open shared object file: No such file or directory (ignored)
[cmp221.ethernet.delftblue:1452705] mca_base_component_repository_open: unable to open mca_rcache_rgpusm: libcuda.so.1: cannot open shared object file: No such file or directory (ignored)
[cmp221.ethernet.delftblue:1452705] mca_base_component_repository_open: unable to open mca_btl_smcuda: libcuda.so.1: cannot open shared object file: No such file or directory (ignored)
[cmp221.ethernet.delftblue:1452709] mca_base_component_repository_open: unable to open mca_rcache_gpusm: libcuda.so.1: cannot open shared object file: No such file or directory (ignored)
[cmp221.ethernet.delftblue:1452709] mca_base_component_repository_open: unable to open mca_rcache_rgpusm: libcuda.so.1: cannot open shared object file: No such file or directory (ignored)
[cmp221.ethernet.delftblue:1452707] mca_base_component_repository_open: unable to open mca_rcache_gpusm: libcuda.so.1: cannot open shared object file: No such file or directory (ignored)
[cmp221.ethernet.delftblue:1452704] mca_base_component_repository_open: unable to open mca_rcache_gpusm: libcuda.so.1: cannot open shared object file: No such file or directory (ignored)
[cmp221.ethernet.delftblue:1452709] mca_base_component_repository_open: unable to open mca_btl_smcuda: libcuda.so.1: cannot open shared object file: No such file or directory (ignored)
[cmp221.ethernet.delftblue:1452707] mca_base_component_repository_open: unable to open mca_rcache_rgpusm: libcuda.so.1: cannot open shared object file: No such file or directory (ignored)
[cmp221.ethernet.delftblue:1452704] mca_base_component_repository_open: unable to open mca_rcache_rgpusm: libcuda.so.1: cannot open shared object file: No such file or directory (ignored)
[cmp221.ethernet.delftblue:1452707] mca_base_component_repository_open: unable to open mca_btl_smcuda: libcuda.so.1: cannot open shared object file: No such file or directory (ignored)
[cmp221.ethernet.delftblue:1452704] mca_base_component_repository_open: unable to open mca_btl_smcuda: libcuda.so.1: cannot open shared object file: No such file or directory (ignored)
[cmp221.ethernet.delftblue:1452826] mca_base_component_repository_open: unable to open mca_accelerator_cuda: libcuda.so.1: cannot open shared object file: No such file or directory (ignored)
[cmp221.ethernet.delftblue:1452825] mca_base_component_repository_open: unable to open mca_accelerator_cuda: libcuda.so.1: cannot open shared object file: No such file or directory (ignored)
[cmp221.ethernet.delftblue:1452827] mca_base_component_repository_open: unable to open mca_accelerator_cuda: libcuda.so.1: cannot open shared object file: No such file or directory (ignored)
[cmp221.ethernet.delftblue:1452819] mca_base_component_repository_open: unable to open mca_accelerator_cuda: libcuda.so.1: cannot open shared object file: No such file or directory (ignored)
[cmp221.ethernet.delftblue:1452821] mca_base_component_repository_open: unable to open mca_accelerator_cuda: libcuda.so.1: cannot open shared object file: No such file or directory (ignored)
[cmp221.ethernet.delftblue:1452822] mca_base_component_repository_open: unable to open mca_accelerator_cuda: libcuda.so.1: cannot open shared object file: No such file or directory (ignored)
[cmp221.ethernet.delftblue:1452823] mca_base_component_repository_open: unable to open mca_accelerator_cuda: libcuda.so.1: cannot open shared object file: No such file or directory (ignored)
[cmp221.ethernet.delftblue:1452826] mca_base_component_repository_open: unable to open mca_rcache_gpusm: libcuda.so.1: cannot open shared object file: No such file or directory (ignored)
[cmp221.ethernet.delftblue:1452826] mca_base_component_repository_open: unable to open mca_rcache_rgpusm: libcuda.so.1: cannot open shared object file: No such file or directory (ignored)
[cmp221.ethernet.delftblue:1452820] mca_base_component_repository_open: unable to open mca_accelerator_cuda: libcuda.so.1: cannot open shared object file: No such file or directory (ignored)
[cmp221.ethernet.delftblue:1452826] mca_base_component_repository_open: unable to open mca_btl_smcuda: libcuda.so.1: cannot open shared object file: No such file or directory (ignored)
[cmp221.ethernet.delftblue:1452818] mca_base_component_repository_open: unable to open mca_accelerator_cuda: libcuda.so.1: cannot open shared object file: No such file or directory (ignored)
[cmp221.ethernet.delftblue:1452827] mca_base_component_repository_open: unable to open mca_rcache_gpusm: libcuda.so.1: cannot open shared object file: No such file or directory (ignored)
[cmp221.ethernet.delftblue:1452825] mca_base_component_repository_open: unable to open mca_rcache_gpusm: libcuda.so.1: cannot open shared object file: No such file or directory (ignored)
[cmp221.ethernet.delftblue:1452827] mca_base_component_repository_open: unable to open mca_rcache_rgpusm: libcuda.so.1: cannot open shared object file: No such file or directory (ignored)
[cmp221.ethernet.delftblue:1452825] mca_base_component_repository_open: unable to open mca_rcache_rgpusm: libcuda.so.1: cannot open shared object file: No such file or directory (ignored)
[cmp221.ethernet.delftblue:1452827] mca_base_component_repository_open: unable to open mca_btl_smcuda: libcuda.so.1: cannot open shared object file: No such file or directory (ignored)
[cmp221.ethernet.delftblue:1452825] mca_base_component_repository_open: unable to open mca_btl_smcuda: libcuda.so.1: cannot open shared object file: No such file or directory (ignored)
[cmp221.ethernet.delftblue:1452824] mca_base_component_repository_open: unable to open mca_accelerator_cuda: libcuda.so.1: cannot open shared object file: No such file or directory (ignored)
[cmp221.ethernet.delftblue:1452819] mca_base_component_repository_open: unable to open mca_rcache_gpusm: libcuda.so.1: cannot open shared object file: No such file or directory (ignored)
[cmp221.ethernet.delftblue:1452822] mca_base_component_repository_open: unable to open mca_rcache_gpusm: libcuda.so.1: cannot open shared object file: No such file or directory (ignored)
[cmp221.ethernet.delftblue:1452823] mca_base_component_repository_open: unable to open mca_rcache_gpusm: libcuda.so.1: cannot open shared object file: No such file or directory (ignored)
[cmp221.ethernet.delftblue:1452822] mca_base_component_repository_open: unable to open mca_rcache_rgpusm: libcuda.so.1: cannot open shared object file: No such file or directory (ignored)
[cmp221.ethernet.delftblue:1452821] mca_base_component_repository_open: unable to open mca_rcache_gpusm: libcuda.so.1: cannot open shared object file: No such file or directory (ignored)
[cmp221.ethernet.delftblue:1452823] mca_base_component_repository_open: unable to open mca_rcache_rgpusm: libcuda.so.1: cannot open shared object file: No such file or directory (ignored)
[cmp221.ethernet.delftblue:1452822] mca_base_component_repository_open: unable to open mca_btl_smcuda: libcuda.so.1: cannot open shared object file: No such file or directory (ignored)
[cmp221.ethernet.delftblue:1452821] mca_base_component_repository_open: unable to open mca_rcache_rgpusm: libcuda.so.1: cannot open shared object file: No such file or directory (ignored)
[cmp221.ethernet.delftblue:1452823] mca_base_component_repository_open: unable to open mca_btl_smcuda: libcuda.so.1: cannot open shared object file: No such file or directory (ignored)
[cmp221.ethernet.delftblue:1452821] mca_base_component_repository_open: unable to open mca_btl_smcuda: libcuda.so.1: cannot open shared object file: No such file or directory (ignored)
[cmp221.ethernet.delftblue:1452819] mca_base_component_repository_open: unable to open mca_rcache_rgpusm: libcuda.so.1: cannot open shared object file: No such file or directory (ignored)
[cmp221.ethernet.delftblue:1452819] mca_base_component_repository_open: unable to open mca_btl_smcuda: libcuda.so.1: cannot open shared object file: No such file or directory (ignored)
[cmp221.ethernet.delftblue:1452820] mca_base_component_repository_open: unable to open mca_rcache_gpusm: libcuda.so.1: cannot open shared object file: No such file or directory (ignored)
[cmp221.ethernet.delftblue:1452824] mca_base_component_repository_open: unable to open mca_rcache_gpusm: libcuda.so.1: cannot open shared object file: No such file or directory (ignored)
[cmp221.ethernet.delftblue:1452820] mca_base_component_repository_open: unable to open mca_rcache_rgpusm: libcuda.so.1: cannot open shared object file: No such file or directory (ignored)
[cmp221.ethernet.delftblue:1452824] mca_base_component_repository_open: unable to open mca_rcache_rgpusm: libcuda.so.1: cannot open shared object file: No such file or directory (ignored)
[cmp221.ethernet.delftblue:1452820] mca_base_component_repository_open: unable to open mca_btl_smcuda: libcuda.so.1: cannot open shared object file: No such file or directory (ignored)
[cmp221.ethernet.delftblue:1452824] mca_base_component_repository_open: unable to open mca_btl_smcuda: libcuda.so.1: cannot open shared object file: No such file or directory (ignored)
[cmp221.ethernet.delftblue:1452818] mca_base_component_repository_open: unable to open mca_rcache_gpusm: libcuda.so.1: cannot open shared object file: No such file or directory (ignored)
[cmp221.ethernet.delftblue:1452818] mca_base_component_repository_open: unable to open mca_rcache_rgpusm: libcuda.so.1: cannot open shared object file: No such file or directory (ignored)
[cmp221.ethernet.delftblue:1452818] mca_base_component_repository_open: unable to open mca_btl_smcuda: libcuda.so.1: cannot open shared object file: No such file or directory (ignored)
[cmp221.ethernet.delftblue:1452963] mca_base_component_repository_open: unable to open mca_accelerator_cuda: libcuda.so.1: cannot open shared object file: No such file or directory (ignored)
[cmp221.ethernet.delftblue:1452957] mca_base_component_repository_open: unable to open mca_accelerator_cuda: libcuda.so.1: cannot open shared object file: No such file or directory (ignored)
[cmp221.ethernet.delftblue:1452960] mca_base_component_repository_open: unable to open mca_accelerator_cuda: libcuda.so.1: cannot open shared object file: No such file or directory (ignored)
[cmp221.ethernet.delftblue:1452961] mca_base_component_repository_open: unable to open mca_accelerator_cuda: libcuda.so.1: cannot open shared object file: No such file or directory (ignored)
[cmp221.ethernet.delftblue:1452964] mca_base_component_repository_open: unable to open mca_accelerator_cuda: libcuda.so.1: cannot open shared object file: No such file or directory (ignored)
[cmp221.ethernet.delftblue:1452962] mca_base_component_repository_open: unable to open mca_accelerator_cuda: libcuda.so.1: cannot open shared object file: No such file or directory (ignored)
[cmp221.ethernet.delftblue:1452954] mca_base_component_repository_open: unable to open mca_accelerator_cuda: libcuda.so.1: cannot open shared object file: No such file or directory (ignored)
[cmp221.ethernet.delftblue:1452956] mca_base_component_repository_open: unable to open mca_accelerator_cuda: libcuda.so.1: cannot open shared object file: No such file or directory (ignored)
[cmp221.ethernet.delftblue:1452958] mca_base_component_repository_open: unable to open mca_accelerator_cuda: libcuda.so.1: cannot open shared object file: No such file or directory (ignored)
[cmp221.ethernet.delftblue:1452955] mca_base_component_repository_open: unable to open mca_accelerator_cuda: libcuda.so.1: cannot open shared object file: No such file or directory (ignored)
[cmp221.ethernet.delftblue:1452959] mca_base_component_repository_open: unable to open mca_accelerator_cuda: libcuda.so.1: cannot open shared object file: No such file or directory (ignored)
[cmp221.ethernet.delftblue:1452953] mca_base_component_repository_open: unable to open mca_accelerator_cuda: libcuda.so.1: cannot open shared object file: No such file or directory (ignored)
[cmp221.ethernet.delftblue:1452963] mca_base_component_repository_open: unable to open mca_rcache_gpusm: libcuda.so.1: cannot open shared object file: No such file or directory (ignored)
[cmp221.ethernet.delftblue:1452963] mca_base_component_repository_open: unable to open mca_rcache_rgpusm: libcuda.so.1: cannot open shared object file: No such file or directory (ignored)
[cmp221.ethernet.delftblue:1452963] mca_base_component_repository_open: unable to open mca_btl_smcuda: libcuda.so.1: cannot open shared object file: No such file or directory (ignored)
[cmp221.ethernet.delftblue:1452960] mca_base_component_repository_open: unable to open mca_rcache_gpusm: libcuda.so.1: cannot open shared object file: No such file or directory (ignored)
[cmp221.ethernet.delftblue:1452957] mca_base_component_repository_open: unable to open mca_rcache_gpusm: libcuda.so.1: cannot open shared object file: No such file or directory (ignored)
[cmp221.ethernet.delftblue:1452961] mca_base_component_repository_open: unable to open mca_rcache_gpusm: libcuda.so.1: cannot open shared object file: No such file or directory (ignored)
[cmp221.ethernet.delftblue:1452964] mca_base_component_repository_open: unable to open mca_rcache_gpusm: libcuda.so.1: cannot open shared object file: No such file or directory (ignored)
[cmp221.ethernet.delftblue:1452960] mca_base_component_repository_open: unable to open mca_rcache_rgpusm: libcuda.so.1: cannot open shared object file: No such file or directory (ignored)
[cmp221.ethernet.delftblue:1452957] mca_base_component_repository_open: unable to open mca_rcache_rgpusm: libcuda.so.1: cannot open shared object file: No such file or directory (ignored)
[cmp221.ethernet.delftblue:1452964] mca_base_component_repository_open: unable to open mca_rcache_rgpusm: libcuda.so.1: cannot open shared object file: No such file or directory (ignored)
[cmp221.ethernet.delftblue:1452960] mca_base_component_repository_open: unable to open mca_btl_smcuda: libcuda.so.1: cannot open shared object file: No such file or directory (ignored)
[cmp221.ethernet.delftblue:1452957] mca_base_component_repository_open: unable to open mca_btl_smcuda: libcuda.so.1: cannot open shared object file: No such file or directory (ignored)
[cmp221.ethernet.delftblue:1452964] mca_base_component_repository_open: unable to open mca_btl_smcuda: libcuda.so.1: cannot open shared object file: No such file or directory (ignored)
[cmp221.ethernet.delftblue:1452961] mca_base_component_repository_open: unable to open mca_rcache_rgpusm: libcuda.so.1: cannot open shared object file: No such file or directory (ignored)
[cmp221.ethernet.delftblue:1452961] mca_base_component_repository_open: unable to open mca_btl_smcuda: libcuda.so.1: cannot open shared object file: No such file or directory (ignored)
[cmp221.ethernet.delftblue:1452962] mca_base_component_repository_open: unable to open mca_rcache_gpusm: libcuda.so.1: cannot open shared object file: No such file or directory (ignored)
[cmp221.ethernet.delftblue:1452962] mca_base_component_repository_open: unable to open mca_rcache_rgpusm: libcuda.so.1: cannot open shared object file: No such file or directory (ignored)
[cmp221.ethernet.delftblue:1452962] mca_base_component_repository_open: unable to open mca_btl_smcuda: libcuda.so.1: cannot open shared object file: No such file or directory (ignored)
[cmp221.ethernet.delftblue:1452954] mca_base_component_repository_open: unable to open mca_rcache_gpusm: libcuda.so.1: cannot open shared object file: No such file or directory (ignored)
[cmp221.ethernet.delftblue:1452954] mca_base_component_repository_open: unable to open mca_rcache_rgpusm: libcuda.so.1: cannot open shared object file: No such file or directory (ignored)
[cmp221.ethernet.delftblue:1452954] mca_base_component_repository_open: unable to open mca_btl_smcuda: libcuda.so.1: cannot open shared object file: No such file or directory (ignored)
[cmp221.ethernet.delftblue:1452955] mca_base_component_repository_open: unable to open mca_rcache_gpusm: libcuda.so.1: cannot open shared object file: No such file or directory (ignored)
[cmp221.ethernet.delftblue:1452958] mca_base_component_repository_open: unable to open mca_rcache_gpusm: libcuda.so.1: cannot open shared object file: No such file or directory (ignored)
[cmp221.ethernet.delftblue:1452959] mca_base_component_repository_open: unable to open mca_rcache_gpusm: libcuda.so.1: cannot open shared object file: No such file or directory (ignored)
[cmp221.ethernet.delftblue:1452955] mca_base_component_repository_open: unable to open mca_rcache_rgpusm: libcuda.so.1: cannot open shared object file: No such file or directory (ignored)
[cmp221.ethernet.delftblue:1452958] mca_base_component_repository_open: unable to open mca_rcache_rgpusm: libcuda.so.1: cannot open shared object file: No such file or directory (ignored)
[cmp221.ethernet.delftblue:1452959] mca_base_component_repository_open: unable to open mca_rcache_rgpusm: libcuda.so.1: cannot open shared object file: No such file or directory (ignored)
[cmp221.ethernet.delftblue:1452956] mca_base_component_repository_open: unable to open mca_rcache_gpusm: libcuda.so.1: cannot open shared object file: No such file or directory (ignored)
[cmp221.ethernet.delftblue:1452955] mca_base_component_repository_open: unable to open mca_btl_smcuda: libcuda.so.1: cannot open shared object file: No such file or directory (ignored)
[cmp221.ethernet.delftblue:1452958] mca_base_component_repository_open: unable to open mca_btl_smcuda: libcuda.so.1: cannot open shared object file: No such file or directory (ignored)
[cmp221.ethernet.delftblue:1452953] mca_base_component_repository_open: unable to open mca_rcache_gpusm: libcuda.so.1: cannot open shared object file: No such file or directory (ignored)
[cmp221.ethernet.delftblue:1452959] mca_base_component_repository_open: unable to open mca_btl_smcuda: libcuda.so.1: cannot open shared object file: No such file or directory (ignored)
[cmp221.ethernet.delftblue:1452956] mca_base_component_repository_open: unable to open mca_rcache_rgpusm: libcuda.so.1: cannot open shared object file: No such file or directory (ignored)
[cmp221.ethernet.delftblue:1452953] mca_base_component_repository_open: unable to open mca_rcache_rgpusm: libcuda.so.1: cannot open shared object file: No such file or directory (ignored)
[cmp221.ethernet.delftblue:1452956] mca_base_component_repository_open: unable to open mca_btl_smcuda: libcuda.so.1: cannot open shared object file: No such file or directory (ignored)
[cmp221.ethernet.delftblue:1452953] mca_base_component_repository_open: unable to open mca_btl_smcuda: libcuda.so.1: cannot open shared object file: No such file or directory (ignored)
[cmp221.ethernet.delftblue:1453118] mca_base_component_repository_open: unable to open mca_accelerator_cuda: libcuda.so.1: cannot open shared object file: No such file or directory (ignored)
[cmp221.ethernet.delftblue:1453122] mca_base_component_repository_open: unable to open mca_accelerator_cuda: libcuda.so.1: cannot open shared object file: No such file or directory (ignored)
[cmp221.ethernet.delftblue:1453114] mca_base_component_repository_open: unable to open mca_accelerator_cuda: libcuda.so.1: cannot open shared object file: No such file or directory (ignored)
[cmp221.ethernet.delftblue:1453120] mca_base_component_repository_open: unable to open mca_accelerator_cuda: libcuda.so.1: cannot open shared object file: No such file or directory (ignored)
[cmp221.ethernet.delftblue:1453119] mca_base_component_repository_open: unable to open mca_accelerator_cuda: libcuda.so.1: cannot open shared object file: No such file or directory (ignored)
[cmp221.ethernet.delftblue:1453123] mca_base_component_repository_open: unable to open mca_accelerator_cuda: libcuda.so.1: cannot open shared object file: No such file or directory (ignored)
[cmp221.ethernet.delftblue:1453117] mca_base_component_repository_open: unable to open mca_accelerator_cuda: libcuda.so.1: cannot open shared object file: No such file or directory (ignored)
[cmp221.ethernet.delftblue:1453121] mca_base_component_repository_open: unable to open mca_accelerator_cuda: libcuda.so.1: cannot open shared object file: No such file or directory (ignored)
[cmp221.ethernet.delftblue:1453116] mca_base_component_repository_open: unable to open mca_accelerator_cuda: libcuda.so.1: cannot open shared object file: No such file or directory (ignored)
[cmp221.ethernet.delftblue:1453110] mca_base_component_repository_open: unable to open mca_accelerator_cuda: libcuda.so.1: cannot open shared object file: No such file or directory (ignored)
[cmp221.ethernet.delftblue:1453115] mca_base_component_repository_open: unable to open mca_accelerator_cuda: libcuda.so.1: cannot open shared object file: No such file or directory (ignored)
[cmp221.ethernet.delftblue:1453113] mca_base_component_repository_open: unable to open mca_accelerator_cuda: libcuda.so.1: cannot open shared object file: No such file or directory (ignored)
[cmp221.ethernet.delftblue:1453111] mca_base_component_repository_open: unable to open mca_accelerator_cuda: libcuda.so.1: cannot open shared object file: No such file or directory (ignored)
[cmp221.ethernet.delftblue:1453112] mca_base_component_repository_open: unable to open mca_accelerator_cuda: libcuda.so.1: cannot open shared object file: No such file or directory (ignored)
[cmp221.ethernet.delftblue:1453114] mca_base_component_repository_open: unable to open mca_rcache_gpusm: libcuda.so.1: cannot open shared object file: No such file or directory (ignored)
[cmp221.ethernet.delftblue:1453114] mca_base_component_repository_open: unable to open mca_rcache_rgpusm: libcuda.so.1: cannot open shared object file: No such file or directory (ignored)
[cmp221.ethernet.delftblue:1453114] mca_base_component_repository_open: unable to open mca_btl_smcuda: libcuda.so.1: cannot open shared object file: No such file or directory (ignored)
[cmp221.ethernet.delftblue:1453122] mca_base_component_repository_open: unable to open mca_rcache_gpusm: libcuda.so.1: cannot open shared object file: No such file or directory (ignored)
[cmp221.ethernet.delftblue:1453122] mca_base_component_repository_open: unable to open mca_rcache_rgpusm: libcuda.so.1: cannot open shared object file: No such file or directory (ignored)
[cmp221.ethernet.delftblue:1453122] mca_base_component_repository_open: unable to open mca_btl_smcuda: libcuda.so.1: cannot open shared object file: No such file or directory (ignored)
[cmp221.ethernet.delftblue:1453118] mca_base_component_repository_open: unable to open mca_rcache_gpusm: libcuda.so.1: cannot open shared object file: No such file or directory (ignored)
[cmp221.ethernet.delftblue:1453118] mca_base_component_repository_open: unable to open mca_rcache_rgpusm: libcuda.so.1: cannot open shared object file: No such file or directory (ignored)
[cmp221.ethernet.delftblue:1453118] mca_base_component_repository_open: unable to open mca_btl_smcuda: libcuda.so.1: cannot open shared object file: No such file or directory (ignored)
[cmp221.ethernet.delftblue:1453119] mca_base_component_repository_open: unable to open mca_rcache_gpusm: libcuda.so.1: cannot open shared object file: No such file or directory (ignored)
[cmp221.ethernet.delftblue:1453120] mca_base_component_repository_open: unable to open mca_rcache_gpusm: libcuda.so.1: cannot open shared object file: No such file or directory (ignored)
[cmp221.ethernet.delftblue:1453123] mca_base_component_repository_open: unable to open mca_rcache_gpusm: libcuda.so.1: cannot open shared object file: No such file or directory (ignored)
[cmp221.ethernet.delftblue:1453119] mca_base_component_repository_open: unable to open mca_rcache_rgpusm: libcuda.so.1: cannot open shared object file: No such file or directory (ignored)
[cmp221.ethernet.delftblue:1453120] mca_base_component_repository_open: unable to open mca_rcache_rgpusm: libcuda.so.1: cannot open shared object file: No such file or directory (ignored)
[cmp221.ethernet.delftblue:1453123] mca_base_component_repository_open: unable to open mca_rcache_rgpusm: libcuda.so.1: cannot open shared object file: No such file or directory (ignored)
[cmp221.ethernet.delftblue:1453119] mca_base_component_repository_open: unable to open mca_btl_smcuda: libcuda.so.1: cannot open shared object file: No such file or directory (ignored)
[cmp221.ethernet.delftblue:1453120] mca_base_component_repository_open: unable to open mca_btl_smcuda: libcuda.so.1: cannot open shared object file: No such file or directory (ignored)
[cmp221.ethernet.delftblue:1453123] mca_base_component_repository_open: unable to open mca_btl_smcuda: libcuda.so.1: cannot open shared object file: No such file or directory (ignored)
[cmp221.ethernet.delftblue:1453117] mca_base_component_repository_open: unable to open mca_rcache_gpusm: libcuda.so.1: cannot open shared object file: No such file or directory (ignored)
[cmp221.ethernet.delftblue:1453121] mca_base_component_repository_open: unable to open mca_rcache_gpusm: libcuda.so.1: cannot open shared object file: No such file or directory (ignored)
[cmp221.ethernet.delftblue:1453117] mca_base_component_repository_open: unable to open mca_rcache_rgpusm: libcuda.so.1: cannot open shared object file: No such file or directory (ignored)
[cmp221.ethernet.delftblue:1453121] mca_base_component_repository_open: unable to open mca_rcache_rgpusm: libcuda.so.1: cannot open shared object file: No such file or directory (ignored)
[cmp221.ethernet.delftblue:1453117] mca_base_component_repository_open: unable to open mca_btl_smcuda: libcuda.so.1: cannot open shared object file: No such file or directory (ignored)
[cmp221.ethernet.delftblue:1453121] mca_base_component_repository_open: unable to open mca_btl_smcuda: libcuda.so.1: cannot open shared object file: No such file or directory (ignored)
[cmp221.ethernet.delftblue:1453116] mca_base_component_repository_open: unable to open mca_rcache_gpusm: libcuda.so.1: cannot open shared object file: No such file or directory (ignored)
[cmp221.ethernet.delftblue:1453116] mca_base_component_repository_open: unable to open mca_rcache_rgpusm: libcuda.so.1: cannot open shared object file: No such file or directory (ignored)
[cmp221.ethernet.delftblue:1453116] mca_base_component_repository_open: unable to open mca_btl_smcuda: libcuda.so.1: cannot open shared object file: No such file or directory (ignored)
[cmp221.ethernet.delftblue:1453110] mca_base_component_repository_open: unable to open mca_rcache_gpusm: libcuda.so.1: cannot open shared object file: No such file or directory (ignored)
[cmp221.ethernet.delftblue:1453110] mca_base_component_repository_open: unable to open mca_rcache_rgpusm: libcuda.so.1: cannot open shared object file: No such file or directory (ignored)
[cmp221.ethernet.delftblue:1453110] mca_base_component_repository_open: unable to open mca_btl_smcuda: libcuda.so.1: cannot open shared object file: No such file or directory (ignored)
[cmp221.ethernet.delftblue:1453111] mca_base_component_repository_open: unable to open mca_rcache_gpusm: libcuda.so.1: cannot open shared object file: No such file or directory (ignored)
[cmp221.ethernet.delftblue:1453115] mca_base_component_repository_open: unable to open mca_rcache_gpusm: libcuda.so.1: cannot open shared object file: No such file or directory (ignored)
[cmp221.ethernet.delftblue:1453111] mca_base_component_repository_open: unable to open mca_rcache_rgpusm: libcuda.so.1: cannot open shared object file: No such file or directory (ignored)
[cmp221.ethernet.delftblue:1453115] mca_base_component_repository_open: unable to open mca_rcache_rgpusm: libcuda.so.1: cannot open shared object file: No such file or directory (ignored)
[cmp221.ethernet.delftblue:1453113] mca_base_component_repository_open: unable to open mca_rcache_gpusm: libcuda.so.1: cannot open shared object file: No such file or directory (ignored)
[cmp221.ethernet.delftblue:1453111] mca_base_component_repository_open: unable to open mca_btl_smcuda: libcuda.so.1: cannot open shared object file: No such file or directory (ignored)
[cmp221.ethernet.delftblue:1453115] mca_base_component_repository_open: unable to open mca_btl_smcuda: libcuda.so.1: cannot open shared object file: No such file or directory (ignored)
[cmp221.ethernet.delftblue:1453113] mca_base_component_repository_open: unable to open mca_rcache_rgpusm: libcuda.so.1: cannot open shared object file: No such file or directory (ignored)
[cmp221.ethernet.delftblue:1453113] mca_base_component_repository_open: unable to open mca_btl_smcuda: libcuda.so.1: cannot open shared object file: No such file or directory (ignored)
[cmp221.ethernet.delftblue:1453112] mca_base_component_repository_open: unable to open mca_rcache_gpusm: libcuda.so.1: cannot open shared object file: No such file or directory (ignored)
[cmp221.ethernet.delftblue:1453112] mca_base_component_repository_open: unable to open mca_rcache_rgpusm: libcuda.so.1: cannot open shared object file: No such file or directory (ignored)
[cmp221.ethernet.delftblue:1453112] mca_base_component_repository_open: unable to open mca_btl_smcuda: libcuda.so.1: cannot open shared object file: No such file or directory (ignored)
[cmp221.ethernet.delftblue:1453294] mca_base_component_repository_open: unable to open mca_accelerator_cuda: libcuda.so.1: cannot open shared object file: No such file or directory (ignored)
[cmp221.ethernet.delftblue:1453288] mca_base_component_repository_open: unable to open mca_accelerator_cuda: libcuda.so.1: cannot open shared object file: No such file or directory (ignored)
[cmp221.ethernet.delftblue:1453286] mca_base_component_repository_open: unable to open mca_accelerator_cuda: libcuda.so.1: cannot open shared object file: No such file or directory (ignored)
[cmp221.ethernet.delftblue:1453291] mca_base_component_repository_open: unable to open mca_accelerator_cuda: libcuda.so.1: cannot open shared object file: No such file or directory (ignored)
[cmp221.ethernet.delftblue:1453294] mca_base_component_repository_open: unable to open mca_rcache_gpusm: libcuda.so.1: cannot open shared object file: No such file or directory (ignored)
[cmp221.ethernet.delftblue:1453293] mca_base_component_repository_open: unable to open mca_accelerator_cuda: libcuda.so.1: cannot open shared object file: No such file or directory (ignored)
[cmp221.ethernet.delftblue:1453294] mca_base_component_repository_open: unable to open mca_rcache_rgpusm: libcuda.so.1: cannot open shared object file: No such file or directory (ignored)
[cmp221.ethernet.delftblue:1453297] mca_base_component_repository_open: unable to open mca_accelerator_cuda: libcuda.so.1: cannot open shared object file: No such file or directory (ignored)
[cmp221.ethernet.delftblue:1453288] mca_base_component_repository_open: unable to open mca_rcache_gpusm: libcuda.so.1: cannot open shared object file: No such file or directory (ignored)
[cmp221.ethernet.delftblue:1453294] mca_base_component_repository_open: unable to open mca_btl_smcuda: libcuda.so.1: cannot open shared object file: No such file or directory (ignored)
[cmp221.ethernet.delftblue:1453288] mca_base_component_repository_open: unable to open mca_rcache_rgpusm: libcuda.so.1: cannot open shared object file: No such file or directory (ignored)
[cmp221.ethernet.delftblue:1453288] mca_base_component_repository_open: unable to open mca_btl_smcuda: libcuda.so.1: cannot open shared object file: No such file or directory (ignored)
[cmp221.ethernet.delftblue:1453298] mca_base_component_repository_open: unable to open mca_accelerator_cuda: libcuda.so.1: cannot open shared object file: No such file or directory (ignored)
[cmp221.ethernet.delftblue:1453292] mca_base_component_repository_open: unable to open mca_accelerator_cuda: libcuda.so.1: cannot open shared object file: No such file or directory (ignored)
[cmp221.ethernet.delftblue:1453290] mca_base_component_repository_open: unable to open mca_accelerator_cuda: libcuda.so.1: cannot open shared object file: No such file or directory (ignored)
[cmp221.ethernet.delftblue:1453289] mca_base_component_repository_open: unable to open mca_accelerator_cuda: libcuda.so.1: cannot open shared object file: No such file or directory (ignored)
[cmp221.ethernet.delftblue:1453299] mca_base_component_repository_open: unable to open mca_accelerator_cuda: libcuda.so.1: cannot open shared object file: No such file or directory (ignored)
[cmp221.ethernet.delftblue:1453295] mca_base_component_repository_open: unable to open mca_accelerator_cuda: libcuda.so.1: cannot open shared object file: No such file or directory (ignored)
[cmp221.ethernet.delftblue:1453296] mca_base_component_repository_open: unable to open mca_accelerator_cuda: libcuda.so.1: cannot open shared object file: No such file or directory (ignored)
[cmp221.ethernet.delftblue:1453284] mca_base_component_repository_open: unable to open mca_accelerator_cuda: libcuda.so.1: cannot open shared object file: No such file or directory (ignored)
[cmp221.ethernet.delftblue:1453287] mca_base_component_repository_open: unable to open mca_accelerator_cuda: libcuda.so.1: cannot open shared object file: No such file or directory (ignored)
[cmp221.ethernet.delftblue:1453285] mca_base_component_repository_open: unable to open mca_accelerator_cuda: libcuda.so.1: cannot open shared object file: No such file or directory (ignored)
[cmp221.ethernet.delftblue:1453286] mca_base_component_repository_open: unable to open mca_rcache_gpusm: libcuda.so.1: cannot open shared object file: No such file or directory (ignored)
[cmp221.ethernet.delftblue:1453286] mca_base_component_repository_open: unable to open mca_rcache_rgpusm: libcuda.so.1: cannot open shared object file: No such file or directory (ignored)
[cmp221.ethernet.delftblue:1453286] mca_base_component_repository_open: unable to open mca_btl_smcuda: libcuda.so.1: cannot open shared object file: No such file or directory (ignored)
[cmp221.ethernet.delftblue:1453293] mca_base_component_repository_open: unable to open mca_rcache_gpusm: libcuda.so.1: cannot open shared object file: No such file or directory (ignored)
[cmp221.ethernet.delftblue:1453291] mca_base_component_repository_open: unable to open mca_rcache_gpusm: libcuda.so.1: cannot open shared object file: No such file or directory (ignored)
[cmp221.ethernet.delftblue:1453293] mca_base_component_repository_open: unable to open mca_rcache_rgpusm: libcuda.so.1: cannot open shared object file: No such file or directory (ignored)
[cmp221.ethernet.delftblue:1453291] mca_base_component_repository_open: unable to open mca_rcache_rgpusm: libcuda.so.1: cannot open shared object file: No such file or directory (ignored)
[cmp221.ethernet.delftblue:1453297] mca_base_component_repository_open: unable to open mca_rcache_gpusm: libcuda.so.1: cannot open shared object file: No such file or directory (ignored)
[cmp221.ethernet.delftblue:1453293] mca_base_component_repository_open: unable to open mca_btl_smcuda: libcuda.so.1: cannot open shared object file: No such file or directory (ignored)
[cmp221.ethernet.delftblue:1453291] mca_base_component_repository_open: unable to open mca_btl_smcuda: libcuda.so.1: cannot open shared object file: No such file or directory (ignored)
[cmp221.ethernet.delftblue:1453297] mca_base_component_repository_open: unable to open mca_rcache_rgpusm: libcuda.so.1: cannot open shared object file: No such file or directory (ignored)
[cmp221.ethernet.delftblue:1453297] mca_base_component_repository_open: unable to open mca_btl_smcuda: libcuda.so.1: cannot open shared object file: No such file or directory (ignored)
[cmp221.ethernet.delftblue:1453298] mca_base_component_repository_open: unable to open mca_rcache_gpusm: libcuda.so.1: cannot open shared object file: No such file or directory (ignored)
[cmp221.ethernet.delftblue:1453298] mca_base_component_repository_open: unable to open mca_rcache_rgpusm: libcuda.so.1: cannot open shared object file: No such file or directory (ignored)
[cmp221.ethernet.delftblue:1453298] mca_base_component_repository_open: unable to open mca_btl_smcuda: libcuda.so.1: cannot open shared object file: No such file or directory (ignored)
[cmp221.ethernet.delftblue:1453289] mca_base_component_repository_open: unable to open mca_rcache_gpusm: libcuda.so.1: cannot open shared object file: No such file or directory (ignored)
[cmp221.ethernet.delftblue:1453289] mca_base_component_repository_open: unable to open mca_rcache_rgpusm: libcuda.so.1: cannot open shared object file: No such file or directory (ignored)
[cmp221.ethernet.delftblue:1453289] mca_base_component_repository_open: unable to open mca_btl_smcuda: libcuda.so.1: cannot open shared object file: No such file or directory (ignored)
[cmp221.ethernet.delftblue:1453299] mca_base_component_repository_open: unable to open mca_rcache_gpusm: libcuda.so.1: cannot open shared object file: No such file or directory (ignored)
[cmp221.ethernet.delftblue:1453295] mca_base_component_repository_open: unable to open mca_rcache_gpusm: libcuda.so.1: cannot open shared object file: No such file or directory (ignored)
[cmp221.ethernet.delftblue:1453299] mca_base_component_repository_open: unable to open mca_rcache_rgpusm: libcuda.so.1: cannot open shared object file: No such file or directory (ignored)
[cmp221.ethernet.delftblue:1453295] mca_base_component_repository_open: unable to open mca_rcache_rgpusm: libcuda.so.1: cannot open shared object file: No such file or directory (ignored)
[cmp221.ethernet.delftblue:1453299] mca_base_component_repository_open: unable to open mca_btl_smcuda: libcuda.so.1: cannot open shared object file: No such file or directory (ignored)
[cmp221.ethernet.delftblue:1453295] mca_base_component_repository_open: unable to open mca_btl_smcuda: libcuda.so.1: cannot open shared object file: No such file or directory (ignored)
[cmp221.ethernet.delftblue:1453292] mca_base_component_repository_open: unable to open mca_rcache_gpusm: libcuda.so.1: cannot open shared object file: No such file or directory (ignored)
[cmp221.ethernet.delftblue:1453290] mca_base_component_repository_open: unable to open mca_rcache_gpusm: libcuda.so.1: cannot open shared object file: No such file or directory (ignored)
[cmp221.ethernet.delftblue:1453296] mca_base_component_repository_open: unable to open mca_rcache_gpusm: libcuda.so.1: cannot open shared object file: No such file or directory (ignored)
[cmp221.ethernet.delftblue:1453285] mca_base_component_repository_open: unable to open mca_rcache_gpusm: libcuda.so.1: cannot open shared object file: No such file or directory (ignored)
[cmp221.ethernet.delftblue:1453292] mca_base_component_repository_open: unable to open mca_rcache_rgpusm: libcuda.so.1: cannot open shared object file: No such file or directory (ignored)
[cmp221.ethernet.delftblue:1453290] mca_base_component_repository_open: unable to open mca_rcache_rgpusm: libcuda.so.1: cannot open shared object file: No such file or directory (ignored)
[cmp221.ethernet.delftblue:1453296] mca_base_component_repository_open: unable to open mca_rcache_rgpusm: libcuda.so.1: cannot open shared object file: No such file or directory (ignored)
[cmp221.ethernet.delftblue:1453284] mca_base_component_repository_open: unable to open mca_rcache_gpusm: libcuda.so.1: cannot open shared object file: No such file or directory (ignored)
[cmp221.ethernet.delftblue:1453285] mca_base_component_repository_open: unable to open mca_rcache_rgpusm: libcuda.so.1: cannot open shared object file: No such file or directory (ignored)
[cmp221.ethernet.delftblue:1453292] mca_base_component_repository_open: unable to open mca_btl_smcuda: libcuda.so.1: cannot open shared object file: No such file or directory (ignored)
[cmp221.ethernet.delftblue:1453296] mca_base_component_repository_open: unable to open mca_btl_smcuda: libcuda.so.1: cannot open shared object file: No such file or directory (ignored)
[cmp221.ethernet.delftblue:1453284] mca_base_component_repository_open: unable to open mca_rcache_rgpusm: libcuda.so.1: cannot open shared object file: No such file or directory (ignored)
[cmp221.ethernet.delftblue:1453285] mca_base_component_repository_open: unable to open mca_btl_smcuda: libcuda.so.1: cannot open shared object file: No such file or directory (ignored)
[cmp221.ethernet.delftblue:1453284] mca_base_component_repository_open: unable to open mca_btl_smcuda: libcuda.so.1: cannot open shared object file: No such file or directory (ignored)
[cmp221.ethernet.delftblue:1453287] mca_base_component_repository_open: unable to open mca_rcache_gpusm: libcuda.so.1: cannot open shared object file: No such file or directory (ignored)
[cmp221.ethernet.delftblue:1453287] mca_base_component_repository_open: unable to open mca_rcache_rgpusm: libcuda.so.1: cannot open shared object file: No such file or directory (ignored)
[cmp221.ethernet.delftblue:1453290] mca_base_component_repository_open: unable to open mca_btl_smcuda: libcuda.so.1: cannot open shared object file: No such file or directory (ignored)
[cmp221.ethernet.delftblue:1453287] mca_base_component_repository_open: unable to open mca_btl_smcuda: libcuda.so.1: cannot open shared object file: No such file or directory (ignored)
[cmp221.ethernet.delftblue:1453476] mca_base_component_repository_open: unable to open mca_accelerator_cuda: libcuda.so.1: cannot open shared object file: No such file or directory (ignored)
[cmp221.ethernet.delftblue:1453476] mca_base_component_repository_open: unable to open mca_rcache_gpusm: libcuda.so.1: cannot open shared object file: No such file or directory (ignored)
[cmp221.ethernet.delftblue:1453476] mca_base_component_repository_open: unable to open mca_rcache_rgpusm: libcuda.so.1: cannot open shared object file: No such file or directory (ignored)
[cmp221.ethernet.delftblue:1453476] mca_base_component_repository_open: unable to open mca_btl_smcuda: libcuda.so.1: cannot open shared object file: No such file or directory (ignored)
[cmp221.ethernet.delftblue:1453521] mca_base_component_repository_open: unable to open mca_accelerator_cuda: libcuda.so.1: cannot open shared object file: No such file or directory (ignored)
[cmp221.ethernet.delftblue:1453522] mca_base_component_repository_open: unable to open mca_accelerator_cuda: libcuda.so.1: cannot open shared object file: No such file or directory (ignored)
[cmp221.ethernet.delftblue:1453521] mca_base_component_repository_open: unable to open mca_rcache_gpusm: libcuda.so.1: cannot open shared object file: No such file or directory (ignored)
[cmp221.ethernet.delftblue:1453521] mca_base_component_repository_open: unable to open mca_rcache_rgpusm: libcuda.so.1: cannot open shared object file: No such file or directory (ignored)
[cmp221.ethernet.delftblue:1453522] mca_base_component_repository_open: unable to open mca_rcache_gpusm: libcuda.so.1: cannot open shared object file: No such file or directory (ignored)
[cmp221.ethernet.delftblue:1453522] mca_base_component_repository_open: unable to open mca_rcache_rgpusm: libcuda.so.1: cannot open shared object file: No such file or directory (ignored)
[cmp221.ethernet.delftblue:1453521] mca_base_component_repository_open: unable to open mca_btl_smcuda: libcuda.so.1: cannot open shared object file: No such file or directory (ignored)
[cmp221.ethernet.delftblue:1453522] mca_base_component_repository_open: unable to open mca_btl_smcuda: libcuda.so.1: cannot open shared object file: No such file or directory (ignored)
[cmp221.ethernet.delftblue:1453574] mca_base_component_repository_open: unable to open mca_accelerator_cuda: libcuda.so.1: cannot open shared object file: No such file or directory (ignored)
[cmp221.ethernet.delftblue:1453576] mca_base_component_repository_open: unable to open mca_accelerator_cuda: libcuda.so.1: cannot open shared object file: No such file or directory (ignored)
[cmp221.ethernet.delftblue:1453577] mca_base_component_repository_open: unable to open mca_accelerator_cuda: libcuda.so.1: cannot open shared object file: No such file or directory (ignored)
[cmp221.ethernet.delftblue:1453575] mca_base_component_repository_open: unable to open mca_accelerator_cuda: libcuda.so.1: cannot open shared object file: No such file or directory (ignored)
[cmp221.ethernet.delftblue:1453574] mca_base_component_repository_open: unable to open mca_rcache_gpusm: libcuda.so.1: cannot open shared object file: No such file or directory (ignored)
[cmp221.ethernet.delftblue:1453575] mca_base_component_repository_open: unable to open mca_rcache_gpusm: libcuda.so.1: cannot open shared object file: No such file or directory (ignored)
[cmp221.ethernet.delftblue:1453574] mca_base_component_repository_open: unable to open mca_rcache_rgpusm: libcuda.so.1: cannot open shared object file: No such file or directory (ignored)
[cmp221.ethernet.delftblue:1453575] mca_base_component_repository_open: unable to open mca_rcache_rgpusm: libcuda.so.1: cannot open shared object file: No such file or directory (ignored)
[cmp221.ethernet.delftblue:1453575] mca_base_component_repository_open: unable to open mca_btl_smcuda: libcuda.so.1: cannot open shared object file: No such file or directory (ignored)
[cmp221.ethernet.delftblue:1453576] mca_base_component_repository_open: unable to open mca_rcache_gpusm: libcuda.so.1: cannot open shared object file: No such file or directory (ignored)
[cmp221.ethernet.delftblue:1453577] mca_base_component_repository_open: unable to open mca_rcache_gpusm: libcuda.so.1: cannot open shared object file: No such file or directory (ignored)
[cmp221.ethernet.delftblue:1453576] mca_base_component_repository_open: unable to open mca_rcache_rgpusm: libcuda.so.1: cannot open shared object file: No such file or directory (ignored)
[cmp221.ethernet.delftblue:1453577] mca_base_component_repository_open: unable to open mca_rcache_rgpusm: libcuda.so.1: cannot open shared object file: No such file or directory (ignored)
[cmp221.ethernet.delftblue:1453576] mca_base_component_repository_open: unable to open mca_btl_smcuda: libcuda.so.1: cannot open shared object file: No such file or directory (ignored)
[cmp221.ethernet.delftblue:1453574] mca_base_component_repository_open: unable to open mca_btl_smcuda: libcuda.so.1: cannot open shared object file: No such file or directory (ignored)
[cmp221.ethernet.delftblue:1453577] mca_base_component_repository_open: unable to open mca_btl_smcuda: libcuda.so.1: cannot open shared object file: No such file or directory (ignored)
[cmp221.ethernet.delftblue:1453649] mca_base_component_repository_open: unable to open mca_accelerator_cuda: libcuda.so.1: cannot open shared object file: No such file or directory (ignored)
[cmp221.ethernet.delftblue:1453648] mca_base_component_repository_open: unable to open mca_accelerator_cuda: libcuda.so.1: cannot open shared object file: No such file or directory (ignored)
[cmp221.ethernet.delftblue:1453653] mca_base_component_repository_open: unable to open mca_accelerator_cuda: libcuda.so.1: cannot open shared object file: No such file or directory (ignored)
[cmp221.ethernet.delftblue:1453651] mca_base_component_repository_open: unable to open mca_accelerator_cuda: libcuda.so.1: cannot open shared object file: No such file or directory (ignored)
[cmp221.ethernet.delftblue:1453650] mca_base_component_repository_open: unable to open mca_accelerator_cuda: libcuda.so.1: cannot open shared object file: No such file or directory (ignored)
[cmp221.ethernet.delftblue:1453652] mca_base_component_repository_open: unable to open mca_accelerator_cuda: libcuda.so.1: cannot open shared object file: No such file or directory (ignored)
[cmp221.ethernet.delftblue:1453649] mca_base_component_repository_open: unable to open mca_rcache_gpusm: libcuda.so.1: cannot open shared object file: No such file or directory (ignored)
[cmp221.ethernet.delftblue:1453649] mca_base_component_repository_open: unable to open mca_rcache_rgpusm: libcuda.so.1: cannot open shared object file: No such file or directory (ignored)
[cmp221.ethernet.delftblue:1453649] mca_base_component_repository_open: unable to open mca_btl_smcuda: libcuda.so.1: cannot open shared object file: No such file or directory (ignored)
[cmp221.ethernet.delftblue:1453653] mca_base_component_repository_open: unable to open mca_rcache_gpusm: libcuda.so.1: cannot open shared object file: No such file or directory (ignored)
[cmp221.ethernet.delftblue:1453653] mca_base_component_repository_open: unable to open mca_rcache_rgpusm: libcuda.so.1: cannot open shared object file: No such file or directory (ignored)
[cmp221.ethernet.delftblue:1453648] mca_base_component_repository_open: unable to open mca_rcache_gpusm: libcuda.so.1: cannot open shared object file: No such file or directory (ignored)
[cmp221.ethernet.delftblue:1453653] mca_base_component_repository_open: unable to open mca_btl_smcuda: libcuda.so.1: cannot open shared object file: No such file or directory (ignored)
[cmp221.ethernet.delftblue:1453648] mca_base_component_repository_open: unable to open mca_rcache_rgpusm: libcuda.so.1: cannot open shared object file: No such file or directory (ignored)
[cmp221.ethernet.delftblue:1453651] mca_base_component_repository_open: unable to open mca_rcache_gpusm: libcuda.so.1: cannot open shared object file: No such file or directory (ignored)
[cmp221.ethernet.delftblue:1453648] mca_base_component_repository_open: unable to open mca_btl_smcuda: libcuda.so.1: cannot open shared object file: No such file or directory (ignored)
[cmp221.ethernet.delftblue:1453652] mca_base_component_repository_open: unable to open mca_rcache_gpusm: libcuda.so.1: cannot open shared object file: No such file or directory (ignored)
[cmp221.ethernet.delftblue:1453650] mca_base_component_repository_open: unable to open mca_rcache_gpusm: libcuda.so.1: cannot open shared object file: No such file or directory (ignored)
[cmp221.ethernet.delftblue:1453651] mca_base_component_repository_open: unable to open mca_rcache_rgpusm: libcuda.so.1: cannot open shared object file: No such file or directory (ignored)
[cmp221.ethernet.delftblue:1453652] mca_base_component_repository_open: unable to open mca_rcache_rgpusm: libcuda.so.1: cannot open shared object file: No such file or directory (ignored)
[cmp221.ethernet.delftblue:1453650] mca_base_component_repository_open: unable to open mca_rcache_rgpusm: libcuda.so.1: cannot open shared object file: No such file or directory (ignored)
[cmp221.ethernet.delftblue:1453651] mca_base_component_repository_open: unable to open mca_btl_smcuda: libcuda.so.1: cannot open shared object file: No such file or directory (ignored)
[cmp221.ethernet.delftblue:1453650] mca_base_component_repository_open: unable to open mca_btl_smcuda: libcuda.so.1: cannot open shared object file: No such file or directory (ignored)
[cmp221.ethernet.delftblue:1453652] mca_base_component_repository_open: unable to open mca_btl_smcuda: libcuda.so.1: cannot open shared object file: No such file or directory (ignored)
[cmp221.ethernet.delftblue:1453747] mca_base_component_repository_open: unable to open mca_accelerator_cuda: libcuda.so.1: cannot open shared object file: No such file or directory (ignored)
[cmp221.ethernet.delftblue:1453744] mca_base_component_repository_open: unable to open mca_accelerator_cuda: libcuda.so.1: cannot open shared object file: No such file or directory (ignored)
[cmp221.ethernet.delftblue:1453748] mca_base_component_repository_open: unable to open mca_accelerator_cuda: libcuda.so.1: cannot open shared object file: No such file or directory (ignored)
[cmp221.ethernet.delftblue:1453749] mca_base_component_repository_open: unable to open mca_accelerator_cuda: libcuda.so.1: cannot open shared object file: No such file or directory (ignored)
[cmp221.ethernet.delftblue:1453745] mca_base_component_repository_open: unable to open mca_accelerator_cuda: libcuda.so.1: cannot open shared object file: No such file or directory (ignored)
[cmp221.ethernet.delftblue:1453750] mca_base_component_repository_open: unable to open mca_accelerator_cuda: libcuda.so.1: cannot open shared object file: No such file or directory (ignored)
[cmp221.ethernet.delftblue:1453743] mca_base_component_repository_open: unable to open mca_accelerator_cuda: libcuda.so.1: cannot open shared object file: No such file or directory (ignored)
[cmp221.ethernet.delftblue:1453746] mca_base_component_repository_open: unable to open mca_accelerator_cuda: libcuda.so.1: cannot open shared object file: No such file or directory (ignored)
[cmp221.ethernet.delftblue:1453747] mca_base_component_repository_open: unable to open mca_rcache_gpusm: libcuda.so.1: cannot open shared object file: No such file or directory (ignored)
[cmp221.ethernet.delftblue:1453747] mca_base_component_repository_open: unable to open mca_rcache_rgpusm: libcuda.so.1: cannot open shared object file: No such file or directory (ignored)
[cmp221.ethernet.delftblue:1453747] mca_base_component_repository_open: unable to open mca_btl_smcuda: libcuda.so.1: cannot open shared object file: No such file or directory (ignored)
[cmp221.ethernet.delftblue:1453744] mca_base_component_repository_open: unable to open mca_rcache_gpusm: libcuda.so.1: cannot open shared object file: No such file or directory (ignored)
[cmp221.ethernet.delftblue:1453744] mca_base_component_repository_open: unable to open mca_rcache_rgpusm: libcuda.so.1: cannot open shared object file: No such file or directory (ignored)
[cmp221.ethernet.delftblue:1453744] mca_base_component_repository_open: unable to open mca_btl_smcuda: libcuda.so.1: cannot open shared object file: No such file or directory (ignored)
[cmp221.ethernet.delftblue:1453749] mca_base_component_repository_open: unable to open mca_rcache_gpusm: libcuda.so.1: cannot open shared object file: No such file or directory (ignored)
[cmp221.ethernet.delftblue:1453749] mca_base_component_repository_open: unable to open mca_rcache_rgpusm: libcuda.so.1: cannot open shared object file: No such file or directory (ignored)
[cmp221.ethernet.delftblue:1453749] mca_base_component_repository_open: unable to open mca_btl_smcuda: libcuda.so.1: cannot open shared object file: No such file or directory (ignored)
[cmp221.ethernet.delftblue:1453745] mca_base_component_repository_open: unable to open mca_rcache_gpusm: libcuda.so.1: cannot open shared object file: No such file or directory (ignored)
[cmp221.ethernet.delftblue:1453745] mca_base_component_repository_open: unable to open mca_rcache_rgpusm: libcuda.so.1: cannot open shared object file: No such file or directory (ignored)
[cmp221.ethernet.delftblue:1453745] mca_base_component_repository_open: unable to open mca_btl_smcuda: libcuda.so.1: cannot open shared object file: No such file or directory (ignored)
[cmp221.ethernet.delftblue:1453748] mca_base_component_repository_open: unable to open mca_rcache_gpusm: libcuda.so.1: cannot open shared object file: No such file or directory (ignored)
[cmp221.ethernet.delftblue:1453750] mca_base_component_repository_open: unable to open mca_rcache_gpusm: libcuda.so.1: cannot open shared object file: No such file or directory (ignored)
[cmp221.ethernet.delftblue:1453748] mca_base_component_repository_open: unable to open mca_rcache_rgpusm: libcuda.so.1: cannot open shared object file: No such file or directory (ignored)
[cmp221.ethernet.delftblue:1453750] mca_base_component_repository_open: unable to open mca_rcache_rgpusm: libcuda.so.1: cannot open shared object file: No such file or directory (ignored)
[cmp221.ethernet.delftblue:1453748] mca_base_component_repository_open: unable to open mca_btl_smcuda: libcuda.so.1: cannot open shared object file: No such file or directory (ignored)
[cmp221.ethernet.delftblue:1453750] mca_base_component_repository_open: unable to open mca_btl_smcuda: libcuda.so.1: cannot open shared object file: No such file or directory (ignored)
[cmp221.ethernet.delftblue:1453746] mca_base_component_repository_open: unable to open mca_rcache_gpusm: libcuda.so.1: cannot open shared object file: No such file or directory (ignored)
[cmp221.ethernet.delftblue:1453746] mca_base_component_repository_open: unable to open mca_rcache_rgpusm: libcuda.so.1: cannot open shared object file: No such file or directory (ignored)
[cmp221.ethernet.delftblue:1453746] mca_base_component_repository_open: unable to open mca_btl_smcuda: libcuda.so.1: cannot open shared object file: No such file or directory (ignored)
[cmp221.ethernet.delftblue:1453743] mca_base_component_repository_open: unable to open mca_rcache_gpusm: libcuda.so.1: cannot open shared object file: No such file or directory (ignored)
[cmp221.ethernet.delftblue:1453743] mca_base_component_repository_open: unable to open mca_rcache_rgpusm: libcuda.so.1: cannot open shared object file: No such file or directory (ignored)
[cmp221.ethernet.delftblue:1453743] mca_base_component_repository_open: unable to open mca_btl_smcuda: libcuda.so.1: cannot open shared object file: No such file or directory (ignored)
[cmp221.ethernet.delftblue:1453860] mca_base_component_repository_open: unable to open mca_accelerator_cuda: libcuda.so.1: cannot open shared object file: No such file or directory (ignored)
[cmp221.ethernet.delftblue:1453865] mca_base_component_repository_open: unable to open mca_accelerator_cuda: libcuda.so.1: cannot open shared object file: No such file or directory (ignored)
[cmp221.ethernet.delftblue:1453862] mca_base_component_repository_open: unable to open mca_accelerator_cuda: libcuda.so.1: cannot open shared object file: No such file or directory (ignored)
[cmp221.ethernet.delftblue:1453863] mca_base_component_repository_open: unable to open mca_accelerator_cuda: libcuda.so.1: cannot open shared object file: No such file or directory (ignored)
[cmp221.ethernet.delftblue:1453864] mca_base_component_repository_open: unable to open mca_accelerator_cuda: libcuda.so.1: cannot open shared object file: No such file or directory (ignored)
[cmp221.ethernet.delftblue:1453858] mca_base_component_repository_open: unable to open mca_accelerator_cuda: libcuda.so.1: cannot open shared object file: No such file or directory (ignored)
[cmp221.ethernet.delftblue:1453861] mca_base_component_repository_open: unable to open mca_accelerator_cuda: libcuda.so.1: cannot open shared object file: No such file or directory (ignored)
[cmp221.ethernet.delftblue:1453859] mca_base_component_repository_open: unable to open mca_accelerator_cuda: libcuda.so.1: cannot open shared object file: No such file or directory (ignored)
[cmp221.ethernet.delftblue:1453856] mca_base_component_repository_open: unable to open mca_accelerator_cuda: libcuda.so.1: cannot open shared object file: No such file or directory (ignored)
[cmp221.ethernet.delftblue:1453857] mca_base_component_repository_open: unable to open mca_accelerator_cuda: libcuda.so.1: cannot open shared object file: No such file or directory (ignored)
[cmp221.ethernet.delftblue:1453860] mca_base_component_repository_open: unable to open mca_rcache_gpusm: libcuda.so.1: cannot open shared object file: No such file or directory (ignored)
[cmp221.ethernet.delftblue:1453860] mca_base_component_repository_open: unable to open mca_rcache_rgpusm: libcuda.so.1: cannot open shared object file: No such file or directory (ignored)
[cmp221.ethernet.delftblue:1453860] mca_base_component_repository_open: unable to open mca_btl_smcuda: libcuda.so.1: cannot open shared object file: No such file or directory (ignored)
[cmp221.ethernet.delftblue:1453865] mca_base_component_repository_open: unable to open mca_rcache_gpusm: libcuda.so.1: cannot open shared object file: No such file or directory (ignored)
[cmp221.ethernet.delftblue:1453865] mca_base_component_repository_open: unable to open mca_rcache_rgpusm: libcuda.so.1: cannot open shared object file: No such file or directory (ignored)
[cmp221.ethernet.delftblue:1453865] mca_base_component_repository_open: unable to open mca_btl_smcuda: libcuda.so.1: cannot open shared object file: No such file or directory (ignored)
[cmp221.ethernet.delftblue:1453862] mca_base_component_repository_open: unable to open mca_rcache_gpusm: libcuda.so.1: cannot open shared object file: No such file or directory (ignored)
[cmp221.ethernet.delftblue:1453863] mca_base_component_repository_open: unable to open mca_rcache_gpusm: libcuda.so.1: cannot open shared object file: No such file or directory (ignored)
[cmp221.ethernet.delftblue:1453862] mca_base_component_repository_open: unable to open mca_rcache_rgpusm: libcuda.so.1: cannot open shared object file: No such file or directory (ignored)
[cmp221.ethernet.delftblue:1453863] mca_base_component_repository_open: unable to open mca_rcache_rgpusm: libcuda.so.1: cannot open shared object file: No such file or directory (ignored)
[cmp221.ethernet.delftblue:1453862] mca_base_component_repository_open: unable to open mca_btl_smcuda: libcuda.so.1: cannot open shared object file: No such file or directory (ignored)
[cmp221.ethernet.delftblue:1453863] mca_base_component_repository_open: unable to open mca_btl_smcuda: libcuda.so.1: cannot open shared object file: No such file or directory (ignored)
[cmp221.ethernet.delftblue:1453864] mca_base_component_repository_open: unable to open mca_rcache_gpusm: libcuda.so.1: cannot open shared object file: No such file or directory (ignored)
[cmp221.ethernet.delftblue:1453864] mca_base_component_repository_open: unable to open mca_rcache_rgpusm: libcuda.so.1: cannot open shared object file: No such file or directory (ignored)
[cmp221.ethernet.delftblue:1453864] mca_base_component_repository_open: unable to open mca_btl_smcuda: libcuda.so.1: cannot open shared object file: No such file or directory (ignored)
[cmp221.ethernet.delftblue:1453858] mca_base_component_repository_open: unable to open mca_rcache_gpusm: libcuda.so.1: cannot open shared object file: No such file or directory (ignored)
[cmp221.ethernet.delftblue:1453857] mca_base_component_repository_open: unable to open mca_rcache_gpusm: libcuda.so.1: cannot open shared object file: No such file or directory (ignored)
[cmp221.ethernet.delftblue:1453857] mca_base_component_repository_open: unable to open mca_rcache_rgpusm: libcuda.so.1: cannot open shared object file: No such file or directory (ignored)
[cmp221.ethernet.delftblue:1453857] mca_base_component_repository_open: unable to open mca_btl_smcuda: libcuda.so.1: cannot open shared object file: No such file or directory (ignored)
[cmp221.ethernet.delftblue:1453859] mca_base_component_repository_open: unable to open mca_rcache_gpusm: libcuda.so.1: cannot open shared object file: No such file or directory (ignored)
[cmp221.ethernet.delftblue:1453859] mca_base_component_repository_open: unable to open mca_rcache_rgpusm: libcuda.so.1: cannot open shared object file: No such file or directory (ignored)
[cmp221.ethernet.delftblue:1453859] mca_base_component_repository_open: unable to open mca_btl_smcuda: libcuda.so.1: cannot open shared object file: No such file or directory (ignored)
[cmp221.ethernet.delftblue:1453861] mca_base_component_repository_open: unable to open mca_rcache_gpusm: libcuda.so.1: cannot open shared object file: No such file or directory (ignored)
[cmp221.ethernet.delftblue:1453856] mca_base_component_repository_open: unable to open mca_rcache_gpusm: libcuda.so.1: cannot open shared object file: No such file or directory (ignored)
[cmp221.ethernet.delftblue:1453861] mca_base_component_repository_open: unable to open mca_rcache_rgpusm: libcuda.so.1: cannot open shared object file: No such file or directory (ignored)
[cmp221.ethernet.delftblue:1453856] mca_base_component_repository_open: unable to open mca_rcache_rgpusm: libcuda.so.1: cannot open shared object file: No such file or directory (ignored)
[cmp221.ethernet.delftblue:1453861] mca_base_component_repository_open: unable to open mca_btl_smcuda: libcuda.so.1: cannot open shared object file: No such file or directory (ignored)
[cmp221.ethernet.delftblue:1453856] mca_base_component_repository_open: unable to open mca_btl_smcuda: libcuda.so.1: cannot open shared object file: No such file or directory (ignored)
[cmp221.ethernet.delftblue:1453858] mca_base_component_repository_open: unable to open mca_rcache_rgpusm: libcuda.so.1: cannot open shared object file: No such file or directory (ignored)
[cmp221.ethernet.delftblue:1453858] mca_base_component_repository_open: unable to open mca_btl_smcuda: libcuda.so.1: cannot open shared object file: No such file or directory (ignored)
[cmp221.ethernet.delftblue:1453994] mca_base_component_repository_open: unable to open mca_accelerator_cuda: libcuda.so.1: cannot open shared object file: No such file or directory (ignored)
[cmp221.ethernet.delftblue:1453990] mca_base_component_repository_open: unable to open mca_accelerator_cuda: libcuda.so.1: cannot open shared object file: No such file or directory (ignored)
[cmp221.ethernet.delftblue:1453999] mca_base_component_repository_open: unable to open mca_accelerator_cuda: libcuda.so.1: cannot open shared object file: No such file or directory (ignored)
[cmp221.ethernet.delftblue:1453996] mca_base_component_repository_open: unable to open mca_accelerator_cuda: libcuda.so.1: cannot open shared object file: No such file or directory (ignored)
[cmp221.ethernet.delftblue:1453993] mca_base_component_repository_open: unable to open mca_accelerator_cuda: libcuda.so.1: cannot open shared object file: No such file or directory (ignored)
[cmp221.ethernet.delftblue:1453989] mca_base_component_repository_open: unable to open mca_accelerator_cuda: libcuda.so.1: cannot open shared object file: No such file or directory (ignored)
[cmp221.ethernet.delftblue:1454000] mca_base_component_repository_open: unable to open mca_accelerator_cuda: libcuda.so.1: cannot open shared object file: No such file or directory (ignored)
[cmp221.ethernet.delftblue:1453997] mca_base_component_repository_open: unable to open mca_accelerator_cuda: libcuda.so.1: cannot open shared object file: No such file or directory (ignored)
[cmp221.ethernet.delftblue:1453998] mca_base_component_repository_open: unable to open mca_accelerator_cuda: libcuda.so.1: cannot open shared object file: No such file or directory (ignored)
[cmp221.ethernet.delftblue:1453995] mca_base_component_repository_open: unable to open mca_accelerator_cuda: libcuda.so.1: cannot open shared object file: No such file or directory (ignored)
[cmp221.ethernet.delftblue:1453994] mca_base_component_repository_open: unable to open mca_rcache_gpusm: libcuda.so.1: cannot open shared object file: No such file or directory (ignored)
[cmp221.ethernet.delftblue:1453994] mca_base_component_repository_open: unable to open mca_rcache_rgpusm: libcuda.so.1: cannot open shared object file: No such file or directory (ignored)
[cmp221.ethernet.delftblue:1453994] mca_base_component_repository_open: unable to open mca_btl_smcuda: libcuda.so.1: cannot open shared object file: No such file or directory (ignored)
[cmp221.ethernet.delftblue:1453991] mca_base_component_repository_open: unable to open mca_accelerator_cuda: libcuda.so.1: cannot open shared object file: No such file or directory (ignored)
[cmp221.ethernet.delftblue:1453992] mca_base_component_repository_open: unable to open mca_accelerator_cuda: libcuda.so.1: cannot open shared object file: No such file or directory (ignored)
[cmp221.ethernet.delftblue:1453990] mca_base_component_repository_open: unable to open mca_rcache_gpusm: libcuda.so.1: cannot open shared object file: No such file or directory (ignored)
[cmp221.ethernet.delftblue:1453990] mca_base_component_repository_open: unable to open mca_rcache_rgpusm: libcuda.so.1: cannot open shared object file: No such file or directory (ignored)
[cmp221.ethernet.delftblue:1453990] mca_base_component_repository_open: unable to open mca_btl_smcuda: libcuda.so.1: cannot open shared object file: No such file or directory (ignored)
[cmp221.ethernet.delftblue:1453993] mca_base_component_repository_open: unable to open mca_rcache_gpusm: libcuda.so.1: cannot open shared object file: No such file or directory (ignored)
[cmp221.ethernet.delftblue:1453996] mca_base_component_repository_open: unable to open mca_rcache_gpusm: libcuda.so.1: cannot open shared object file: No such file or directory (ignored)
[cmp221.ethernet.delftblue:1453999] mca_base_component_repository_open: unable to open mca_rcache_gpusm: libcuda.so.1: cannot open shared object file: No such file or directory (ignored)
[cmp221.ethernet.delftblue:1453993] mca_base_component_repository_open: unable to open mca_rcache_rgpusm: libcuda.so.1: cannot open shared object file: No such file or directory (ignored)
[cmp221.ethernet.delftblue:1453996] mca_base_component_repository_open: unable to open mca_rcache_rgpusm: libcuda.so.1: cannot open shared object file: No such file or directory (ignored)
[cmp221.ethernet.delftblue:1453999] mca_base_component_repository_open: unable to open mca_rcache_rgpusm: libcuda.so.1: cannot open shared object file: No such file or directory (ignored)
[cmp221.ethernet.delftblue:1453996] mca_base_component_repository_open: unable to open mca_btl_smcuda: libcuda.so.1: cannot open shared object file: No such file or directory (ignored)
[cmp221.ethernet.delftblue:1453999] mca_base_component_repository_open: unable to open mca_btl_smcuda: libcuda.so.1: cannot open shared object file: No such file or directory (ignored)
[cmp221.ethernet.delftblue:1453993] mca_base_component_repository_open: unable to open mca_btl_smcuda: libcuda.so.1: cannot open shared object file: No such file or directory (ignored)
[cmp221.ethernet.delftblue:1454000] mca_base_component_repository_open: unable to open mca_rcache_gpusm: libcuda.so.1: cannot open shared object file: No such file or directory (ignored)
[cmp221.ethernet.delftblue:1454000] mca_base_component_repository_open: unable to open mca_rcache_rgpusm: libcuda.so.1: cannot open shared object file: No such file or directory (ignored)
[cmp221.ethernet.delftblue:1454000] mca_base_component_repository_open: unable to open mca_btl_smcuda: libcuda.so.1: cannot open shared object file: No such file or directory (ignored)
[cmp221.ethernet.delftblue:1453989] mca_base_component_repository_open: unable to open mca_rcache_gpusm: libcuda.so.1: cannot open shared object file: No such file or directory (ignored)
[cmp221.ethernet.delftblue:1453989] mca_base_component_repository_open: unable to open mca_rcache_rgpusm: libcuda.so.1: cannot open shared object file: No such file or directory (ignored)
[cmp221.ethernet.delftblue:1453989] mca_base_component_repository_open: unable to open mca_btl_smcuda: libcuda.so.1: cannot open shared object file: No such file or directory (ignored)
[cmp221.ethernet.delftblue:1453997] mca_base_component_repository_open: unable to open mca_rcache_gpusm: libcuda.so.1: cannot open shared object file: No such file or directory (ignored)
[cmp221.ethernet.delftblue:1453998] mca_base_component_repository_open: unable to open mca_rcache_gpusm: libcuda.so.1: cannot open shared object file: No such file or directory (ignored)
[cmp221.ethernet.delftblue:1453995] mca_base_component_repository_open: unable to open mca_rcache_gpusm: libcuda.so.1: cannot open shared object file: No such file or directory (ignored)
[cmp221.ethernet.delftblue:1453997] mca_base_component_repository_open: unable to open mca_rcache_rgpusm: libcuda.so.1: cannot open shared object file: No such file or directory (ignored)
[cmp221.ethernet.delftblue:1453998] mca_base_component_repository_open: unable to open mca_rcache_rgpusm: libcuda.so.1: cannot open shared object file: No such file or directory (ignored)
[cmp221.ethernet.delftblue:1453995] mca_base_component_repository_open: unable to open mca_rcache_rgpusm: libcuda.so.1: cannot open shared object file: No such file or directory (ignored)
[cmp221.ethernet.delftblue:1453997] mca_base_component_repository_open: unable to open mca_btl_smcuda: libcuda.so.1: cannot open shared object file: No such file or directory (ignored)
[cmp221.ethernet.delftblue:1453998] mca_base_component_repository_open: unable to open mca_btl_smcuda: libcuda.so.1: cannot open shared object file: No such file or directory (ignored)
[cmp221.ethernet.delftblue:1453995] mca_base_component_repository_open: unable to open mca_btl_smcuda: libcuda.so.1: cannot open shared object file: No such file or directory (ignored)
[cmp221.ethernet.delftblue:1453991] mca_base_component_repository_open: unable to open mca_rcache_gpusm: libcuda.so.1: cannot open shared object file: No such file or directory (ignored)
[cmp221.ethernet.delftblue:1453991] mca_base_component_repository_open: unable to open mca_rcache_rgpusm: libcuda.so.1: cannot open shared object file: No such file or directory (ignored)
[cmp221.ethernet.delftblue:1453991] mca_base_component_repository_open: unable to open mca_btl_smcuda: libcuda.so.1: cannot open shared object file: No such file or directory (ignored)
[cmp221.ethernet.delftblue:1453992] mca_base_component_repository_open: unable to open mca_rcache_gpusm: libcuda.so.1: cannot open shared object file: No such file or directory (ignored)
[cmp221.ethernet.delftblue:1453992] mca_base_component_repository_open: unable to open mca_rcache_rgpusm: libcuda.so.1: cannot open shared object file: No such file or directory (ignored)
[cmp221.ethernet.delftblue:1453992] mca_base_component_repository_open: unable to open mca_btl_smcuda: libcuda.so.1: cannot open shared object file: No such file or directory (ignored)
[cmp221.ethernet.delftblue:1454153] mca_base_component_repository_open: unable to open mca_accelerator_cuda: libcuda.so.1: cannot open shared object file: No such file or directory (ignored)
[cmp221.ethernet.delftblue:1454144] mca_base_component_repository_open: unable to open mca_accelerator_cuda: libcuda.so.1: cannot open shared object file: No such file or directory (ignored)
[cmp221.ethernet.delftblue:1454147] mca_base_component_repository_open: unable to open mca_accelerator_cuda: libcuda.so.1: cannot open shared object file: No such file or directory (ignored)
[cmp221.ethernet.delftblue:1454151] mca_base_component_repository_open: unable to open mca_accelerator_cuda: libcuda.so.1: cannot open shared object file: No such file or directory (ignored)
[cmp221.ethernet.delftblue:1454149] mca_base_component_repository_open: unable to open mca_accelerator_cuda: libcuda.so.1: cannot open shared object file: No such file or directory (ignored)
[cmp221.ethernet.delftblue:1454155] mca_base_component_repository_open: unable to open mca_accelerator_cuda: libcuda.so.1: cannot open shared object file: No such file or directory (ignored)
[cmp221.ethernet.delftblue:1454153] mca_base_component_repository_open: unable to open mca_rcache_gpusm: libcuda.so.1: cannot open shared object file: No such file or directory (ignored)
[cmp221.ethernet.delftblue:1454153] mca_base_component_repository_open: unable to open mca_rcache_rgpusm: libcuda.so.1: cannot open shared object file: No such file or directory (ignored)
[cmp221.ethernet.delftblue:1454153] mca_base_component_repository_open: unable to open mca_btl_smcuda: libcuda.so.1: cannot open shared object file: No such file or directory (ignored)
[cmp221.ethernet.delftblue:1454150] mca_base_component_repository_open: unable to open mca_accelerator_cuda: libcuda.so.1: cannot open shared object file: No such file or directory (ignored)
[cmp221.ethernet.delftblue:1454148] mca_base_component_repository_open: unable to open mca_accelerator_cuda: libcuda.so.1: cannot open shared object file: No such file or directory (ignored)
[cmp221.ethernet.delftblue:1454143] mca_base_component_repository_open: unable to open mca_accelerator_cuda: libcuda.so.1: cannot open shared object file: No such file or directory (ignored)
[cmp221.ethernet.delftblue:1454152] mca_base_component_repository_open: unable to open mca_accelerator_cuda: libcuda.so.1: cannot open shared object file: No such file or directory (ignored)
[cmp221.ethernet.delftblue:1454144] mca_base_component_repository_open: unable to open mca_rcache_gpusm: libcuda.so.1: cannot open shared object file: No such file or directory (ignored)
[cmp221.ethernet.delftblue:1454144] mca_base_component_repository_open: unable to open mca_rcache_rgpusm: libcuda.so.1: cannot open shared object file: No such file or directory (ignored)
[cmp221.ethernet.delftblue:1454142] mca_base_component_repository_open: unable to open mca_accelerator_cuda: libcuda.so.1: cannot open shared object file: No such file or directory (ignored)
[cmp221.ethernet.delftblue:1454146] mca_base_component_repository_open: unable to open mca_accelerator_cuda: libcuda.so.1: cannot open shared object file: No such file or directory (ignored)
[cmp221.ethernet.delftblue:1454144] mca_base_component_repository_open: unable to open mca_btl_smcuda: libcuda.so.1: cannot open shared object file: No such file or directory (ignored)
[cmp221.ethernet.delftblue:1454154] mca_base_component_repository_open: unable to open mca_accelerator_cuda: libcuda.so.1: cannot open shared object file: No such file or directory (ignored)
[cmp221.ethernet.delftblue:1454145] mca_base_component_repository_open: unable to open mca_accelerator_cuda: libcuda.so.1: cannot open shared object file: No such file or directory (ignored)
[cmp221.ethernet.delftblue:1454151] mca_base_component_repository_open: unable to open mca_rcache_gpusm: libcuda.so.1: cannot open shared object file: No such file or directory (ignored)
[cmp221.ethernet.delftblue:1454149] mca_base_component_repository_open: unable to open mca_rcache_gpusm: libcuda.so.1: cannot open shared object file: No such file or directory (ignored)
[cmp221.ethernet.delftblue:1454155] mca_base_component_repository_open: unable to open mca_rcache_gpusm: libcuda.so.1: cannot open shared object file: No such file or directory (ignored)
[cmp221.ethernet.delftblue:1454151] mca_base_component_repository_open: unable to open mca_rcache_rgpusm: libcuda.so.1: cannot open shared object file: No such file or directory (ignored)
[cmp221.ethernet.delftblue:1454155] mca_base_component_repository_open: unable to open mca_rcache_rgpusm: libcuda.so.1: cannot open shared object file: No such file or directory (ignored)
[cmp221.ethernet.delftblue:1454151] mca_base_component_repository_open: unable to open mca_btl_smcuda: libcuda.so.1: cannot open shared object file: No such file or directory (ignored)
[cmp221.ethernet.delftblue:1454155] mca_base_component_repository_open: unable to open mca_btl_smcuda: libcuda.so.1: cannot open shared object file: No such file or directory (ignored)
[cmp221.ethernet.delftblue:1454147] mca_base_component_repository_open: unable to open mca_rcache_gpusm: libcuda.so.1: cannot open shared object file: No such file or directory (ignored)
[cmp221.ethernet.delftblue:1454147] mca_base_component_repository_open: unable to open mca_rcache_rgpusm: libcuda.so.1: cannot open shared object file: No such file or directory (ignored)
[cmp221.ethernet.delftblue:1454149] mca_base_component_repository_open: unable to open mca_rcache_rgpusm: libcuda.so.1: cannot open shared object file: No such file or directory (ignored)
[cmp221.ethernet.delftblue:1454147] mca_base_component_repository_open: unable to open mca_btl_smcuda: libcuda.so.1: cannot open shared object file: No such file or directory (ignored)
[cmp221.ethernet.delftblue:1454149] mca_base_component_repository_open: unable to open mca_btl_smcuda: libcuda.so.1: cannot open shared object file: No such file or directory (ignored)
[cmp221.ethernet.delftblue:1454150] mca_base_component_repository_open: unable to open mca_rcache_gpusm: libcuda.so.1: cannot open shared object file: No such file or directory (ignored)
[cmp221.ethernet.delftblue:1454148] mca_base_component_repository_open: unable to open mca_rcache_gpusm: libcuda.so.1: cannot open shared object file: No such file or directory (ignored)
[cmp221.ethernet.delftblue:1454150] mca_base_component_repository_open: unable to open mca_rcache_rgpusm: libcuda.so.1: cannot open shared object file: No such file or directory (ignored)
[cmp221.ethernet.delftblue:1454148] mca_base_component_repository_open: unable to open mca_rcache_rgpusm: libcuda.so.1: cannot open shared object file: No such file or directory (ignored)
[cmp221.ethernet.delftblue:1454150] mca_base_component_repository_open: unable to open mca_btl_smcuda: libcuda.so.1: cannot open shared object file: No such file or directory (ignored)
[cmp221.ethernet.delftblue:1454148] mca_base_component_repository_open: unable to open mca_btl_smcuda: libcuda.so.1: cannot open shared object file: No such file or directory (ignored)
[cmp221.ethernet.delftblue:1454152] mca_base_component_repository_open: unable to open mca_rcache_gpusm: libcuda.so.1: cannot open shared object file: No such file or directory (ignored)
[cmp221.ethernet.delftblue:1454152] mca_base_component_repository_open: unable to open mca_rcache_rgpusm: libcuda.so.1: cannot open shared object file: No such file or directory (ignored)
[cmp221.ethernet.delftblue:1454152] mca_base_component_repository_open: unable to open mca_btl_smcuda: libcuda.so.1: cannot open shared object file: No such file or directory (ignored)
[cmp221.ethernet.delftblue:1454143] mca_base_component_repository_open: unable to open mca_rcache_gpusm: libcuda.so.1: cannot open shared object file: No such file or directory (ignored)
[cmp221.ethernet.delftblue:1454143] mca_base_component_repository_open: unable to open mca_rcache_rgpusm: libcuda.so.1: cannot open shared object file: No such file or directory (ignored)
[cmp221.ethernet.delftblue:1454143] mca_base_component_repository_open: unable to open mca_btl_smcuda: libcuda.so.1: cannot open shared object file: No such file or directory (ignored)
[cmp221.ethernet.delftblue:1454146] mca_base_component_repository_open: unable to open mca_rcache_gpusm: libcuda.so.1: cannot open shared object file: No such file or directory (ignored)
[cmp221.ethernet.delftblue:1454154] mca_base_component_repository_open: unable to open mca_rcache_gpusm: libcuda.so.1: cannot open shared object file: No such file or directory (ignored)
[cmp221.ethernet.delftblue:1454145] mca_base_component_repository_open: unable to open mca_rcache_gpusm: libcuda.so.1: cannot open shared object file: No such file or directory (ignored)
[cmp221.ethernet.delftblue:1454142] mca_base_component_repository_open: unable to open mca_rcache_gpusm: libcuda.so.1: cannot open shared object file: No such file or directory (ignored)
[cmp221.ethernet.delftblue:1454146] mca_base_component_repository_open: unable to open mca_rcache_rgpusm: libcuda.so.1: cannot open shared object file: No such file or directory (ignored)
[cmp221.ethernet.delftblue:1454154] mca_base_component_repository_open: unable to open mca_rcache_rgpusm: libcuda.so.1: cannot open shared object file: No such file or directory (ignored)
[cmp221.ethernet.delftblue:1454145] mca_base_component_repository_open: unable to open mca_rcache_rgpusm: libcuda.so.1: cannot open shared object file: No such file or directory (ignored)
[cmp221.ethernet.delftblue:1454142] mca_base_component_repository_open: unable to open mca_rcache_rgpusm: libcuda.so.1: cannot open shared object file: No such file or directory (ignored)
[cmp221.ethernet.delftblue:1454145] mca_base_component_repository_open: unable to open mca_btl_smcuda: libcuda.so.1: cannot open shared object file: No such file or directory (ignored)
[cmp221.ethernet.delftblue:1454142] mca_base_component_repository_open: unable to open mca_btl_smcuda: libcuda.so.1: cannot open shared object file: No such file or directory (ignored)
[cmp221.ethernet.delftblue:1454146] mca_base_component_repository_open: unable to open mca_btl_smcuda: libcuda.so.1: cannot open shared object file: No such file or directory (ignored)
[cmp221.ethernet.delftblue:1454154] mca_base_component_repository_open: unable to open mca_btl_smcuda: libcuda.so.1: cannot open shared object file: No such file or directory (ignored)
[cmp221.ethernet.delftblue:1454330] mca_base_component_repository_open: unable to open mca_accelerator_cuda: libcuda.so.1: cannot open shared object file: No such file or directory (ignored)
[cmp221.ethernet.delftblue:1454323] mca_base_component_repository_open: unable to open mca_accelerator_cuda: libcuda.so.1: cannot open shared object file: No such file or directory (ignored)
[cmp221.ethernet.delftblue:1454331] mca_base_component_repository_open: unable to open mca_accelerator_cuda: libcuda.so.1: cannot open shared object file: No such file or directory (ignored)
[cmp221.ethernet.delftblue:1454333] mca_base_component_repository_open: unable to open mca_accelerator_cuda: libcuda.so.1: cannot open shared object file: No such file or directory (ignored)
[cmp221.ethernet.delftblue:1454330] mca_base_component_repository_open: unable to open mca_rcache_gpusm: libcuda.so.1: cannot open shared object file: No such file or directory (ignored)
[cmp221.ethernet.delftblue:1454330] mca_base_component_repository_open: unable to open mca_rcache_rgpusm: libcuda.so.1: cannot open shared object file: No such file or directory (ignored)
[cmp221.ethernet.delftblue:1454330] mca_base_component_repository_open: unable to open mca_btl_smcuda: libcuda.so.1: cannot open shared object file: No such file or directory (ignored)
[cmp221.ethernet.delftblue:1454323] mca_base_component_repository_open: unable to open mca_rcache_gpusm: libcuda.so.1: cannot open shared object file: No such file or directory (ignored)
[cmp221.ethernet.delftblue:1454323] mca_base_component_repository_open: unable to open mca_rcache_rgpusm: libcuda.so.1: cannot open shared object file: No such file or directory (ignored)
[cmp221.ethernet.delftblue:1454323] mca_base_component_repository_open: unable to open mca_btl_smcuda: libcuda.so.1: cannot open shared object file: No such file or directory (ignored)
[cmp221.ethernet.delftblue:1454331] mca_base_component_repository_open: unable to open mca_rcache_gpusm: libcuda.so.1: cannot open shared object file: No such file or directory (ignored)
[cmp221.ethernet.delftblue:1454331] mca_base_component_repository_open: unable to open mca_rcache_rgpusm: libcuda.so.1: cannot open shared object file: No such file or directory (ignored)
[cmp221.ethernet.delftblue:1454334] mca_base_component_repository_open: unable to open mca_accelerator_cuda: libcuda.so.1: cannot open shared object file: No such file or directory (ignored)
[cmp221.ethernet.delftblue:1454333] mca_base_component_repository_open: unable to open mca_rcache_gpusm: libcuda.so.1: cannot open shared object file: No such file or directory (ignored)
[cmp221.ethernet.delftblue:1454331] mca_base_component_repository_open: unable to open mca_btl_smcuda: libcuda.so.1: cannot open shared object file: No such file or directory (ignored)
[cmp221.ethernet.delftblue:1454333] mca_base_component_repository_open: unable to open mca_rcache_rgpusm: libcuda.so.1: cannot open shared object file: No such file or directory (ignored)
[cmp221.ethernet.delftblue:1454329] mca_base_component_repository_open: unable to open mca_accelerator_cuda: libcuda.so.1: cannot open shared object file: No such file or directory (ignored)
[cmp221.ethernet.delftblue:1454333] mca_base_component_repository_open: unable to open mca_btl_smcuda: libcuda.so.1: cannot open shared object file: No such file or directory (ignored)
[cmp221.ethernet.delftblue:1454332] mca_base_component_repository_open: unable to open mca_accelerator_cuda: libcuda.so.1: cannot open shared object file: No such file or directory (ignored)
[cmp221.ethernet.delftblue:1454325] mca_base_component_repository_open: unable to open mca_accelerator_cuda: libcuda.so.1: cannot open shared object file: No such file or directory (ignored)
[cmp221.ethernet.delftblue:1454320] mca_base_component_repository_open: unable to open mca_accelerator_cuda: libcuda.so.1: cannot open shared object file: No such file or directory (ignored)
[cmp221.ethernet.delftblue:1454327] mca_base_component_repository_open: unable to open mca_accelerator_cuda: libcuda.so.1: cannot open shared object file: No such file or directory (ignored)
[cmp221.ethernet.delftblue:1454319] mca_base_component_repository_open: unable to open mca_accelerator_cuda: libcuda.so.1: cannot open shared object file: No such file or directory (ignored)
[cmp221.ethernet.delftblue:1454328] mca_base_component_repository_open: unable to open mca_accelerator_cuda: libcuda.so.1: cannot open shared object file: No such file or directory (ignored)
[cmp221.ethernet.delftblue:1454324] mca_base_component_repository_open: unable to open mca_accelerator_cuda: libcuda.so.1: cannot open shared object file: No such file or directory (ignored)
[cmp221.ethernet.delftblue:1454321] mca_base_component_repository_open: unable to open mca_accelerator_cuda: libcuda.so.1: cannot open shared object file: No such file or directory (ignored)
[cmp221.ethernet.delftblue:1454322] mca_base_component_repository_open: unable to open mca_accelerator_cuda: libcuda.so.1: cannot open shared object file: No such file or directory (ignored)
[cmp221.ethernet.delftblue:1454326] mca_base_component_repository_open: unable to open mca_accelerator_cuda: libcuda.so.1: cannot open shared object file: No such file or directory (ignored)
[cmp221.ethernet.delftblue:1454334] mca_base_component_repository_open: unable to open mca_rcache_gpusm: libcuda.so.1: cannot open shared object file: No such file or directory (ignored)
[cmp221.ethernet.delftblue:1454334] mca_base_component_repository_open: unable to open mca_rcache_rgpusm: libcuda.so.1: cannot open shared object file: No such file or directory (ignored)
[cmp221.ethernet.delftblue:1454334] mca_base_component_repository_open: unable to open mca_btl_smcuda: libcuda.so.1: cannot open shared object file: No such file or directory (ignored)
[cmp221.ethernet.delftblue:1454329] mca_base_component_repository_open: unable to open mca_rcache_gpusm: libcuda.so.1: cannot open shared object file: No such file or directory (ignored)
[cmp221.ethernet.delftblue:1454329] mca_base_component_repository_open: unable to open mca_rcache_rgpusm: libcuda.so.1: cannot open shared object file: No such file or directory (ignored)
[cmp221.ethernet.delftblue:1454329] mca_base_component_repository_open: unable to open mca_btl_smcuda: libcuda.so.1: cannot open shared object file: No such file or directory (ignored)
[cmp221.ethernet.delftblue:1454325] mca_base_component_repository_open: unable to open mca_rcache_gpusm: libcuda.so.1: cannot open shared object file: No such file or directory (ignored)
[cmp221.ethernet.delftblue:1454332] mca_base_component_repository_open: unable to open mca_rcache_gpusm: libcuda.so.1: cannot open shared object file: No such file or directory (ignored)
[cmp221.ethernet.delftblue:1454325] mca_base_component_repository_open: unable to open mca_rcache_rgpusm: libcuda.so.1: cannot open shared object file: No such file or directory (ignored)
[cmp221.ethernet.delftblue:1454332] mca_base_component_repository_open: unable to open mca_rcache_rgpusm: libcuda.so.1: cannot open shared object file: No such file or directory (ignored)
[cmp221.ethernet.delftblue:1454325] mca_base_component_repository_open: unable to open mca_btl_smcuda: libcuda.so.1: cannot open shared object file: No such file or directory (ignored)
[cmp221.ethernet.delftblue:1454332] mca_base_component_repository_open: unable to open mca_btl_smcuda: libcuda.so.1: cannot open shared object file: No such file or directory (ignored)
[cmp221.ethernet.delftblue:1454327] mca_base_component_repository_open: unable to open mca_rcache_gpusm: libcuda.so.1: cannot open shared object file: No such file or directory (ignored)
[cmp221.ethernet.delftblue:1454320] mca_base_component_repository_open: unable to open mca_rcache_gpusm: libcuda.so.1: cannot open shared object file: No such file or directory (ignored)
[cmp221.ethernet.delftblue:1454327] mca_base_component_repository_open: unable to open mca_rcache_rgpusm: libcuda.so.1: cannot open shared object file: No such file or directory (ignored)
[cmp221.ethernet.delftblue:1454320] mca_base_component_repository_open: unable to open mca_rcache_rgpusm: libcuda.so.1: cannot open shared object file: No such file or directory (ignored)
[cmp221.ethernet.delftblue:1454327] mca_base_component_repository_open: unable to open mca_btl_smcuda: libcuda.so.1: cannot open shared object file: No such file or directory (ignored)
[cmp221.ethernet.delftblue:1454320] mca_base_component_repository_open: unable to open mca_btl_smcuda: libcuda.so.1: cannot open shared object file: No such file or directory (ignored)
[cmp221.ethernet.delftblue:1454319] mca_base_component_repository_open: unable to open mca_rcache_gpusm: libcuda.so.1: cannot open shared object file: No such file or directory (ignored)
[cmp221.ethernet.delftblue:1454319] mca_base_component_repository_open: unable to open mca_rcache_rgpusm: libcuda.so.1: cannot open shared object file: No such file or directory (ignored)
[cmp221.ethernet.delftblue:1454324] mca_base_component_repository_open: unable to open mca_rcache_gpusm: libcuda.so.1: cannot open shared object file: No such file or directory (ignored)
[cmp221.ethernet.delftblue:1454328] mca_base_component_repository_open: unable to open mca_rcache_gpusm: libcuda.so.1: cannot open shared object file: No such file or directory (ignored)
[cmp221.ethernet.delftblue:1454322] mca_base_component_repository_open: unable to open mca_rcache_gpusm: libcuda.so.1: cannot open shared object file: No such file or directory (ignored)
[cmp221.ethernet.delftblue:1454319] mca_base_component_repository_open: unable to open mca_btl_smcuda: libcuda.so.1: cannot open shared object file: No such file or directory (ignored)
[cmp221.ethernet.delftblue:1454324] mca_base_component_repository_open: unable to open mca_rcache_rgpusm: libcuda.so.1: cannot open shared object file: No such file or directory (ignored)
[cmp221.ethernet.delftblue:1454328] mca_base_component_repository_open: unable to open mca_rcache_rgpusm: libcuda.so.1: cannot open shared object file: No such file or directory (ignored)
[cmp221.ethernet.delftblue:1454322] mca_base_component_repository_open: unable to open mca_rcache_rgpusm: libcuda.so.1: cannot open shared object file: No such file or directory (ignored)
[cmp221.ethernet.delftblue:1454324] mca_base_component_repository_open: unable to open mca_btl_smcuda: libcuda.so.1: cannot open shared object file: No such file or directory (ignored)
[cmp221.ethernet.delftblue:1454328] mca_base_component_repository_open: unable to open mca_btl_smcuda: libcuda.so.1: cannot open shared object file: No such file or directory (ignored)
[cmp221.ethernet.delftblue:1454322] mca_base_component_repository_open: unable to open mca_btl_smcuda: libcuda.so.1: cannot open shared object file: No such file or directory (ignored)
[cmp221.ethernet.delftblue:1454326] mca_base_component_repository_open: unable to open mca_rcache_gpusm: libcuda.so.1: cannot open shared object file: No such file or directory (ignored)
[cmp221.ethernet.delftblue:1454321] mca_base_component_repository_open: unable to open mca_rcache_gpusm: libcuda.so.1: cannot open shared object file: No such file or directory (ignored)
[cmp221.ethernet.delftblue:1454326] mca_base_component_repository_open: unable to open mca_rcache_rgpusm: libcuda.so.1: cannot open shared object file: No such file or directory (ignored)
[cmp221.ethernet.delftblue:1454321] mca_base_component_repository_open: unable to open mca_rcache_rgpusm: libcuda.so.1: cannot open shared object file: No such file or directory (ignored)
[cmp221.ethernet.delftblue:1454326] mca_base_component_repository_open: unable to open mca_btl_smcuda: libcuda.so.1: cannot open shared object file: No such file or directory (ignored)
[cmp221.ethernet.delftblue:1454321] mca_base_component_repository_open: unable to open mca_btl_smcuda: libcuda.so.1: cannot open shared object file: No such file or directory (ignored)
[cmp221.ethernet.delftblue:1454584] mca_base_component_repository_open: unable to open mca_accelerator_cuda: libcuda.so.1: cannot open shared object file: No such file or directory (ignored)
[cmp221.ethernet.delftblue:1454584] mca_base_component_repository_open: unable to open mca_rcache_gpusm: libcuda.so.1: cannot open shared object file: No such file or directory (ignored)
[cmp221.ethernet.delftblue:1454584] mca_base_component_repository_open: unable to open mca_rcache_rgpusm: libcuda.so.1: cannot open shared object file: No such file or directory (ignored)
[cmp221.ethernet.delftblue:1454584] mca_base_component_repository_open: unable to open mca_btl_smcuda: libcuda.so.1: cannot open shared object file: No such file or directory (ignored)
[cmp221.ethernet.delftblue:1454633] mca_base_component_repository_open: unable to open mca_accelerator_cuda: libcuda.so.1: cannot open shared object file: No such file or directory (ignored)
[cmp221.ethernet.delftblue:1454634] mca_base_component_repository_open: unable to open mca_accelerator_cuda: libcuda.so.1: cannot open shared object file: No such file or directory (ignored)
[cmp221.ethernet.delftblue:1454633] mca_base_component_repository_open: unable to open mca_rcache_gpusm: libcuda.so.1: cannot open shared object file: No such file or directory (ignored)
[cmp221.ethernet.delftblue:1454633] mca_base_component_repository_open: unable to open mca_rcache_rgpusm: libcuda.so.1: cannot open shared object file: No such file or directory (ignored)
[cmp221.ethernet.delftblue:1454633] mca_base_component_repository_open: unable to open mca_btl_smcuda: libcuda.so.1: cannot open shared object file: No such file or directory (ignored)
[cmp221.ethernet.delftblue:1454634] mca_base_component_repository_open: unable to open mca_rcache_gpusm: libcuda.so.1: cannot open shared object file: No such file or directory (ignored)
[cmp221.ethernet.delftblue:1454634] mca_base_component_repository_open: unable to open mca_rcache_rgpusm: libcuda.so.1: cannot open shared object file: No such file or directory (ignored)
[cmp221.ethernet.delftblue:1454634] mca_base_component_repository_open: unable to open mca_btl_smcuda: libcuda.so.1: cannot open shared object file: No such file or directory (ignored)
[cmp221.ethernet.delftblue:1454690] mca_base_component_repository_open: unable to open mca_accelerator_cuda: libcuda.so.1: cannot open shared object file: No such file or directory (ignored)
[cmp221.ethernet.delftblue:1454687] mca_base_component_repository_open: unable to open mca_accelerator_cuda: libcuda.so.1: cannot open shared object file: No such file or directory (ignored)
[cmp221.ethernet.delftblue:1454689] mca_base_component_repository_open: unable to open mca_accelerator_cuda: libcuda.so.1: cannot open shared object file: No such file or directory (ignored)
[cmp221.ethernet.delftblue:1454688] mca_base_component_repository_open: unable to open mca_accelerator_cuda: libcuda.so.1: cannot open shared object file: No such file or directory (ignored)
[cmp221.ethernet.delftblue:1454690] mca_base_component_repository_open: unable to open mca_rcache_gpusm: libcuda.so.1: cannot open shared object file: No such file or directory (ignored)
[cmp221.ethernet.delftblue:1454690] mca_base_component_repository_open: unable to open mca_rcache_rgpusm: libcuda.so.1: cannot open shared object file: No such file or directory (ignored)
[cmp221.ethernet.delftblue:1454690] mca_base_component_repository_open: unable to open mca_btl_smcuda: libcuda.so.1: cannot open shared object file: No such file or directory (ignored)
[cmp221.ethernet.delftblue:1454689] mca_base_component_repository_open: unable to open mca_rcache_gpusm: libcuda.so.1: cannot open shared object file: No such file or directory (ignored)
[cmp221.ethernet.delftblue:1454687] mca_base_component_repository_open: unable to open mca_rcache_gpusm: libcuda.so.1: cannot open shared object file: No such file or directory (ignored)
[cmp221.ethernet.delftblue:1454689] mca_base_component_repository_open: unable to open mca_rcache_rgpusm: libcuda.so.1: cannot open shared object file: No such file or directory (ignored)
[cmp221.ethernet.delftblue:1454687] mca_base_component_repository_open: unable to open mca_rcache_rgpusm: libcuda.so.1: cannot open shared object file: No such file or directory (ignored)
[cmp221.ethernet.delftblue:1454688] mca_base_component_repository_open: unable to open mca_rcache_gpusm: libcuda.so.1: cannot open shared object file: No such file or directory (ignored)
[cmp221.ethernet.delftblue:1454689] mca_base_component_repository_open: unable to open mca_btl_smcuda: libcuda.so.1: cannot open shared object file: No such file or directory (ignored)
[cmp221.ethernet.delftblue:1454687] mca_base_component_repository_open: unable to open mca_btl_smcuda: libcuda.so.1: cannot open shared object file: No such file or directory (ignored)
[cmp221.ethernet.delftblue:1454688] mca_base_component_repository_open: unable to open mca_rcache_rgpusm: libcuda.so.1: cannot open shared object file: No such file or directory (ignored)
[cmp221.ethernet.delftblue:1454688] mca_base_component_repository_open: unable to open mca_btl_smcuda: libcuda.so.1: cannot open shared object file: No such file or directory (ignored)
[cmp221.ethernet.delftblue:1454761] mca_base_component_repository_open: unable to open mca_accelerator_cuda: libcuda.so.1: cannot open shared object file: No such file or directory (ignored)
[cmp221.ethernet.delftblue:1454765] mca_base_component_repository_open: unable to open mca_accelerator_cuda: libcuda.so.1: cannot open shared object file: No such file or directory (ignored)
[cmp221.ethernet.delftblue:1454763] mca_base_component_repository_open: unable to open mca_accelerator_cuda: libcuda.so.1: cannot open shared object file: No such file or directory (ignored)
[cmp221.ethernet.delftblue:1454760] mca_base_component_repository_open: unable to open mca_accelerator_cuda: libcuda.so.1: cannot open shared object file: No such file or directory (ignored)
[cmp221.ethernet.delftblue:1454762] mca_base_component_repository_open: unable to open mca_accelerator_cuda: libcuda.so.1: cannot open shared object file: No such file or directory (ignored)
[cmp221.ethernet.delftblue:1454764] mca_base_component_repository_open: unable to open mca_accelerator_cuda: libcuda.so.1: cannot open shared object file: No such file or directory (ignored)
[cmp221.ethernet.delftblue:1454765] mca_base_component_repository_open: unable to open mca_rcache_gpusm: libcuda.so.1: cannot open shared object file: No such file or directory (ignored)
[cmp221.ethernet.delftblue:1454765] mca_base_component_repository_open: unable to open mca_rcache_rgpusm: libcuda.so.1: cannot open shared object file: No such file or directory (ignored)
[cmp221.ethernet.delftblue:1454765] mca_base_component_repository_open: unable to open mca_btl_smcuda: libcuda.so.1: cannot open shared object file: No such file or directory (ignored)
[cmp221.ethernet.delftblue:1454761] mca_base_component_repository_open: unable to open mca_rcache_gpusm: libcuda.so.1: cannot open shared object file: No such file or directory (ignored)
[cmp221.ethernet.delftblue:1454761] mca_base_component_repository_open: unable to open mca_rcache_rgpusm: libcuda.so.1: cannot open shared object file: No such file or directory (ignored)
[cmp221.ethernet.delftblue:1454761] mca_base_component_repository_open: unable to open mca_btl_smcuda: libcuda.so.1: cannot open shared object file: No such file or directory (ignored)
[cmp221.ethernet.delftblue:1454760] mca_base_component_repository_open: unable to open mca_rcache_gpusm: libcuda.so.1: cannot open shared object file: No such file or directory (ignored)
[cmp221.ethernet.delftblue:1454762] mca_base_component_repository_open: unable to open mca_rcache_gpusm: libcuda.so.1: cannot open shared object file: No such file or directory (ignored)
[cmp221.ethernet.delftblue:1454760] mca_base_component_repository_open: unable to open mca_rcache_rgpusm: libcuda.so.1: cannot open shared object file: No such file or directory (ignored)
[cmp221.ethernet.delftblue:1454762] mca_base_component_repository_open: unable to open mca_rcache_rgpusm: libcuda.so.1: cannot open shared object file: No such file or directory (ignored)
[cmp221.ethernet.delftblue:1454760] mca_base_component_repository_open: unable to open mca_btl_smcuda: libcuda.so.1: cannot open shared object file: No such file or directory (ignored)
[cmp221.ethernet.delftblue:1454762] mca_base_component_repository_open: unable to open mca_btl_smcuda: libcuda.so.1: cannot open shared object file: No such file or directory (ignored)
[cmp221.ethernet.delftblue:1454763] mca_base_component_repository_open: unable to open mca_rcache_gpusm: libcuda.so.1: cannot open shared object file: No such file or directory (ignored)
[cmp221.ethernet.delftblue:1454763] mca_base_component_repository_open: unable to open mca_rcache_rgpusm: libcuda.so.1: cannot open shared object file: No such file or directory (ignored)
[cmp221.ethernet.delftblue:1454764] mca_base_component_repository_open: unable to open mca_rcache_gpusm: libcuda.so.1: cannot open shared object file: No such file or directory (ignored)
[cmp221.ethernet.delftblue:1454763] mca_base_component_repository_open: unable to open mca_btl_smcuda: libcuda.so.1: cannot open shared object file: No such file or directory (ignored)
[cmp221.ethernet.delftblue:1454764] mca_base_component_repository_open: unable to open mca_rcache_rgpusm: libcuda.so.1: cannot open shared object file: No such file or directory (ignored)
[cmp221.ethernet.delftblue:1454764] mca_base_component_repository_open: unable to open mca_btl_smcuda: libcuda.so.1: cannot open shared object file: No such file or directory (ignored)
[cmp221.ethernet.delftblue:1454854] mca_base_component_repository_open: unable to open mca_accelerator_cuda: libcuda.so.1: cannot open shared object file: No such file or directory (ignored)
[cmp221.ethernet.delftblue:1454857] mca_base_component_repository_open: unable to open mca_accelerator_cuda: libcuda.so.1: cannot open shared object file: No such file or directory (ignored)
[cmp221.ethernet.delftblue:1454860] mca_base_component_repository_open: unable to open mca_accelerator_cuda: libcuda.so.1: cannot open shared object file: No such file or directory (ignored)
[cmp221.ethernet.delftblue:1454858] mca_base_component_repository_open: unable to open mca_accelerator_cuda: libcuda.so.1: cannot open shared object file: No such file or directory (ignored)
[cmp221.ethernet.delftblue:1454856] mca_base_component_repository_open: unable to open mca_accelerator_cuda: libcuda.so.1: cannot open shared object file: No such file or directory (ignored)
[cmp221.ethernet.delftblue:1454859] mca_base_component_repository_open: unable to open mca_accelerator_cuda: libcuda.so.1: cannot open shared object file: No such file or directory (ignored)
[cmp221.ethernet.delftblue:1454855] mca_base_component_repository_open: unable to open mca_accelerator_cuda: libcuda.so.1: cannot open shared object file: No such file or directory (ignored)
[cmp221.ethernet.delftblue:1454853] mca_base_component_repository_open: unable to open mca_accelerator_cuda: libcuda.so.1: cannot open shared object file: No such file or directory (ignored)
[cmp221.ethernet.delftblue:1454860] mca_base_component_repository_open: unable to open mca_rcache_gpusm: libcuda.so.1: cannot open shared object file: No such file or directory (ignored)
[cmp221.ethernet.delftblue:1454860] mca_base_component_repository_open: unable to open mca_rcache_rgpusm: libcuda.so.1: cannot open shared object file: No such file or directory (ignored)
[cmp221.ethernet.delftblue:1454860] mca_base_component_repository_open: unable to open mca_btl_smcuda: libcuda.so.1: cannot open shared object file: No such file or directory (ignored)
[cmp221.ethernet.delftblue:1454858] mca_base_component_repository_open: unable to open mca_rcache_gpusm: libcuda.so.1: cannot open shared object file: No such file or directory (ignored)
[cmp221.ethernet.delftblue:1454854] mca_base_component_repository_open: unable to open mca_rcache_gpusm: libcuda.so.1: cannot open shared object file: No such file or directory (ignored)
[cmp221.ethernet.delftblue:1454857] mca_base_component_repository_open: unable to open mca_rcache_gpusm: libcuda.so.1: cannot open shared object file: No such file or directory (ignored)
[cmp221.ethernet.delftblue:1454858] mca_base_component_repository_open: unable to open mca_rcache_rgpusm: libcuda.so.1: cannot open shared object file: No such file or directory (ignored)
[cmp221.ethernet.delftblue:1454854] mca_base_component_repository_open: unable to open mca_rcache_rgpusm: libcuda.so.1: cannot open shared object file: No such file or directory (ignored)
[cmp221.ethernet.delftblue:1454857] mca_base_component_repository_open: unable to open mca_rcache_rgpusm: libcuda.so.1: cannot open shared object file: No such file or directory (ignored)
[cmp221.ethernet.delftblue:1454858] mca_base_component_repository_open: unable to open mca_btl_smcuda: libcuda.so.1: cannot open shared object file: No such file or directory (ignored)
[cmp221.ethernet.delftblue:1454854] mca_base_component_repository_open: unable to open mca_btl_smcuda: libcuda.so.1: cannot open shared object file: No such file or directory (ignored)
[cmp221.ethernet.delftblue:1454857] mca_base_component_repository_open: unable to open mca_btl_smcuda: libcuda.so.1: cannot open shared object file: No such file or directory (ignored)
[cmp221.ethernet.delftblue:1454859] mca_base_component_repository_open: unable to open mca_rcache_gpusm: libcuda.so.1: cannot open shared object file: No such file or directory (ignored)
[cmp221.ethernet.delftblue:1454855] mca_base_component_repository_open: unable to open mca_rcache_gpusm: libcuda.so.1: cannot open shared object file: No such file or directory (ignored)
[cmp221.ethernet.delftblue:1454859] mca_base_component_repository_open: unable to open mca_rcache_rgpusm: libcuda.so.1: cannot open shared object file: No such file or directory (ignored)
[cmp221.ethernet.delftblue:1454855] mca_base_component_repository_open: unable to open mca_rcache_rgpusm: libcuda.so.1: cannot open shared object file: No such file or directory (ignored)
[cmp221.ethernet.delftblue:1454859] mca_base_component_repository_open: unable to open mca_btl_smcuda: libcuda.so.1: cannot open shared object file: No such file or directory (ignored)
[cmp221.ethernet.delftblue:1454855] mca_base_component_repository_open: unable to open mca_btl_smcuda: libcuda.so.1: cannot open shared object file: No such file or directory (ignored)
[cmp221.ethernet.delftblue:1454856] mca_base_component_repository_open: unable to open mca_rcache_gpusm: libcuda.so.1: cannot open shared object file: No such file or directory (ignored)
[cmp221.ethernet.delftblue:1454856] mca_base_component_repository_open: unable to open mca_rcache_rgpusm: libcuda.so.1: cannot open shared object file: No such file or directory (ignored)
[cmp221.ethernet.delftblue:1454856] mca_base_component_repository_open: unable to open mca_btl_smcuda: libcuda.so.1: cannot open shared object file: No such file or directory (ignored)
[cmp221.ethernet.delftblue:1454853] mca_base_component_repository_open: unable to open mca_rcache_gpusm: libcuda.so.1: cannot open shared object file: No such file or directory (ignored)
[cmp221.ethernet.delftblue:1454853] mca_base_component_repository_open: unable to open mca_rcache_rgpusm: libcuda.so.1: cannot open shared object file: No such file or directory (ignored)
[cmp221.ethernet.delftblue:1454853] mca_base_component_repository_open: unable to open mca_btl_smcuda: libcuda.so.1: cannot open shared object file: No such file or directory (ignored)
[cmp221.ethernet.delftblue:1454971] mca_base_component_repository_open: unable to open mca_accelerator_cuda: libcuda.so.1: cannot open shared object file: No such file or directory (ignored)
[cmp221.ethernet.delftblue:1454967] mca_base_component_repository_open: unable to open mca_accelerator_cuda: libcuda.so.1: cannot open shared object file: No such file or directory (ignored)
[cmp221.ethernet.delftblue:1454974] mca_base_component_repository_open: unable to open mca_accelerator_cuda: libcuda.so.1: cannot open shared object file: No such file or directory (ignored)
[cmp221.ethernet.delftblue:1454970] mca_base_component_repository_open: unable to open mca_accelerator_cuda: libcuda.so.1: cannot open shared object file: No such file or directory (ignored)
[cmp221.ethernet.delftblue:1454968] mca_base_component_repository_open: unable to open mca_accelerator_cuda: libcuda.so.1: cannot open shared object file: No such file or directory (ignored)
[cmp221.ethernet.delftblue:1454972] mca_base_component_repository_open: unable to open mca_accelerator_cuda: libcuda.so.1: cannot open shared object file: No such file or directory (ignored)
[cmp221.ethernet.delftblue:1454975] mca_base_component_repository_open: unable to open mca_accelerator_cuda: libcuda.so.1: cannot open shared object file: No such file or directory (ignored)
[cmp221.ethernet.delftblue:1454971] mca_base_component_repository_open: unable to open mca_rcache_gpusm: libcuda.so.1: cannot open shared object file: No such file or directory (ignored)
[cmp221.ethernet.delftblue:1454973] mca_base_component_repository_open: unable to open mca_accelerator_cuda: libcuda.so.1: cannot open shared object file: No such file or directory (ignored)
[cmp221.ethernet.delftblue:1454971] mca_base_component_repository_open: unable to open mca_rcache_rgpusm: libcuda.so.1: cannot open shared object file: No such file or directory (ignored)
[cmp221.ethernet.delftblue:1454966] mca_base_component_repository_open: unable to open mca_accelerator_cuda: libcuda.so.1: cannot open shared object file: No such file or directory (ignored)
[cmp221.ethernet.delftblue:1454969] mca_base_component_repository_open: unable to open mca_accelerator_cuda: libcuda.so.1: cannot open shared object file: No such file or directory (ignored)
[cmp221.ethernet.delftblue:1454971] mca_base_component_repository_open: unable to open mca_btl_smcuda: libcuda.so.1: cannot open shared object file: No such file or directory (ignored)
[cmp221.ethernet.delftblue:1454967] mca_base_component_repository_open: unable to open mca_rcache_gpusm: libcuda.so.1: cannot open shared object file: No such file or directory (ignored)
[cmp221.ethernet.delftblue:1454967] mca_base_component_repository_open: unable to open mca_rcache_rgpusm: libcuda.so.1: cannot open shared object file: No such file or directory (ignored)
[cmp221.ethernet.delftblue:1454967] mca_base_component_repository_open: unable to open mca_btl_smcuda: libcuda.so.1: cannot open shared object file: No such file or directory (ignored)
[cmp221.ethernet.delftblue:1454974] mca_base_component_repository_open: unable to open mca_rcache_gpusm: libcuda.so.1: cannot open shared object file: No such file or directory (ignored)
[cmp221.ethernet.delftblue:1454974] mca_base_component_repository_open: unable to open mca_rcache_rgpusm: libcuda.so.1: cannot open shared object file: No such file or directory (ignored)
[cmp221.ethernet.delftblue:1454968] mca_base_component_repository_open: unable to open mca_rcache_gpusm: libcuda.so.1: cannot open shared object file: No such file or directory (ignored)
[cmp221.ethernet.delftblue:1454974] mca_base_component_repository_open: unable to open mca_btl_smcuda: libcuda.so.1: cannot open shared object file: No such file or directory (ignored)
[cmp221.ethernet.delftblue:1454968] mca_base_component_repository_open: unable to open mca_rcache_rgpusm: libcuda.so.1: cannot open shared object file: No such file or directory (ignored)
[cmp221.ethernet.delftblue:1454970] mca_base_component_repository_open: unable to open mca_rcache_gpusm: libcuda.so.1: cannot open shared object file: No such file or directory (ignored)
[cmp221.ethernet.delftblue:1454970] mca_base_component_repository_open: unable to open mca_rcache_rgpusm: libcuda.so.1: cannot open shared object file: No such file or directory (ignored)
[cmp221.ethernet.delftblue:1454968] mca_base_component_repository_open: unable to open mca_btl_smcuda: libcuda.so.1: cannot open shared object file: No such file or directory (ignored)
[cmp221.ethernet.delftblue:1454970] mca_base_component_repository_open: unable to open mca_btl_smcuda: libcuda.so.1: cannot open shared object file: No such file or directory (ignored)
[cmp221.ethernet.delftblue:1454972] mca_base_component_repository_open: unable to open mca_rcache_gpusm: libcuda.so.1: cannot open shared object file: No such file or directory (ignored)
[cmp221.ethernet.delftblue:1454972] mca_base_component_repository_open: unable to open mca_rcache_rgpusm: libcuda.so.1: cannot open shared object file: No such file or directory (ignored)
[cmp221.ethernet.delftblue:1454972] mca_base_component_repository_open: unable to open mca_btl_smcuda: libcuda.so.1: cannot open shared object file: No such file or directory (ignored)
[cmp221.ethernet.delftblue:1454975] mca_base_component_repository_open: unable to open mca_rcache_gpusm: libcuda.so.1: cannot open shared object file: No such file or directory (ignored)
[cmp221.ethernet.delftblue:1454975] mca_base_component_repository_open: unable to open mca_rcache_rgpusm: libcuda.so.1: cannot open shared object file: No such file or directory (ignored)
[cmp221.ethernet.delftblue:1454975] mca_base_component_repository_open: unable to open mca_btl_smcuda: libcuda.so.1: cannot open shared object file: No such file or directory (ignored)
[cmp221.ethernet.delftblue:1454969] mca_base_component_repository_open: unable to open mca_rcache_gpusm: libcuda.so.1: cannot open shared object file: No such file or directory (ignored)
[cmp221.ethernet.delftblue:1454969] mca_base_component_repository_open: unable to open mca_rcache_rgpusm: libcuda.so.1: cannot open shared object file: No such file or directory (ignored)
[cmp221.ethernet.delftblue:1454969] mca_base_component_repository_open: unable to open mca_btl_smcuda: libcuda.so.1: cannot open shared object file: No such file or directory (ignored)
[cmp221.ethernet.delftblue:1454973] mca_base_component_repository_open: unable to open mca_rcache_gpusm: libcuda.so.1: cannot open shared object file: No such file or directory (ignored)
[cmp221.ethernet.delftblue:1454973] mca_base_component_repository_open: unable to open mca_rcache_rgpusm: libcuda.so.1: cannot open shared object file: No such file or directory (ignored)
[cmp221.ethernet.delftblue:1454973] mca_base_component_repository_open: unable to open mca_btl_smcuda: libcuda.so.1: cannot open shared object file: No such file or directory (ignored)
[cmp221.ethernet.delftblue:1454966] mca_base_component_repository_open: unable to open mca_rcache_gpusm: libcuda.so.1: cannot open shared object file: No such file or directory (ignored)
[cmp221.ethernet.delftblue:1454966] mca_base_component_repository_open: unable to open mca_rcache_rgpusm: libcuda.so.1: cannot open shared object file: No such file or directory (ignored)
[cmp221.ethernet.delftblue:1454966] mca_base_component_repository_open: unable to open mca_btl_smcuda: libcuda.so.1: cannot open shared object file: No such file or directory (ignored)
[cmp221.ethernet.delftblue:1455109] mca_base_component_repository_open: unable to open mca_accelerator_cuda: libcuda.so.1: cannot open shared object file: No such file or directory (ignored)
[cmp221.ethernet.delftblue:1455099] mca_base_component_repository_open: unable to open mca_accelerator_cuda: libcuda.so.1: cannot open shared object file: No such file or directory (ignored)
[cmp221.ethernet.delftblue:1455108] mca_base_component_repository_open: unable to open mca_accelerator_cuda: libcuda.so.1: cannot open shared object file: No such file or directory (ignored)
[cmp221.ethernet.delftblue:1455101] mca_base_component_repository_open: unable to open mca_accelerator_cuda: libcuda.so.1: cannot open shared object file: No such file or directory (ignored)
[cmp221.ethernet.delftblue:1455109] mca_base_component_repository_open: unable to open mca_rcache_gpusm: libcuda.so.1: cannot open shared object file: No such file or directory (ignored)
[cmp221.ethernet.delftblue:1455109] mca_base_component_repository_open: unable to open mca_rcache_rgpusm: libcuda.so.1: cannot open shared object file: No such file or directory (ignored)
[cmp221.ethernet.delftblue:1455106] mca_base_component_repository_open: unable to open mca_accelerator_cuda: libcuda.so.1: cannot open shared object file: No such file or directory (ignored)
[cmp221.ethernet.delftblue:1455109] mca_base_component_repository_open: unable to open mca_btl_smcuda: libcuda.so.1: cannot open shared object file: No such file or directory (ignored)
[cmp221.ethernet.delftblue:1455110] mca_base_component_repository_open: unable to open mca_accelerator_cuda: libcuda.so.1: cannot open shared object file: No such file or directory (ignored)
[cmp221.ethernet.delftblue:1455103] mca_base_component_repository_open: unable to open mca_accelerator_cuda: libcuda.so.1: cannot open shared object file: No such file or directory (ignored)
[cmp221.ethernet.delftblue:1455105] mca_base_component_repository_open: unable to open mca_accelerator_cuda: libcuda.so.1: cannot open shared object file: No such file or directory (ignored)
[cmp221.ethernet.delftblue:1455100] mca_base_component_repository_open: unable to open mca_accelerator_cuda: libcuda.so.1: cannot open shared object file: No such file or directory (ignored)
[cmp221.ethernet.delftblue:1455104] mca_base_component_repository_open: unable to open mca_accelerator_cuda: libcuda.so.1: cannot open shared object file: No such file or directory (ignored)
[cmp221.ethernet.delftblue:1455107] mca_base_component_repository_open: unable to open mca_accelerator_cuda: libcuda.so.1: cannot open shared object file: No such file or directory (ignored)
[cmp221.ethernet.delftblue:1455102] mca_base_component_repository_open: unable to open mca_accelerator_cuda: libcuda.so.1: cannot open shared object file: No such file or directory (ignored)
[cmp221.ethernet.delftblue:1455099] mca_base_component_repository_open: unable to open mca_rcache_gpusm: libcuda.so.1: cannot open shared object file: No such file or directory (ignored)
[cmp221.ethernet.delftblue:1455099] mca_base_component_repository_open: unable to open mca_rcache_rgpusm: libcuda.so.1: cannot open shared object file: No such file or directory (ignored)
[cmp221.ethernet.delftblue:1455099] mca_base_component_repository_open: unable to open mca_btl_smcuda: libcuda.so.1: cannot open shared object file: No such file or directory (ignored)
[cmp221.ethernet.delftblue:1455108] mca_base_component_repository_open: unable to open mca_rcache_gpusm: libcuda.so.1: cannot open shared object file: No such file or directory (ignored)
[cmp221.ethernet.delftblue:1455108] mca_base_component_repository_open: unable to open mca_rcache_rgpusm: libcuda.so.1: cannot open shared object file: No such file or directory (ignored)
[cmp221.ethernet.delftblue:1455108] mca_base_component_repository_open: unable to open mca_btl_smcuda: libcuda.so.1: cannot open shared object file: No such file or directory (ignored)
[cmp221.ethernet.delftblue:1455101] mca_base_component_repository_open: unable to open mca_rcache_gpusm: libcuda.so.1: cannot open shared object file: No such file or directory (ignored)
[cmp221.ethernet.delftblue:1455101] mca_base_component_repository_open: unable to open mca_rcache_rgpusm: libcuda.so.1: cannot open shared object file: No such file or directory (ignored)
[cmp221.ethernet.delftblue:1455101] mca_base_component_repository_open: unable to open mca_btl_smcuda: libcuda.so.1: cannot open shared object file: No such file or directory (ignored)
[cmp221.ethernet.delftblue:1455110] mca_base_component_repository_open: unable to open mca_rcache_gpusm: libcuda.so.1: cannot open shared object file: No such file or directory (ignored)
[cmp221.ethernet.delftblue:1455110] mca_base_component_repository_open: unable to open mca_rcache_rgpusm: libcuda.so.1: cannot open shared object file: No such file or directory (ignored)
[cmp221.ethernet.delftblue:1455106] mca_base_component_repository_open: unable to open mca_rcache_gpusm: libcuda.so.1: cannot open shared object file: No such file or directory (ignored)
[cmp221.ethernet.delftblue:1455110] mca_base_component_repository_open: unable to open mca_btl_smcuda: libcuda.so.1: cannot open shared object file: No such file or directory (ignored)
[cmp221.ethernet.delftblue:1455106] mca_base_component_repository_open: unable to open mca_rcache_rgpusm: libcuda.so.1: cannot open shared object file: No such file or directory (ignored)
[cmp221.ethernet.delftblue:1455106] mca_base_component_repository_open: unable to open mca_btl_smcuda: libcuda.so.1: cannot open shared object file: No such file or directory (ignored)
[cmp221.ethernet.delftblue:1455103] mca_base_component_repository_open: unable to open mca_rcache_gpusm: libcuda.so.1: cannot open shared object file: No such file or directory (ignored)
[cmp221.ethernet.delftblue:1455103] mca_base_component_repository_open: unable to open mca_rcache_rgpusm: libcuda.so.1: cannot open shared object file: No such file or directory (ignored)
[cmp221.ethernet.delftblue:1455103] mca_base_component_repository_open: unable to open mca_btl_smcuda: libcuda.so.1: cannot open shared object file: No such file or directory (ignored)
[cmp221.ethernet.delftblue:1455105] mca_base_component_repository_open: unable to open mca_rcache_gpusm: libcuda.so.1: cannot open shared object file: No such file or directory (ignored)
[cmp221.ethernet.delftblue:1455100] mca_base_component_repository_open: unable to open mca_rcache_gpusm: libcuda.so.1: cannot open shared object file: No such file or directory (ignored)
[cmp221.ethernet.delftblue:1455105] mca_base_component_repository_open: unable to open mca_rcache_rgpusm: libcuda.so.1: cannot open shared object file: No such file or directory (ignored)
[cmp221.ethernet.delftblue:1455100] mca_base_component_repository_open: unable to open mca_rcache_rgpusm: libcuda.so.1: cannot open shared object file: No such file or directory (ignored)
[cmp221.ethernet.delftblue:1455105] mca_base_component_repository_open: unable to open mca_btl_smcuda: libcuda.so.1: cannot open shared object file: No such file or directory (ignored)
[cmp221.ethernet.delftblue:1455100] mca_base_component_repository_open: unable to open mca_btl_smcuda: libcuda.so.1: cannot open shared object file: No such file or directory (ignored)
[cmp221.ethernet.delftblue:1455104] mca_base_component_repository_open: unable to open mca_rcache_gpusm: libcuda.so.1: cannot open shared object file: No such file or directory (ignored)
[cmp221.ethernet.delftblue:1455107] mca_base_component_repository_open: unable to open mca_rcache_gpusm: libcuda.so.1: cannot open shared object file: No such file or directory (ignored)
[cmp221.ethernet.delftblue:1455104] mca_base_component_repository_open: unable to open mca_rcache_rgpusm: libcuda.so.1: cannot open shared object file: No such file or directory (ignored)
[cmp221.ethernet.delftblue:1455107] mca_base_component_repository_open: unable to open mca_rcache_rgpusm: libcuda.so.1: cannot open shared object file: No such file or directory (ignored)
[cmp221.ethernet.delftblue:1455104] mca_base_component_repository_open: unable to open mca_btl_smcuda: libcuda.so.1: cannot open shared object file: No such file or directory (ignored)
[cmp221.ethernet.delftblue:1455107] mca_base_component_repository_open: unable to open mca_btl_smcuda: libcuda.so.1: cannot open shared object file: No such file or directory (ignored)
[cmp221.ethernet.delftblue:1455102] mca_base_component_repository_open: unable to open mca_rcache_gpusm: libcuda.so.1: cannot open shared object file: No such file or directory (ignored)
[cmp221.ethernet.delftblue:1455102] mca_base_component_repository_open: unable to open mca_rcache_rgpusm: libcuda.so.1: cannot open shared object file: No such file or directory (ignored)
[cmp221.ethernet.delftblue:1455102] mca_base_component_repository_open: unable to open mca_btl_smcuda: libcuda.so.1: cannot open shared object file: No such file or directory (ignored)
[cmp221.ethernet.delftblue:1455258] mca_base_component_repository_open: unable to open mca_accelerator_cuda: libcuda.so.1: cannot open shared object file: No such file or directory (ignored)
[cmp221.ethernet.delftblue:1455257] mca_base_component_repository_open: unable to open mca_accelerator_cuda: libcuda.so.1: cannot open shared object file: No such file or directory (ignored)
[cmp221.ethernet.delftblue:1455253] mca_base_component_repository_open: unable to open mca_accelerator_cuda: libcuda.so.1: cannot open shared object file: No such file or directory (ignored)
[cmp221.ethernet.delftblue:1455258] mca_base_component_repository_open: unable to open mca_rcache_gpusm: libcuda.so.1: cannot open shared object file: No such file or directory (ignored)
[cmp221.ethernet.delftblue:1455258] mca_base_component_repository_open: unable to open mca_rcache_rgpusm: libcuda.so.1: cannot open shared object file: No such file or directory (ignored)
[cmp221.ethernet.delftblue:1455258] mca_base_component_repository_open: unable to open mca_btl_smcuda: libcuda.so.1: cannot open shared object file: No such file or directory (ignored)
[cmp221.ethernet.delftblue:1455257] mca_base_component_repository_open: unable to open mca_rcache_gpusm: libcuda.so.1: cannot open shared object file: No such file or directory (ignored)
[cmp221.ethernet.delftblue:1455263] mca_base_component_repository_open: unable to open mca_accelerator_cuda: libcuda.so.1: cannot open shared object file: No such file or directory (ignored)
[cmp221.ethernet.delftblue:1455262] mca_base_component_repository_open: unable to open mca_accelerator_cuda: libcuda.so.1: cannot open shared object file: No such file or directory (ignored)
[cmp221.ethernet.delftblue:1455257] mca_base_component_repository_open: unable to open mca_rcache_rgpusm: libcuda.so.1: cannot open shared object file: No such file or directory (ignored)
[cmp221.ethernet.delftblue:1455257] mca_base_component_repository_open: unable to open mca_btl_smcuda: libcuda.so.1: cannot open shared object file: No such file or directory (ignored)
[cmp221.ethernet.delftblue:1455259] mca_base_component_repository_open: unable to open mca_accelerator_cuda: libcuda.so.1: cannot open shared object file: No such file or directory (ignored)
[cmp221.ethernet.delftblue:1455254] mca_base_component_repository_open: unable to open mca_accelerator_cuda: libcuda.so.1: cannot open shared object file: No such file or directory (ignored)
[cmp221.ethernet.delftblue:1455256] mca_base_component_repository_open: unable to open mca_accelerator_cuda: libcuda.so.1: cannot open shared object file: No such file or directory (ignored)
[cmp221.ethernet.delftblue:1455261] mca_base_component_repository_open: unable to open mca_accelerator_cuda: libcuda.so.1: cannot open shared object file: No such file or directory (ignored)
[cmp221.ethernet.delftblue:1455265] mca_base_component_repository_open: unable to open mca_accelerator_cuda: libcuda.so.1: cannot open shared object file: No such file or directory (ignored)
[cmp221.ethernet.delftblue:1455255] mca_base_component_repository_open: unable to open mca_accelerator_cuda: libcuda.so.1: cannot open shared object file: No such file or directory (ignored)
[cmp221.ethernet.delftblue:1455260] mca_base_component_repository_open: unable to open mca_accelerator_cuda: libcuda.so.1: cannot open shared object file: No such file or directory (ignored)
[cmp221.ethernet.delftblue:1455252] mca_base_component_repository_open: unable to open mca_accelerator_cuda: libcuda.so.1: cannot open shared object file: No such file or directory (ignored)
[cmp221.ethernet.delftblue:1455264] mca_base_component_repository_open: unable to open mca_accelerator_cuda: libcuda.so.1: cannot open shared object file: No such file or directory (ignored)
[cmp221.ethernet.delftblue:1455253] mca_base_component_repository_open: unable to open mca_rcache_gpusm: libcuda.so.1: cannot open shared object file: No such file or directory (ignored)
[cmp221.ethernet.delftblue:1455253] mca_base_component_repository_open: unable to open mca_rcache_rgpusm: libcuda.so.1: cannot open shared object file: No such file or directory (ignored)
[cmp221.ethernet.delftblue:1455263] mca_base_component_repository_open: unable to open mca_rcache_gpusm: libcuda.so.1: cannot open shared object file: No such file or directory (ignored)
[cmp221.ethernet.delftblue:1455253] mca_base_component_repository_open: unable to open mca_btl_smcuda: libcuda.so.1: cannot open shared object file: No such file or directory (ignored)
[cmp221.ethernet.delftblue:1455263] mca_base_component_repository_open: unable to open mca_rcache_rgpusm: libcuda.so.1: cannot open shared object file: No such file or directory (ignored)
[cmp221.ethernet.delftblue:1455263] mca_base_component_repository_open: unable to open mca_btl_smcuda: libcuda.so.1: cannot open shared object file: No such file or directory (ignored)
[cmp221.ethernet.delftblue:1455262] mca_base_component_repository_open: unable to open mca_rcache_gpusm: libcuda.so.1: cannot open shared object file: No such file or directory (ignored)
[cmp221.ethernet.delftblue:1455259] mca_base_component_repository_open: unable to open mca_rcache_gpusm: libcuda.so.1: cannot open shared object file: No such file or directory (ignored)
[cmp221.ethernet.delftblue:1455254] mca_base_component_repository_open: unable to open mca_rcache_gpusm: libcuda.so.1: cannot open shared object file: No such file or directory (ignored)
[cmp221.ethernet.delftblue:1455256] mca_base_component_repository_open: unable to open mca_rcache_gpusm: libcuda.so.1: cannot open shared object file: No such file or directory (ignored)
[cmp221.ethernet.delftblue:1455262] mca_base_component_repository_open: unable to open mca_rcache_rgpusm: libcuda.so.1: cannot open shared object file: No such file or directory (ignored)
[cmp221.ethernet.delftblue:1455259] mca_base_component_repository_open: unable to open mca_rcache_rgpusm: libcuda.so.1: cannot open shared object file: No such file or directory (ignored)
[cmp221.ethernet.delftblue:1455254] mca_base_component_repository_open: unable to open mca_rcache_rgpusm: libcuda.so.1: cannot open shared object file: No such file or directory (ignored)
[cmp221.ethernet.delftblue:1455256] mca_base_component_repository_open: unable to open mca_rcache_rgpusm: libcuda.so.1: cannot open shared object file: No such file or directory (ignored)
[cmp221.ethernet.delftblue:1455262] mca_base_component_repository_open: unable to open mca_btl_smcuda: libcuda.so.1: cannot open shared object file: No such file or directory (ignored)
[cmp221.ethernet.delftblue:1455259] mca_base_component_repository_open: unable to open mca_btl_smcuda: libcuda.so.1: cannot open shared object file: No such file or directory (ignored)
[cmp221.ethernet.delftblue:1455254] mca_base_component_repository_open: unable to open mca_btl_smcuda: libcuda.so.1: cannot open shared object file: No such file or directory (ignored)
[cmp221.ethernet.delftblue:1455256] mca_base_component_repository_open: unable to open mca_btl_smcuda: libcuda.so.1: cannot open shared object file: No such file or directory (ignored)
[cmp221.ethernet.delftblue:1455261] mca_base_component_repository_open: unable to open mca_rcache_gpusm: libcuda.so.1: cannot open shared object file: No such file or directory (ignored)
[cmp221.ethernet.delftblue:1455261] mca_base_component_repository_open: unable to open mca_rcache_rgpusm: libcuda.so.1: cannot open shared object file: No such file or directory (ignored)
[cmp221.ethernet.delftblue:1455261] mca_base_component_repository_open: unable to open mca_btl_smcuda: libcuda.so.1: cannot open shared object file: No such file or directory (ignored)
[cmp221.ethernet.delftblue:1455265] mca_base_component_repository_open: unable to open mca_rcache_gpusm: libcuda.so.1: cannot open shared object file: No such file or directory (ignored)
[cmp221.ethernet.delftblue:1455265] mca_base_component_repository_open: unable to open mca_rcache_rgpusm: libcuda.so.1: cannot open shared object file: No such file or directory (ignored)
[cmp221.ethernet.delftblue:1455265] mca_base_component_repository_open: unable to open mca_btl_smcuda: libcuda.so.1: cannot open shared object file: No such file or directory (ignored)
[cmp221.ethernet.delftblue:1455260] mca_base_component_repository_open: unable to open mca_rcache_gpusm: libcuda.so.1: cannot open shared object file: No such file or directory (ignored)
[cmp221.ethernet.delftblue:1455255] mca_base_component_repository_open: unable to open mca_rcache_gpusm: libcuda.so.1: cannot open shared object file: No such file or directory (ignored)
[cmp221.ethernet.delftblue:1455252] mca_base_component_repository_open: unable to open mca_rcache_gpusm: libcuda.so.1: cannot open shared object file: No such file or directory (ignored)
[cmp221.ethernet.delftblue:1455264] mca_base_component_repository_open: unable to open mca_rcache_gpusm: libcuda.so.1: cannot open shared object file: No such file or directory (ignored)
[cmp221.ethernet.delftblue:1455260] mca_base_component_repository_open: unable to open mca_rcache_rgpusm: libcuda.so.1: cannot open shared object file: No such file or directory (ignored)
[cmp221.ethernet.delftblue:1455255] mca_base_component_repository_open: unable to open mca_rcache_rgpusm: libcuda.so.1: cannot open shared object file: No such file or directory (ignored)
[cmp221.ethernet.delftblue:1455252] mca_base_component_repository_open: unable to open mca_rcache_rgpusm: libcuda.so.1: cannot open shared object file: No such file or directory (ignored)
[cmp221.ethernet.delftblue:1455264] mca_base_component_repository_open: unable to open mca_rcache_rgpusm: libcuda.so.1: cannot open shared object file: No such file or directory (ignored)
[cmp221.ethernet.delftblue:1455260] mca_base_component_repository_open: unable to open mca_btl_smcuda: libcuda.so.1: cannot open shared object file: No such file or directory (ignored)
[cmp221.ethernet.delftblue:1455255] mca_base_component_repository_open: unable to open mca_btl_smcuda: libcuda.so.1: cannot open shared object file: No such file or directory (ignored)
[cmp221.ethernet.delftblue:1455264] mca_base_component_repository_open: unable to open mca_btl_smcuda: libcuda.so.1: cannot open shared object file: No such file or directory (ignored)
[cmp221.ethernet.delftblue:1455252] mca_base_component_repository_open: unable to open mca_btl_smcuda: libcuda.so.1: cannot open shared object file: No such file or directory (ignored)
[cmp221.ethernet.delftblue:1455428] mca_base_component_repository_open: unable to open mca_accelerator_cuda: libcuda.so.1: cannot open shared object file: No such file or directory (ignored)
[cmp221.ethernet.delftblue:1455427] mca_base_component_repository_open: unable to open mca_accelerator_cuda: libcuda.so.1: cannot open shared object file: No such file or directory (ignored)
[cmp221.ethernet.delftblue:1455435] mca_base_component_repository_open: unable to open mca_accelerator_cuda: libcuda.so.1: cannot open shared object file: No such file or directory (ignored)
[cmp221.ethernet.delftblue:1455430] mca_base_component_repository_open: unable to open mca_accelerator_cuda: libcuda.so.1: cannot open shared object file: No such file or directory (ignored)
[cmp221.ethernet.delftblue:1455428] mca_base_component_repository_open: unable to open mca_rcache_gpusm: libcuda.so.1: cannot open shared object file: No such file or directory (ignored)
[cmp221.ethernet.delftblue:1455435] mca_base_component_repository_open: unable to open mca_rcache_gpusm: libcuda.so.1: cannot open shared object file: No such file or directory (ignored)
[cmp221.ethernet.delftblue:1455428] mca_base_component_repository_open: unable to open mca_rcache_rgpusm: libcuda.so.1: cannot open shared object file: No such file or directory (ignored)
[cmp221.ethernet.delftblue:1455435] mca_base_component_repository_open: unable to open mca_rcache_rgpusm: libcuda.so.1: cannot open shared object file: No such file or directory (ignored)
[cmp221.ethernet.delftblue:1455428] mca_base_component_repository_open: unable to open mca_btl_smcuda: libcuda.so.1: cannot open shared object file: No such file or directory (ignored)
[cmp221.ethernet.delftblue:1455435] mca_base_component_repository_open: unable to open mca_btl_smcuda: libcuda.so.1: cannot open shared object file: No such file or directory (ignored)
[cmp221.ethernet.delftblue:1455432] mca_base_component_repository_open: unable to open mca_accelerator_cuda: libcuda.so.1: cannot open shared object file: No such file or directory (ignored)
[cmp221.ethernet.delftblue:1455434] mca_base_component_repository_open: unable to open mca_accelerator_cuda: libcuda.so.1: cannot open shared object file: No such file or directory (ignored)
[cmp221.ethernet.delftblue:1455437] mca_base_component_repository_open: unable to open mca_accelerator_cuda: libcuda.so.1: cannot open shared object file: No such file or directory (ignored)
[cmp221.ethernet.delftblue:1455427] mca_base_component_repository_open: unable to open mca_rcache_gpusm: libcuda.so.1: cannot open shared object file: No such file or directory (ignored)
[cmp221.ethernet.delftblue:1455436] mca_base_component_repository_open: unable to open mca_accelerator_cuda: libcuda.so.1: cannot open shared object file: No such file or directory (ignored)
[cmp221.ethernet.delftblue:1455438] mca_base_component_repository_open: unable to open mca_accelerator_cuda: libcuda.so.1: cannot open shared object file: No such file or directory (ignored)
[cmp221.ethernet.delftblue:1455427] mca_base_component_repository_open: unable to open mca_rcache_rgpusm: libcuda.so.1: cannot open shared object file: No such file or directory (ignored)
[cmp221.ethernet.delftblue:1455427] mca_base_component_repository_open: unable to open mca_btl_smcuda: libcuda.so.1: cannot open shared object file: No such file or directory (ignored)
[cmp221.ethernet.delftblue:1455431] mca_base_component_repository_open: unable to open mca_accelerator_cuda: libcuda.so.1: cannot open shared object file: No such file or directory (ignored)
[cmp221.ethernet.delftblue:1455433] mca_base_component_repository_open: unable to open mca_accelerator_cuda: libcuda.so.1: cannot open shared object file: No such file or directory (ignored)
[cmp221.ethernet.delftblue:1455439] mca_base_component_repository_open: unable to open mca_accelerator_cuda: libcuda.so.1: cannot open shared object file: No such file or directory (ignored)
[cmp221.ethernet.delftblue:1455441] mca_base_component_repository_open: unable to open mca_accelerator_cuda: libcuda.so.1: cannot open shared object file: No such file or directory (ignored)
[cmp221.ethernet.delftblue:1455440] mca_base_component_repository_open: unable to open mca_accelerator_cuda: libcuda.so.1: cannot open shared object file: No such file or directory (ignored)
[cmp221.ethernet.delftblue:1455429] mca_base_component_repository_open: unable to open mca_accelerator_cuda: libcuda.so.1: cannot open shared object file: No such file or directory (ignored)
[cmp221.ethernet.delftblue:1455426] mca_base_component_repository_open: unable to open mca_accelerator_cuda: libcuda.so.1: cannot open shared object file: No such file or directory (ignored)
[cmp221.ethernet.delftblue:1455430] mca_base_component_repository_open: unable to open mca_rcache_gpusm: libcuda.so.1: cannot open shared object file: No such file or directory (ignored)
[cmp221.ethernet.delftblue:1455432] mca_base_component_repository_open: unable to open mca_rcache_gpusm: libcuda.so.1: cannot open shared object file: No such file or directory (ignored)
[cmp221.ethernet.delftblue:1455430] mca_base_component_repository_open: unable to open mca_rcache_rgpusm: libcuda.so.1: cannot open shared object file: No such file or directory (ignored)
[cmp221.ethernet.delftblue:1455434] mca_base_component_repository_open: unable to open mca_rcache_gpusm: libcuda.so.1: cannot open shared object file: No such file or directory (ignored)
[cmp221.ethernet.delftblue:1455437] mca_base_component_repository_open: unable to open mca_rcache_gpusm: libcuda.so.1: cannot open shared object file: No such file or directory (ignored)
[cmp221.ethernet.delftblue:1455432] mca_base_component_repository_open: unable to open mca_rcache_rgpusm: libcuda.so.1: cannot open shared object file: No such file or directory (ignored)
[cmp221.ethernet.delftblue:1455430] mca_base_component_repository_open: unable to open mca_btl_smcuda: libcuda.so.1: cannot open shared object file: No such file or directory (ignored)
[cmp221.ethernet.delftblue:1455437] mca_base_component_repository_open: unable to open mca_rcache_rgpusm: libcuda.so.1: cannot open shared object file: No such file or directory (ignored)
[cmp221.ethernet.delftblue:1455434] mca_base_component_repository_open: unable to open mca_rcache_rgpusm: libcuda.so.1: cannot open shared object file: No such file or directory (ignored)
[cmp221.ethernet.delftblue:1455432] mca_base_component_repository_open: unable to open mca_btl_smcuda: libcuda.so.1: cannot open shared object file: No such file or directory (ignored)
[cmp221.ethernet.delftblue:1455437] mca_base_component_repository_open: unable to open mca_btl_smcuda: libcuda.so.1: cannot open shared object file: No such file or directory (ignored)
[cmp221.ethernet.delftblue:1455434] mca_base_component_repository_open: unable to open mca_btl_smcuda: libcuda.so.1: cannot open shared object file: No such file or directory (ignored)
[cmp221.ethernet.delftblue:1455438] mca_base_component_repository_open: unable to open mca_rcache_gpusm: libcuda.so.1: cannot open shared object file: No such file or directory (ignored)
[cmp221.ethernet.delftblue:1455431] mca_base_component_repository_open: unable to open mca_rcache_gpusm: libcuda.so.1: cannot open shared object file: No such file or directory (ignored)
[cmp221.ethernet.delftblue:1455436] mca_base_component_repository_open: unable to open mca_rcache_gpusm: libcuda.so.1: cannot open shared object file: No such file or directory (ignored)
[cmp221.ethernet.delftblue:1455438] mca_base_component_repository_open: unable to open mca_rcache_rgpusm: libcuda.so.1: cannot open shared object file: No such file or directory (ignored)
[cmp221.ethernet.delftblue:1455431] mca_base_component_repository_open: unable to open mca_rcache_rgpusm: libcuda.so.1: cannot open shared object file: No such file or directory (ignored)
[cmp221.ethernet.delftblue:1455436] mca_base_component_repository_open: unable to open mca_rcache_rgpusm: libcuda.so.1: cannot open shared object file: No such file or directory (ignored)
[cmp221.ethernet.delftblue:1455438] mca_base_component_repository_open: unable to open mca_btl_smcuda: libcuda.so.1: cannot open shared object file: No such file or directory (ignored)
[cmp221.ethernet.delftblue:1455431] mca_base_component_repository_open: unable to open mca_btl_smcuda: libcuda.so.1: cannot open shared object file: No such file or directory (ignored)
[cmp221.ethernet.delftblue:1455436] mca_base_component_repository_open: unable to open mca_btl_smcuda: libcuda.so.1: cannot open shared object file: No such file or directory (ignored)
[cmp221.ethernet.delftblue:1455433] mca_base_component_repository_open: unable to open mca_rcache_gpusm: libcuda.so.1: cannot open shared object file: No such file or directory (ignored)
[cmp221.ethernet.delftblue:1455433] mca_base_component_repository_open: unable to open mca_rcache_rgpusm: libcuda.so.1: cannot open shared object file: No such file or directory (ignored)
[cmp221.ethernet.delftblue:1455433] mca_base_component_repository_open: unable to open mca_btl_smcuda: libcuda.so.1: cannot open shared object file: No such file or directory (ignored)
[cmp221.ethernet.delftblue:1455440] mca_base_component_repository_open: unable to open mca_rcache_gpusm: libcuda.so.1: cannot open shared object file: No such file or directory (ignored)
[cmp221.ethernet.delftblue:1455441] mca_base_component_repository_open: unable to open mca_rcache_gpusm: libcuda.so.1: cannot open shared object file: No such file or directory (ignored)
[cmp221.ethernet.delftblue:1455440] mca_base_component_repository_open: unable to open mca_rcache_rgpusm: libcuda.so.1: cannot open shared object file: No such file or directory (ignored)
[cmp221.ethernet.delftblue:1455441] mca_base_component_repository_open: unable to open mca_rcache_rgpusm: libcuda.so.1: cannot open shared object file: No such file or directory (ignored)
[cmp221.ethernet.delftblue:1455429] mca_base_component_repository_open: unable to open mca_rcache_gpusm: libcuda.so.1: cannot open shared object file: No such file or directory (ignored)
[cmp221.ethernet.delftblue:1455440] mca_base_component_repository_open: unable to open mca_btl_smcuda: libcuda.so.1: cannot open shared object file: No such file or directory (ignored)
[cmp221.ethernet.delftblue:1455426] mca_base_component_repository_open: unable to open mca_rcache_gpusm: libcuda.so.1: cannot open shared object file: No such file or directory (ignored)
[cmp221.ethernet.delftblue:1455441] mca_base_component_repository_open: unable to open mca_btl_smcuda: libcuda.so.1: cannot open shared object file: No such file or directory (ignored)
[cmp221.ethernet.delftblue:1455429] mca_base_component_repository_open: unable to open mca_rcache_rgpusm: libcuda.so.1: cannot open shared object file: No such file or directory (ignored)
[cmp221.ethernet.delftblue:1455426] mca_base_component_repository_open: unable to open mca_rcache_rgpusm: libcuda.so.1: cannot open shared object file: No such file or directory (ignored)
[cmp221.ethernet.delftblue:1455429] mca_base_component_repository_open: unable to open mca_btl_smcuda: libcuda.so.1: cannot open shared object file: No such file or directory (ignored)
[cmp221.ethernet.delftblue:1455426] mca_base_component_repository_open: unable to open mca_btl_smcuda: libcuda.so.1: cannot open shared object file: No such file or directory (ignored)
[cmp221.ethernet.delftblue:1455439] mca_base_component_repository_open: unable to open mca_rcache_gpusm: libcuda.so.1: cannot open shared object file: No such file or directory (ignored)
[cmp221.ethernet.delftblue:1455439] mca_base_component_repository_open: unable to open mca_rcache_rgpusm: libcuda.so.1: cannot open shared object file: No such file or directory (ignored)
[cmp221.ethernet.delftblue:1455439] mca_base_component_repository_open: unable to open mca_btl_smcuda: libcuda.so.1: cannot open shared object file: No such file or directory (ignored)
[cmp221.ethernet.delftblue:1455618] mca_base_component_repository_open: unable to open mca_accelerator_cuda: libcuda.so.1: cannot open shared object file: No such file or directory (ignored)
[cmp221.ethernet.delftblue:1455618] mca_base_component_repository_open: unable to open mca_rcache_gpusm: libcuda.so.1: cannot open shared object file: No such file or directory (ignored)
[cmp221.ethernet.delftblue:1455618] mca_base_component_repository_open: unable to open mca_rcache_rgpusm: libcuda.so.1: cannot open shared object file: No such file or directory (ignored)
[cmp221.ethernet.delftblue:1455618] mca_base_component_repository_open: unable to open mca_btl_smcuda: libcuda.so.1: cannot open shared object file: No such file or directory (ignored)
[cmp221.ethernet.delftblue:1455662] mca_base_component_repository_open: unable to open mca_accelerator_cuda: libcuda.so.1: cannot open shared object file: No such file or directory (ignored)
[cmp221.ethernet.delftblue:1455663] mca_base_component_repository_open: unable to open mca_accelerator_cuda: libcuda.so.1: cannot open shared object file: No such file or directory (ignored)
[cmp221.ethernet.delftblue:1455663] mca_base_component_repository_open: unable to open mca_rcache_gpusm: libcuda.so.1: cannot open shared object file: No such file or directory (ignored)
[cmp221.ethernet.delftblue:1455662] mca_base_component_repository_open: unable to open mca_rcache_gpusm: libcuda.so.1: cannot open shared object file: No such file or directory (ignored)
[cmp221.ethernet.delftblue:1455663] mca_base_component_repository_open: unable to open mca_rcache_rgpusm: libcuda.so.1: cannot open shared object file: No such file or directory (ignored)
[cmp221.ethernet.delftblue:1455662] mca_base_component_repository_open: unable to open mca_rcache_rgpusm: libcuda.so.1: cannot open shared object file: No such file or directory (ignored)
[cmp221.ethernet.delftblue:1455662] mca_base_component_repository_open: unable to open mca_btl_smcuda: libcuda.so.1: cannot open shared object file: No such file or directory (ignored)
[cmp221.ethernet.delftblue:1455663] mca_base_component_repository_open: unable to open mca_btl_smcuda: libcuda.so.1: cannot open shared object file: No such file or directory (ignored)
[cmp221.ethernet.delftblue:1455716] mca_base_component_repository_open: unable to open mca_accelerator_cuda: libcuda.so.1: cannot open shared object file: No such file or directory (ignored)
[cmp221.ethernet.delftblue:1455718] mca_base_component_repository_open: unable to open mca_accelerator_cuda: libcuda.so.1: cannot open shared object file: No such file or directory (ignored)
[cmp221.ethernet.delftblue:1455717] mca_base_component_repository_open: unable to open mca_accelerator_cuda: libcuda.so.1: cannot open shared object file: No such file or directory (ignored)
[cmp221.ethernet.delftblue:1455715] mca_base_component_repository_open: unable to open mca_accelerator_cuda: libcuda.so.1: cannot open shared object file: No such file or directory (ignored)
[cmp221.ethernet.delftblue:1455716] mca_base_component_repository_open: unable to open mca_rcache_gpusm: libcuda.so.1: cannot open shared object file: No such file or directory (ignored)
[cmp221.ethernet.delftblue:1455718] mca_base_component_repository_open: unable to open mca_rcache_gpusm: libcuda.so.1: cannot open shared object file: No such file or directory (ignored)
[cmp221.ethernet.delftblue:1455716] mca_base_component_repository_open: unable to open mca_rcache_rgpusm: libcuda.so.1: cannot open shared object file: No such file or directory (ignored)
[cmp221.ethernet.delftblue:1455718] mca_base_component_repository_open: unable to open mca_rcache_rgpusm: libcuda.so.1: cannot open shared object file: No such file or directory (ignored)
[cmp221.ethernet.delftblue:1455718] mca_base_component_repository_open: unable to open mca_btl_smcuda: libcuda.so.1: cannot open shared object file: No such file or directory (ignored)
[cmp221.ethernet.delftblue:1455717] mca_base_component_repository_open: unable to open mca_rcache_gpusm: libcuda.so.1: cannot open shared object file: No such file or directory (ignored)
[cmp221.ethernet.delftblue:1455717] mca_base_component_repository_open: unable to open mca_rcache_rgpusm: libcuda.so.1: cannot open shared object file: No such file or directory (ignored)
[cmp221.ethernet.delftblue:1455717] mca_base_component_repository_open: unable to open mca_btl_smcuda: libcuda.so.1: cannot open shared object file: No such file or directory (ignored)
[cmp221.ethernet.delftblue:1455715] mca_base_component_repository_open: unable to open mca_rcache_gpusm: libcuda.so.1: cannot open shared object file: No such file or directory (ignored)
[cmp221.ethernet.delftblue:1455715] mca_base_component_repository_open: unable to open mca_rcache_rgpusm: libcuda.so.1: cannot open shared object file: No such file or directory (ignored)
[cmp221.ethernet.delftblue:1455716] mca_base_component_repository_open: unable to open mca_btl_smcuda: libcuda.so.1: cannot open shared object file: No such file or directory (ignored)
[cmp221.ethernet.delftblue:1455715] mca_base_component_repository_open: unable to open mca_btl_smcuda: libcuda.so.1: cannot open shared object file: No such file or directory (ignored)
[cmp221.ethernet.delftblue:1455792] mca_base_component_repository_open: unable to open mca_accelerator_cuda: libcuda.so.1: cannot open shared object file: No such file or directory (ignored)
[cmp221.ethernet.delftblue:1455790] mca_base_component_repository_open: unable to open mca_accelerator_cuda: libcuda.so.1: cannot open shared object file: No such file or directory (ignored)
[cmp221.ethernet.delftblue:1455791] mca_base_component_repository_open: unable to open mca_accelerator_cuda: libcuda.so.1: cannot open shared object file: No such file or directory (ignored)
[cmp221.ethernet.delftblue:1455789] mca_base_component_repository_open: unable to open mca_accelerator_cuda: libcuda.so.1: cannot open shared object file: No such file or directory (ignored)
[cmp221.ethernet.delftblue:1455793] mca_base_component_repository_open: unable to open mca_accelerator_cuda: libcuda.so.1: cannot open shared object file: No such file or directory (ignored)
[cmp221.ethernet.delftblue:1455788] mca_base_component_repository_open: unable to open mca_accelerator_cuda: libcuda.so.1: cannot open shared object file: No such file or directory (ignored)
[cmp221.ethernet.delftblue:1455790] mca_base_component_repository_open: unable to open mca_rcache_gpusm: libcuda.so.1: cannot open shared object file: No such file or directory (ignored)
[cmp221.ethernet.delftblue:1455790] mca_base_component_repository_open: unable to open mca_rcache_rgpusm: libcuda.so.1: cannot open shared object file: No such file or directory (ignored)
[cmp221.ethernet.delftblue:1455790] mca_base_component_repository_open: unable to open mca_btl_smcuda: libcuda.so.1: cannot open shared object file: No such file or directory (ignored)
[cmp221.ethernet.delftblue:1455792] mca_base_component_repository_open: unable to open mca_rcache_gpusm: libcuda.so.1: cannot open shared object file: No such file or directory (ignored)
[cmp221.ethernet.delftblue:1455792] mca_base_component_repository_open: unable to open mca_rcache_rgpusm: libcuda.so.1: cannot open shared object file: No such file or directory (ignored)
[cmp221.ethernet.delftblue:1455792] mca_base_component_repository_open: unable to open mca_btl_smcuda: libcuda.so.1: cannot open shared object file: No such file or directory (ignored)
[cmp221.ethernet.delftblue:1455789] mca_base_component_repository_open: unable to open mca_rcache_gpusm: libcuda.so.1: cannot open shared object file: No such file or directory (ignored)
[cmp221.ethernet.delftblue:1455789] mca_base_component_repository_open: unable to open mca_rcache_rgpusm: libcuda.so.1: cannot open shared object file: No such file or directory (ignored)
[cmp221.ethernet.delftblue:1455791] mca_base_component_repository_open: unable to open mca_rcache_gpusm: libcuda.so.1: cannot open shared object file: No such file or directory (ignored)
[cmp221.ethernet.delftblue:1455793] mca_base_component_repository_open: unable to open mca_rcache_gpusm: libcuda.so.1: cannot open shared object file: No such file or directory (ignored)
[cmp221.ethernet.delftblue:1455789] mca_base_component_repository_open: unable to open mca_btl_smcuda: libcuda.so.1: cannot open shared object file: No such file or directory (ignored)
[cmp221.ethernet.delftblue:1455791] mca_base_component_repository_open: unable to open mca_rcache_rgpusm: libcuda.so.1: cannot open shared object file: No such file or directory (ignored)
[cmp221.ethernet.delftblue:1455793] mca_base_component_repository_open: unable to open mca_rcache_rgpusm: libcuda.so.1: cannot open shared object file: No such file or directory (ignored)
[cmp221.ethernet.delftblue:1455788] mca_base_component_repository_open: unable to open mca_rcache_gpusm: libcuda.so.1: cannot open shared object file: No such file or directory (ignored)
[cmp221.ethernet.delftblue:1455791] mca_base_component_repository_open: unable to open mca_btl_smcuda: libcuda.so.1: cannot open shared object file: No such file or directory (ignored)
[cmp221.ethernet.delftblue:1455793] mca_base_component_repository_open: unable to open mca_btl_smcuda: libcuda.so.1: cannot open shared object file: No such file or directory (ignored)
[cmp221.ethernet.delftblue:1455788] mca_base_component_repository_open: unable to open mca_rcache_rgpusm: libcuda.so.1: cannot open shared object file: No such file or directory (ignored)
[cmp221.ethernet.delftblue:1455788] mca_base_component_repository_open: unable to open mca_btl_smcuda: libcuda.so.1: cannot open shared object file: No such file or directory (ignored)
[cmp221.ethernet.delftblue:1455885] mca_base_component_repository_open: unable to open mca_accelerator_cuda: libcuda.so.1: cannot open shared object file: No such file or directory (ignored)
[cmp221.ethernet.delftblue:1455883] mca_base_component_repository_open: unable to open mca_accelerator_cuda: libcuda.so.1: cannot open shared object file: No such file or directory (ignored)
[cmp221.ethernet.delftblue:1455887] mca_base_component_repository_open: unable to open mca_accelerator_cuda: libcuda.so.1: cannot open shared object file: No such file or directory (ignored)
[cmp221.ethernet.delftblue:1455886] mca_base_component_repository_open: unable to open mca_accelerator_cuda: libcuda.so.1: cannot open shared object file: No such file or directory (ignored)
[cmp221.ethernet.delftblue:1455882] mca_base_component_repository_open: unable to open mca_accelerator_cuda: libcuda.so.1: cannot open shared object file: No such file or directory (ignored)
[cmp221.ethernet.delftblue:1455884] mca_base_component_repository_open: unable to open mca_accelerator_cuda: libcuda.so.1: cannot open shared object file: No such file or directory (ignored)
[cmp221.ethernet.delftblue:1455881] mca_base_component_repository_open: unable to open mca_accelerator_cuda: libcuda.so.1: cannot open shared object file: No such file or directory (ignored)
[cmp221.ethernet.delftblue:1455888] mca_base_component_repository_open: unable to open mca_accelerator_cuda: libcuda.so.1: cannot open shared object file: No such file or directory (ignored)
[cmp221.ethernet.delftblue:1455885] mca_base_component_repository_open: unable to open mca_rcache_gpusm: libcuda.so.1: cannot open shared object file: No such file or directory (ignored)
[cmp221.ethernet.delftblue:1455885] mca_base_component_repository_open: unable to open mca_rcache_rgpusm: libcuda.so.1: cannot open shared object file: No such file or directory (ignored)
[cmp221.ethernet.delftblue:1455885] mca_base_component_repository_open: unable to open mca_btl_smcuda: libcuda.so.1: cannot open shared object file: No such file or directory (ignored)
[cmp221.ethernet.delftblue:1455883] mca_base_component_repository_open: unable to open mca_rcache_gpusm: libcuda.so.1: cannot open shared object file: No such file or directory (ignored)
[cmp221.ethernet.delftblue:1455887] mca_base_component_repository_open: unable to open mca_rcache_gpusm: libcuda.so.1: cannot open shared object file: No such file or directory (ignored)
[cmp221.ethernet.delftblue:1455883] mca_base_component_repository_open: unable to open mca_rcache_rgpusm: libcuda.so.1: cannot open shared object file: No such file or directory (ignored)
[cmp221.ethernet.delftblue:1455887] mca_base_component_repository_open: unable to open mca_rcache_rgpusm: libcuda.so.1: cannot open shared object file: No such file or directory (ignored)
[cmp221.ethernet.delftblue:1455883] mca_base_component_repository_open: unable to open mca_btl_smcuda: libcuda.so.1: cannot open shared object file: No such file or directory (ignored)
[cmp221.ethernet.delftblue:1455887] mca_base_component_repository_open: unable to open mca_btl_smcuda: libcuda.so.1: cannot open shared object file: No such file or directory (ignored)
[cmp221.ethernet.delftblue:1455886] mca_base_component_repository_open: unable to open mca_rcache_gpusm: libcuda.so.1: cannot open shared object file: No such file or directory (ignored)
[cmp221.ethernet.delftblue:1455886] mca_base_component_repository_open: unable to open mca_rcache_rgpusm: libcuda.so.1: cannot open shared object file: No such file or directory (ignored)
[cmp221.ethernet.delftblue:1455886] mca_base_component_repository_open: unable to open mca_btl_smcuda: libcuda.so.1: cannot open shared object file: No such file or directory (ignored)
[cmp221.ethernet.delftblue:1455882] mca_base_component_repository_open: unable to open mca_rcache_gpusm: libcuda.so.1: cannot open shared object file: No such file or directory (ignored)
[cmp221.ethernet.delftblue:1455882] mca_base_component_repository_open: unable to open mca_rcache_rgpusm: libcuda.so.1: cannot open shared object file: No such file or directory (ignored)
[cmp221.ethernet.delftblue:1455882] mca_base_component_repository_open: unable to open mca_btl_smcuda: libcuda.so.1: cannot open shared object file: No such file or directory (ignored)
[cmp221.ethernet.delftblue:1455888] mca_base_component_repository_open: unable to open mca_rcache_gpusm: libcuda.so.1: cannot open shared object file: No such file or directory (ignored)
[cmp221.ethernet.delftblue:1455888] mca_base_component_repository_open: unable to open mca_rcache_rgpusm: libcuda.so.1: cannot open shared object file: No such file or directory (ignored)
[cmp221.ethernet.delftblue:1455888] mca_base_component_repository_open: unable to open mca_btl_smcuda: libcuda.so.1: cannot open shared object file: No such file or directory (ignored)
[cmp221.ethernet.delftblue:1455884] mca_base_component_repository_open: unable to open mca_rcache_gpusm: libcuda.so.1: cannot open shared object file: No such file or directory (ignored)
[cmp221.ethernet.delftblue:1455884] mca_base_component_repository_open: unable to open mca_rcache_rgpusm: libcuda.so.1: cannot open shared object file: No such file or directory (ignored)
[cmp221.ethernet.delftblue:1455884] mca_base_component_repository_open: unable to open mca_btl_smcuda: libcuda.so.1: cannot open shared object file: No such file or directory (ignored)
[cmp221.ethernet.delftblue:1455881] mca_base_component_repository_open: unable to open mca_rcache_gpusm: libcuda.so.1: cannot open shared object file: No such file or directory (ignored)
[cmp221.ethernet.delftblue:1455881] mca_base_component_repository_open: unable to open mca_rcache_rgpusm: libcuda.so.1: cannot open shared object file: No such file or directory (ignored)
[cmp221.ethernet.delftblue:1455881] mca_base_component_repository_open: unable to open mca_btl_smcuda: libcuda.so.1: cannot open shared object file: No such file or directory (ignored)
[cmp221.ethernet.delftblue:1455999] mca_base_component_repository_open: unable to open mca_accelerator_cuda: libcuda.so.1: cannot open shared object file: No such file or directory (ignored)
[cmp221.ethernet.delftblue:1456003] mca_base_component_repository_open: unable to open mca_accelerator_cuda: libcuda.so.1: cannot open shared object file: No such file or directory (ignored)
[cmp221.ethernet.delftblue:1456001] mca_base_component_repository_open: unable to open mca_accelerator_cuda: libcuda.so.1: cannot open shared object file: No such file or directory (ignored)
[cmp221.ethernet.delftblue:1456002] mca_base_component_repository_open: unable to open mca_accelerator_cuda: libcuda.so.1: cannot open shared object file: No such file or directory (ignored)
[cmp221.ethernet.delftblue:1455998] mca_base_component_repository_open: unable to open mca_accelerator_cuda: libcuda.so.1: cannot open shared object file: No such file or directory (ignored)
[cmp221.ethernet.delftblue:1455996] mca_base_component_repository_open: unable to open mca_accelerator_cuda: libcuda.so.1: cannot open shared object file: No such file or directory (ignored)
[cmp221.ethernet.delftblue:1455995] mca_base_component_repository_open: unable to open mca_accelerator_cuda: libcuda.so.1: cannot open shared object file: No such file or directory (ignored)
[cmp221.ethernet.delftblue:1455997] mca_base_component_repository_open: unable to open mca_accelerator_cuda: libcuda.so.1: cannot open shared object file: No such file or directory (ignored)
[cmp221.ethernet.delftblue:1456000] mca_base_component_repository_open: unable to open mca_accelerator_cuda: libcuda.so.1: cannot open shared object file: No such file or directory (ignored)
[cmp221.ethernet.delftblue:1455999] mca_base_component_repository_open: unable to open mca_rcache_gpusm: libcuda.so.1: cannot open shared object file: No such file or directory (ignored)
[cmp221.ethernet.delftblue:1455994] mca_base_component_repository_open: unable to open mca_accelerator_cuda: libcuda.so.1: cannot open shared object file: No such file or directory (ignored)
[cmp221.ethernet.delftblue:1455999] mca_base_component_repository_open: unable to open mca_rcache_rgpusm: libcuda.so.1: cannot open shared object file: No such file or directory (ignored)
[cmp221.ethernet.delftblue:1455999] mca_base_component_repository_open: unable to open mca_btl_smcuda: libcuda.so.1: cannot open shared object file: No such file or directory (ignored)
[cmp221.ethernet.delftblue:1456003] mca_base_component_repository_open: unable to open mca_rcache_gpusm: libcuda.so.1: cannot open shared object file: No such file or directory (ignored)
[cmp221.ethernet.delftblue:1456003] mca_base_component_repository_open: unable to open mca_rcache_rgpusm: libcuda.so.1: cannot open shared object file: No such file or directory (ignored)
[cmp221.ethernet.delftblue:1456003] mca_base_component_repository_open: unable to open mca_btl_smcuda: libcuda.so.1: cannot open shared object file: No such file or directory (ignored)
[cmp221.ethernet.delftblue:1456001] mca_base_component_repository_open: unable to open mca_rcache_gpusm: libcuda.so.1: cannot open shared object file: No such file or directory (ignored)
[cmp221.ethernet.delftblue:1456002] mca_base_component_repository_open: unable to open mca_rcache_gpusm: libcuda.so.1: cannot open shared object file: No such file or directory (ignored)
[cmp221.ethernet.delftblue:1456001] mca_base_component_repository_open: unable to open mca_rcache_rgpusm: libcuda.so.1: cannot open shared object file: No such file or directory (ignored)
[cmp221.ethernet.delftblue:1456002] mca_base_component_repository_open: unable to open mca_rcache_rgpusm: libcuda.so.1: cannot open shared object file: No such file or directory (ignored)
[cmp221.ethernet.delftblue:1456001] mca_base_component_repository_open: unable to open mca_btl_smcuda: libcuda.so.1: cannot open shared object file: No such file or directory (ignored)
[cmp221.ethernet.delftblue:1456002] mca_base_component_repository_open: unable to open mca_btl_smcuda: libcuda.so.1: cannot open shared object file: No such file or directory (ignored)
[cmp221.ethernet.delftblue:1455998] mca_base_component_repository_open: unable to open mca_rcache_gpusm: libcuda.so.1: cannot open shared object file: No such file or directory (ignored)
[cmp221.ethernet.delftblue:1455996] mca_base_component_repository_open: unable to open mca_rcache_gpusm: libcuda.so.1: cannot open shared object file: No such file or directory (ignored)
[cmp221.ethernet.delftblue:1455998] mca_base_component_repository_open: unable to open mca_rcache_rgpusm: libcuda.so.1: cannot open shared object file: No such file or directory (ignored)
[cmp221.ethernet.delftblue:1455996] mca_base_component_repository_open: unable to open mca_rcache_rgpusm: libcuda.so.1: cannot open shared object file: No such file or directory (ignored)
[cmp221.ethernet.delftblue:1455998] mca_base_component_repository_open: unable to open mca_btl_smcuda: libcuda.so.1: cannot open shared object file: No such file or directory (ignored)
[cmp221.ethernet.delftblue:1455996] mca_base_component_repository_open: unable to open mca_btl_smcuda: libcuda.so.1: cannot open shared object file: No such file or directory (ignored)
[cmp221.ethernet.delftblue:1455995] mca_base_component_repository_open: unable to open mca_rcache_gpusm: libcuda.so.1: cannot open shared object file: No such file or directory (ignored)
[cmp221.ethernet.delftblue:1455995] mca_base_component_repository_open: unable to open mca_rcache_rgpusm: libcuda.so.1: cannot open shared object file: No such file or directory (ignored)
[cmp221.ethernet.delftblue:1455995] mca_base_component_repository_open: unable to open mca_btl_smcuda: libcuda.so.1: cannot open shared object file: No such file or directory (ignored)
[cmp221.ethernet.delftblue:1456000] mca_base_component_repository_open: unable to open mca_rcache_gpusm: libcuda.so.1: cannot open shared object file: No such file or directory (ignored)
[cmp221.ethernet.delftblue:1456000] mca_base_component_repository_open: unable to open mca_rcache_rgpusm: libcuda.so.1: cannot open shared object file: No such file or directory (ignored)
[cmp221.ethernet.delftblue:1456000] mca_base_component_repository_open: unable to open mca_btl_smcuda: libcuda.so.1: cannot open shared object file: No such file or directory (ignored)
[cmp221.ethernet.delftblue:1455997] mca_base_component_repository_open: unable to open mca_rcache_gpusm: libcuda.so.1: cannot open shared object file: No such file or directory (ignored)
[cmp221.ethernet.delftblue:1455997] mca_base_component_repository_open: unable to open mca_rcache_rgpusm: libcuda.so.1: cannot open shared object file: No such file or directory (ignored)
[cmp221.ethernet.delftblue:1455997] mca_base_component_repository_open: unable to open mca_btl_smcuda: libcuda.so.1: cannot open shared object file: No such file or directory (ignored)
[cmp221.ethernet.delftblue:1455994] mca_base_component_repository_open: unable to open mca_rcache_gpusm: libcuda.so.1: cannot open shared object file: No such file or directory (ignored)
[cmp221.ethernet.delftblue:1455994] mca_base_component_repository_open: unable to open mca_rcache_rgpusm: libcuda.so.1: cannot open shared object file: No such file or directory (ignored)
[cmp221.ethernet.delftblue:1455994] mca_base_component_repository_open: unable to open mca_btl_smcuda: libcuda.so.1: cannot open shared object file: No such file or directory (ignored)
[cmp221.ethernet.delftblue:1456128] mca_base_component_repository_open: unable to open mca_accelerator_cuda: libcuda.so.1: cannot open shared object file: No such file or directory (ignored)
[cmp221.ethernet.delftblue:1456132] mca_base_component_repository_open: unable to open mca_accelerator_cuda: libcuda.so.1: cannot open shared object file: No such file or directory (ignored)
[cmp221.ethernet.delftblue:1456136] mca_base_component_repository_open: unable to open mca_accelerator_cuda: libcuda.so.1: cannot open shared object file: No such file or directory (ignored)
[cmp221.ethernet.delftblue:1456133] mca_base_component_repository_open: unable to open mca_accelerator_cuda: libcuda.so.1: cannot open shared object file: No such file or directory (ignored)
[cmp221.ethernet.delftblue:1456131] mca_base_component_repository_open: unable to open mca_accelerator_cuda: libcuda.so.1: cannot open shared object file: No such file or directory (ignored)
[cmp221.ethernet.delftblue:1456137] mca_base_component_repository_open: unable to open mca_accelerator_cuda: libcuda.so.1: cannot open shared object file: No such file or directory (ignored)
[cmp221.ethernet.delftblue:1456127] mca_base_component_repository_open: unable to open mca_accelerator_cuda: libcuda.so.1: cannot open shared object file: No such file or directory (ignored)
[cmp221.ethernet.delftblue:1456135] mca_base_component_repository_open: unable to open mca_accelerator_cuda: libcuda.so.1: cannot open shared object file: No such file or directory (ignored)
[cmp221.ethernet.delftblue:1456129] mca_base_component_repository_open: unable to open mca_accelerator_cuda: libcuda.so.1: cannot open shared object file: No such file or directory (ignored)
[cmp221.ethernet.delftblue:1456134] mca_base_component_repository_open: unable to open mca_accelerator_cuda: libcuda.so.1: cannot open shared object file: No such file or directory (ignored)
[cmp221.ethernet.delftblue:1456130] mca_base_component_repository_open: unable to open mca_accelerator_cuda: libcuda.so.1: cannot open shared object file: No such file or directory (ignored)
[cmp221.ethernet.delftblue:1456138] mca_base_component_repository_open: unable to open mca_accelerator_cuda: libcuda.so.1: cannot open shared object file: No such file or directory (ignored)
[cmp221.ethernet.delftblue:1456128] mca_base_component_repository_open: unable to open mca_rcache_gpusm: libcuda.so.1: cannot open shared object file: No such file or directory (ignored)
[cmp221.ethernet.delftblue:1456128] mca_base_component_repository_open: unable to open mca_rcache_rgpusm: libcuda.so.1: cannot open shared object file: No such file or directory (ignored)
[cmp221.ethernet.delftblue:1456128] mca_base_component_repository_open: unable to open mca_btl_smcuda: libcuda.so.1: cannot open shared object file: No such file or directory (ignored)
[cmp221.ethernet.delftblue:1456132] mca_base_component_repository_open: unable to open mca_rcache_gpusm: libcuda.so.1: cannot open shared object file: No such file or directory (ignored)
[cmp221.ethernet.delftblue:1456136] mca_base_component_repository_open: unable to open mca_rcache_gpusm: libcuda.so.1: cannot open shared object file: No such file or directory (ignored)
[cmp221.ethernet.delftblue:1456132] mca_base_component_repository_open: unable to open mca_rcache_rgpusm: libcuda.so.1: cannot open shared object file: No such file or directory (ignored)
[cmp221.ethernet.delftblue:1456136] mca_base_component_repository_open: unable to open mca_rcache_rgpusm: libcuda.so.1: cannot open shared object file: No such file or directory (ignored)
[cmp221.ethernet.delftblue:1456132] mca_base_component_repository_open: unable to open mca_btl_smcuda: libcuda.so.1: cannot open shared object file: No such file or directory (ignored)
[cmp221.ethernet.delftblue:1456136] mca_base_component_repository_open: unable to open mca_btl_smcuda: libcuda.so.1: cannot open shared object file: No such file or directory (ignored)
[cmp221.ethernet.delftblue:1456133] mca_base_component_repository_open: unable to open mca_rcache_gpusm: libcuda.so.1: cannot open shared object file: No such file or directory (ignored)
[cmp221.ethernet.delftblue:1456133] mca_base_component_repository_open: unable to open mca_rcache_rgpusm: libcuda.so.1: cannot open shared object file: No such file or directory (ignored)
[cmp221.ethernet.delftblue:1456133] mca_base_component_repository_open: unable to open mca_btl_smcuda: libcuda.so.1: cannot open shared object file: No such file or directory (ignored)
[cmp221.ethernet.delftblue:1456131] mca_base_component_repository_open: unable to open mca_rcache_gpusm: libcuda.so.1: cannot open shared object file: No such file or directory (ignored)
[cmp221.ethernet.delftblue:1456137] mca_base_component_repository_open: unable to open mca_rcache_gpusm: libcuda.so.1: cannot open shared object file: No such file or directory (ignored)
[cmp221.ethernet.delftblue:1456131] mca_base_component_repository_open: unable to open mca_rcache_rgpusm: libcuda.so.1: cannot open shared object file: No such file or directory (ignored)
[cmp221.ethernet.delftblue:1456137] mca_base_component_repository_open: unable to open mca_rcache_rgpusm: libcuda.so.1: cannot open shared object file: No such file or directory (ignored)
[cmp221.ethernet.delftblue:1456131] mca_base_component_repository_open: unable to open mca_btl_smcuda: libcuda.so.1: cannot open shared object file: No such file or directory (ignored)
[cmp221.ethernet.delftblue:1456137] mca_base_component_repository_open: unable to open mca_btl_smcuda: libcuda.so.1: cannot open shared object file: No such file or directory (ignored)
[cmp221.ethernet.delftblue:1456127] mca_base_component_repository_open: unable to open mca_rcache_gpusm: libcuda.so.1: cannot open shared object file: No such file or directory (ignored)
[cmp221.ethernet.delftblue:1456127] mca_base_component_repository_open: unable to open mca_rcache_rgpusm: libcuda.so.1: cannot open shared object file: No such file or directory (ignored)
[cmp221.ethernet.delftblue:1456135] mca_base_component_repository_open: unable to open mca_rcache_gpusm: libcuda.so.1: cannot open shared object file: No such file or directory (ignored)
[cmp221.ethernet.delftblue:1456129] mca_base_component_repository_open: unable to open mca_rcache_gpusm: libcuda.so.1: cannot open shared object file: No such file or directory (ignored)
[cmp221.ethernet.delftblue:1456134] mca_base_component_repository_open: unable to open mca_rcache_gpusm: libcuda.so.1: cannot open shared object file: No such file or directory (ignored)
[cmp221.ethernet.delftblue:1456127] mca_base_component_repository_open: unable to open mca_btl_smcuda: libcuda.so.1: cannot open shared object file: No such file or directory (ignored)
[cmp221.ethernet.delftblue:1456135] mca_base_component_repository_open: unable to open mca_rcache_rgpusm: libcuda.so.1: cannot open shared object file: No such file or directory (ignored)
[cmp221.ethernet.delftblue:1456129] mca_base_component_repository_open: unable to open mca_rcache_rgpusm: libcuda.so.1: cannot open shared object file: No such file or directory (ignored)
[cmp221.ethernet.delftblue:1456134] mca_base_component_repository_open: unable to open mca_rcache_rgpusm: libcuda.so.1: cannot open shared object file: No such file or directory (ignored)
[cmp221.ethernet.delftblue:1456135] mca_base_component_repository_open: unable to open mca_btl_smcuda: libcuda.so.1: cannot open shared object file: No such file or directory (ignored)
[cmp221.ethernet.delftblue:1456129] mca_base_component_repository_open: unable to open mca_btl_smcuda: libcuda.so.1: cannot open shared object file: No such file or directory (ignored)
[cmp221.ethernet.delftblue:1456134] mca_base_component_repository_open: unable to open mca_btl_smcuda: libcuda.so.1: cannot open shared object file: No such file or directory (ignored)
[cmp221.ethernet.delftblue:1456138] mca_base_component_repository_open: unable to open mca_rcache_gpusm: libcuda.so.1: cannot open shared object file: No such file or directory (ignored)
[cmp221.ethernet.delftblue:1456130] mca_base_component_repository_open: unable to open mca_rcache_gpusm: libcuda.so.1: cannot open shared object file: No such file or directory (ignored)
[cmp221.ethernet.delftblue:1456138] mca_base_component_repository_open: unable to open mca_rcache_rgpusm: libcuda.so.1: cannot open shared object file: No such file or directory (ignored)
[cmp221.ethernet.delftblue:1456130] mca_base_component_repository_open: unable to open mca_rcache_rgpusm: libcuda.so.1: cannot open shared object file: No such file or directory (ignored)
[cmp221.ethernet.delftblue:1456138] mca_base_component_repository_open: unable to open mca_btl_smcuda: libcuda.so.1: cannot open shared object file: No such file or directory (ignored)
[cmp221.ethernet.delftblue:1456130] mca_base_component_repository_open: unable to open mca_btl_smcuda: libcuda.so.1: cannot open shared object file: No such file or directory (ignored)
[cmp221.ethernet.delftblue:1456282] mca_base_component_repository_open: unable to open mca_accelerator_cuda: libcuda.so.1: cannot open shared object file: No such file or directory (ignored)
[cmp221.ethernet.delftblue:1456291] mca_base_component_repository_open: unable to open mca_accelerator_cuda: libcuda.so.1: cannot open shared object file: No such file or directory (ignored)
[cmp221.ethernet.delftblue:1456284] mca_base_component_repository_open: unable to open mca_accelerator_cuda: libcuda.so.1: cannot open shared object file: No such file or directory (ignored)
[cmp221.ethernet.delftblue:1456293] mca_base_component_repository_open: unable to open mca_accelerator_cuda: libcuda.so.1: cannot open shared object file: No such file or directory (ignored)
[cmp221.ethernet.delftblue:1456292] mca_base_component_repository_open: unable to open mca_accelerator_cuda: libcuda.so.1: cannot open shared object file: No such file or directory (ignored)
[cmp221.ethernet.delftblue:1456285] mca_base_component_repository_open: unable to open mca_accelerator_cuda: libcuda.so.1: cannot open shared object file: No such file or directory (ignored)
[cmp221.ethernet.delftblue:1456288] mca_base_component_repository_open: unable to open mca_accelerator_cuda: libcuda.so.1: cannot open shared object file: No such file or directory (ignored)
[cmp221.ethernet.delftblue:1456289] mca_base_component_repository_open: unable to open mca_accelerator_cuda: libcuda.so.1: cannot open shared object file: No such file or directory (ignored)
[cmp221.ethernet.delftblue:1456287] mca_base_component_repository_open: unable to open mca_accelerator_cuda: libcuda.so.1: cannot open shared object file: No such file or directory (ignored)
[cmp221.ethernet.delftblue:1456290] mca_base_component_repository_open: unable to open mca_accelerator_cuda: libcuda.so.1: cannot open shared object file: No such file or directory (ignored)
[cmp221.ethernet.delftblue:1456281] mca_base_component_repository_open: unable to open mca_accelerator_cuda: libcuda.so.1: cannot open shared object file: No such file or directory (ignored)
[cmp221.ethernet.delftblue:1456286] mca_base_component_repository_open: unable to open mca_accelerator_cuda: libcuda.so.1: cannot open shared object file: No such file or directory (ignored)
[cmp221.ethernet.delftblue:1456283] mca_base_component_repository_open: unable to open mca_accelerator_cuda: libcuda.so.1: cannot open shared object file: No such file or directory (ignored)
[cmp221.ethernet.delftblue:1456280] mca_base_component_repository_open: unable to open mca_accelerator_cuda: libcuda.so.1: cannot open shared object file: No such file or directory (ignored)
[cmp221.ethernet.delftblue:1456291] mca_base_component_repository_open: unable to open mca_rcache_gpusm: libcuda.so.1: cannot open shared object file: No such file or directory (ignored)
[cmp221.ethernet.delftblue:1456282] mca_base_component_repository_open: unable to open mca_rcache_gpusm: libcuda.so.1: cannot open shared object file: No such file or directory (ignored)
[cmp221.ethernet.delftblue:1456291] mca_base_component_repository_open: unable to open mca_rcache_rgpusm: libcuda.so.1: cannot open shared object file: No such file or directory (ignored)
[cmp221.ethernet.delftblue:1456282] mca_base_component_repository_open: unable to open mca_rcache_rgpusm: libcuda.so.1: cannot open shared object file: No such file or directory (ignored)
[cmp221.ethernet.delftblue:1456291] mca_base_component_repository_open: unable to open mca_btl_smcuda: libcuda.so.1: cannot open shared object file: No such file or directory (ignored)
[cmp221.ethernet.delftblue:1456284] mca_base_component_repository_open: unable to open mca_rcache_gpusm: libcuda.so.1: cannot open shared object file: No such file or directory (ignored)
[cmp221.ethernet.delftblue:1456284] mca_base_component_repository_open: unable to open mca_rcache_rgpusm: libcuda.so.1: cannot open shared object file: No such file or directory (ignored)
[cmp221.ethernet.delftblue:1456284] mca_base_component_repository_open: unable to open mca_btl_smcuda: libcuda.so.1: cannot open shared object file: No such file or directory (ignored)
[cmp221.ethernet.delftblue:1456282] mca_base_component_repository_open: unable to open mca_btl_smcuda: libcuda.so.1: cannot open shared object file: No such file or directory (ignored)
[cmp221.ethernet.delftblue:1456292] mca_base_component_repository_open: unable to open mca_rcache_gpusm: libcuda.so.1: cannot open shared object file: No such file or directory (ignored)
[cmp221.ethernet.delftblue:1456293] mca_base_component_repository_open: unable to open mca_rcache_gpusm: libcuda.so.1: cannot open shared object file: No such file or directory (ignored)
[cmp221.ethernet.delftblue:1456292] mca_base_component_repository_open: unable to open mca_rcache_rgpusm: libcuda.so.1: cannot open shared object file: No such file or directory (ignored)
[cmp221.ethernet.delftblue:1456293] mca_base_component_repository_open: unable to open mca_rcache_rgpusm: libcuda.so.1: cannot open shared object file: No such file or directory (ignored)
[cmp221.ethernet.delftblue:1456292] mca_base_component_repository_open: unable to open mca_btl_smcuda: libcuda.so.1: cannot open shared object file: No such file or directory (ignored)
[cmp221.ethernet.delftblue:1456293] mca_base_component_repository_open: unable to open mca_btl_smcuda: libcuda.so.1: cannot open shared object file: No such file or directory (ignored)
[cmp221.ethernet.delftblue:1456285] mca_base_component_repository_open: unable to open mca_rcache_gpusm: libcuda.so.1: cannot open shared object file: No such file or directory (ignored)
[cmp221.ethernet.delftblue:1456285] mca_base_component_repository_open: unable to open mca_rcache_rgpusm: libcuda.so.1: cannot open shared object file: No such file or directory (ignored)
[cmp221.ethernet.delftblue:1456285] mca_base_component_repository_open: unable to open mca_btl_smcuda: libcuda.so.1: cannot open shared object file: No such file or directory (ignored)
[cmp221.ethernet.delftblue:1456288] mca_base_component_repository_open: unable to open mca_rcache_gpusm: libcuda.so.1: cannot open shared object file: No such file or directory (ignored)
[cmp221.ethernet.delftblue:1456288] mca_base_component_repository_open: unable to open mca_rcache_rgpusm: libcuda.so.1: cannot open shared object file: No such file or directory (ignored)
[cmp221.ethernet.delftblue:1456288] mca_base_component_repository_open: unable to open mca_btl_smcuda: libcuda.so.1: cannot open shared object file: No such file or directory (ignored)
[cmp221.ethernet.delftblue:1456289] mca_base_component_repository_open: unable to open mca_rcache_gpusm: libcuda.so.1: cannot open shared object file: No such file or directory (ignored)
[cmp221.ethernet.delftblue:1456290] mca_base_component_repository_open: unable to open mca_rcache_gpusm: libcuda.so.1: cannot open shared object file: No such file or directory (ignored)
[cmp221.ethernet.delftblue:1456287] mca_base_component_repository_open: unable to open mca_rcache_gpusm: libcuda.so.1: cannot open shared object file: No such file or directory (ignored)
[cmp221.ethernet.delftblue:1456289] mca_base_component_repository_open: unable to open mca_rcache_rgpusm: libcuda.so.1: cannot open shared object file: No such file or directory (ignored)
[cmp221.ethernet.delftblue:1456290] mca_base_component_repository_open: unable to open mca_rcache_rgpusm: libcuda.so.1: cannot open shared object file: No such file or directory (ignored)
[cmp221.ethernet.delftblue:1456287] mca_base_component_repository_open: unable to open mca_rcache_rgpusm: libcuda.so.1: cannot open shared object file: No such file or directory (ignored)
[cmp221.ethernet.delftblue:1456289] mca_base_component_repository_open: unable to open mca_btl_smcuda: libcuda.so.1: cannot open shared object file: No such file or directory (ignored)
[cmp221.ethernet.delftblue:1456290] mca_base_component_repository_open: unable to open mca_btl_smcuda: libcuda.so.1: cannot open shared object file: No such file or directory (ignored)
[cmp221.ethernet.delftblue:1456287] mca_base_component_repository_open: unable to open mca_btl_smcuda: libcuda.so.1: cannot open shared object file: No such file or directory (ignored)
[cmp221.ethernet.delftblue:1456281] mca_base_component_repository_open: unable to open mca_rcache_gpusm: libcuda.so.1: cannot open shared object file: No such file or directory (ignored)
[cmp221.ethernet.delftblue:1456281] mca_base_component_repository_open: unable to open mca_rcache_rgpusm: libcuda.so.1: cannot open shared object file: No such file or directory (ignored)
[cmp221.ethernet.delftblue:1456281] mca_base_component_repository_open: unable to open mca_btl_smcuda: libcuda.so.1: cannot open shared object file: No such file or directory (ignored)
[cmp221.ethernet.delftblue:1456286] mca_base_component_repository_open: unable to open mca_rcache_gpusm: libcuda.so.1: cannot open shared object file: No such file or directory (ignored)
[cmp221.ethernet.delftblue:1456286] mca_base_component_repository_open: unable to open mca_rcache_rgpusm: libcuda.so.1: cannot open shared object file: No such file or directory (ignored)
[cmp221.ethernet.delftblue:1456286] mca_base_component_repository_open: unable to open mca_btl_smcuda: libcuda.so.1: cannot open shared object file: No such file or directory (ignored)
[cmp221.ethernet.delftblue:1456283] mca_base_component_repository_open: unable to open mca_rcache_gpusm: libcuda.so.1: cannot open shared object file: No such file or directory (ignored)
[cmp221.ethernet.delftblue:1456283] mca_base_component_repository_open: unable to open mca_rcache_rgpusm: libcuda.so.1: cannot open shared object file: No such file or directory (ignored)
[cmp221.ethernet.delftblue:1456283] mca_base_component_repository_open: unable to open mca_btl_smcuda: libcuda.so.1: cannot open shared object file: No such file or directory (ignored)
[cmp221.ethernet.delftblue:1456280] mca_base_component_repository_open: unable to open mca_rcache_gpusm: libcuda.so.1: cannot open shared object file: No such file or directory (ignored)
[cmp221.ethernet.delftblue:1456280] mca_base_component_repository_open: unable to open mca_rcache_rgpusm: libcuda.so.1: cannot open shared object file: No such file or directory (ignored)
[cmp221.ethernet.delftblue:1456280] mca_base_component_repository_open: unable to open mca_btl_smcuda: libcuda.so.1: cannot open shared object file: No such file or directory (ignored)
[cmp221.ethernet.delftblue:1456457] mca_base_component_repository_open: unable to open mca_accelerator_cuda: libcuda.so.1: cannot open shared object file: No such file or directory (ignored)
[cmp221.ethernet.delftblue:1456462] mca_base_component_repository_open: unable to open mca_accelerator_cuda: libcuda.so.1: cannot open shared object file: No such file or directory (ignored)
[cmp221.ethernet.delftblue:1456461] mca_base_component_repository_open: unable to open mca_accelerator_cuda: libcuda.so.1: cannot open shared object file: No such file or directory (ignored)
[cmp221.ethernet.delftblue:1456456] mca_base_component_repository_open: unable to open mca_accelerator_cuda: libcuda.so.1: cannot open shared object file: No such file or directory (ignored)
[cmp221.ethernet.delftblue:1456457] mca_base_component_repository_open: unable to open mca_rcache_gpusm: libcuda.so.1: cannot open shared object file: No such file or directory (ignored)
[cmp221.ethernet.delftblue:1456457] mca_base_component_repository_open: unable to open mca_rcache_rgpusm: libcuda.so.1: cannot open shared object file: No such file or directory (ignored)
[cmp221.ethernet.delftblue:1456462] mca_base_component_repository_open: unable to open mca_rcache_gpusm: libcuda.so.1: cannot open shared object file: No such file or directory (ignored)
[cmp221.ethernet.delftblue:1456462] mca_base_component_repository_open: unable to open mca_rcache_rgpusm: libcuda.so.1: cannot open shared object file: No such file or directory (ignored)
[cmp221.ethernet.delftblue:1456457] mca_base_component_repository_open: unable to open mca_btl_smcuda: libcuda.so.1: cannot open shared object file: No such file or directory (ignored)
[cmp221.ethernet.delftblue:1456459] mca_base_component_repository_open: unable to open mca_accelerator_cuda: libcuda.so.1: cannot open shared object file: No such file or directory (ignored)
[cmp221.ethernet.delftblue:1456462] mca_base_component_repository_open: unable to open mca_btl_smcuda: libcuda.so.1: cannot open shared object file: No such file or directory (ignored)
[cmp221.ethernet.delftblue:1456463] mca_base_component_repository_open: unable to open mca_accelerator_cuda: libcuda.so.1: cannot open shared object file: No such file or directory (ignored)
[cmp221.ethernet.delftblue:1456458] mca_base_component_repository_open: unable to open mca_accelerator_cuda: libcuda.so.1: cannot open shared object file: No such file or directory (ignored)
[cmp221.ethernet.delftblue:1456465] mca_base_component_repository_open: unable to open mca_accelerator_cuda: libcuda.so.1: cannot open shared object file: No such file or directory (ignored)
[cmp221.ethernet.delftblue:1456460] mca_base_component_repository_open: unable to open mca_accelerator_cuda: libcuda.so.1: cannot open shared object file: No such file or directory (ignored)
[cmp221.ethernet.delftblue:1456454] mca_base_component_repository_open: unable to open mca_accelerator_cuda: libcuda.so.1: cannot open shared object file: No such file or directory (ignored)
[cmp221.ethernet.delftblue:1456461] mca_base_component_repository_open: unable to open mca_rcache_gpusm: libcuda.so.1: cannot open shared object file: No such file or directory (ignored)
[cmp221.ethernet.delftblue:1456456] mca_base_component_repository_open: unable to open mca_rcache_gpusm: libcuda.so.1: cannot open shared object file: No such file or directory (ignored)
[cmp221.ethernet.delftblue:1456461] mca_base_component_repository_open: unable to open mca_rcache_rgpusm: libcuda.so.1: cannot open shared object file: No such file or directory (ignored)
[cmp221.ethernet.delftblue:1456456] mca_base_component_repository_open: unable to open mca_rcache_rgpusm: libcuda.so.1: cannot open shared object file: No such file or directory (ignored)
[cmp221.ethernet.delftblue:1456461] mca_base_component_repository_open: unable to open mca_btl_smcuda: libcuda.so.1: cannot open shared object file: No such file or directory (ignored)
[cmp221.ethernet.delftblue:1456466] mca_base_component_repository_open: unable to open mca_accelerator_cuda: libcuda.so.1: cannot open shared object file: No such file or directory (ignored)
[cmp221.ethernet.delftblue:1456456] mca_base_component_repository_open: unable to open mca_btl_smcuda: libcuda.so.1: cannot open shared object file: No such file or directory (ignored)
[cmp221.ethernet.delftblue:1456453] mca_base_component_repository_open: unable to open mca_accelerator_cuda: libcuda.so.1: cannot open shared object file: No such file or directory (ignored)
[cmp221.ethernet.delftblue:1456467] mca_base_component_repository_open: unable to open mca_accelerator_cuda: libcuda.so.1: cannot open shared object file: No such file or directory (ignored)
[cmp221.ethernet.delftblue:1456455] mca_base_component_repository_open: unable to open mca_accelerator_cuda: libcuda.so.1: cannot open shared object file: No such file or directory (ignored)
[cmp221.ethernet.delftblue:1456464] mca_base_component_repository_open: unable to open mca_accelerator_cuda: libcuda.so.1: cannot open shared object file: No such file or directory (ignored)
[cmp221.ethernet.delftblue:1456452] mca_base_component_repository_open: unable to open mca_accelerator_cuda: libcuda.so.1: cannot open shared object file: No such file or directory (ignored)
[cmp221.ethernet.delftblue:1456459] mca_base_component_repository_open: unable to open mca_rcache_gpusm: libcuda.so.1: cannot open shared object file: No such file or directory (ignored)
[cmp221.ethernet.delftblue:1456459] mca_base_component_repository_open: unable to open mca_rcache_rgpusm: libcuda.so.1: cannot open shared object file: No such file or directory (ignored)
[cmp221.ethernet.delftblue:1456459] mca_base_component_repository_open: unable to open mca_btl_smcuda: libcuda.so.1: cannot open shared object file: No such file or directory (ignored)
[cmp221.ethernet.delftblue:1456463] mca_base_component_repository_open: unable to open mca_rcache_gpusm: libcuda.so.1: cannot open shared object file: No such file or directory (ignored)
[cmp221.ethernet.delftblue:1456463] mca_base_component_repository_open: unable to open mca_rcache_rgpusm: libcuda.so.1: cannot open shared object file: No such file or directory (ignored)
[cmp221.ethernet.delftblue:1456463] mca_base_component_repository_open: unable to open mca_btl_smcuda: libcuda.so.1: cannot open shared object file: No such file or directory (ignored)
[cmp221.ethernet.delftblue:1456458] mca_base_component_repository_open: unable to open mca_rcache_gpusm: libcuda.so.1: cannot open shared object file: No such file or directory (ignored)
[cmp221.ethernet.delftblue:1456465] mca_base_component_repository_open: unable to open mca_rcache_gpusm: libcuda.so.1: cannot open shared object file: No such file or directory (ignored)
[cmp221.ethernet.delftblue:1456460] mca_base_component_repository_open: unable to open mca_rcache_gpusm: libcuda.so.1: cannot open shared object file: No such file or directory (ignored)
[cmp221.ethernet.delftblue:1456458] mca_base_component_repository_open: unable to open mca_rcache_rgpusm: libcuda.so.1: cannot open shared object file: No such file or directory (ignored)
[cmp221.ethernet.delftblue:1456465] mca_base_component_repository_open: unable to open mca_rcache_rgpusm: libcuda.so.1: cannot open shared object file: No such file or directory (ignored)
[cmp221.ethernet.delftblue:1456460] mca_base_component_repository_open: unable to open mca_rcache_rgpusm: libcuda.so.1: cannot open shared object file: No such file or directory (ignored)
[cmp221.ethernet.delftblue:1456465] mca_base_component_repository_open: unable to open mca_btl_smcuda: libcuda.so.1: cannot open shared object file: No such file or directory (ignored)
[cmp221.ethernet.delftblue:1456458] mca_base_component_repository_open: unable to open mca_btl_smcuda: libcuda.so.1: cannot open shared object file: No such file or directory (ignored)
[cmp221.ethernet.delftblue:1456460] mca_base_component_repository_open: unable to open mca_btl_smcuda: libcuda.so.1: cannot open shared object file: No such file or directory (ignored)
[cmp221.ethernet.delftblue:1456454] mca_base_component_repository_open: unable to open mca_rcache_gpusm: libcuda.so.1: cannot open shared object file: No such file or directory (ignored)
[cmp221.ethernet.delftblue:1456454] mca_base_component_repository_open: unable to open mca_rcache_rgpusm: libcuda.so.1: cannot open shared object file: No such file or directory (ignored)
[cmp221.ethernet.delftblue:1456454] mca_base_component_repository_open: unable to open mca_btl_smcuda: libcuda.so.1: cannot open shared object file: No such file or directory (ignored)
[cmp221.ethernet.delftblue:1456467] mca_base_component_repository_open: unable to open mca_rcache_gpusm: libcuda.so.1: cannot open shared object file: No such file or directory (ignored)
[cmp221.ethernet.delftblue:1456453] mca_base_component_repository_open: unable to open mca_rcache_gpusm: libcuda.so.1: cannot open shared object file: No such file or directory (ignored)
[cmp221.ethernet.delftblue:1456467] mca_base_component_repository_open: unable to open mca_rcache_rgpusm: libcuda.so.1: cannot open shared object file: No such file or directory (ignored)
[cmp221.ethernet.delftblue:1456453] mca_base_component_repository_open: unable to open mca_rcache_rgpusm: libcuda.so.1: cannot open shared object file: No such file or directory (ignored)
[cmp221.ethernet.delftblue:1456467] mca_base_component_repository_open: unable to open mca_btl_smcuda: libcuda.so.1: cannot open shared object file: No such file or directory (ignored)
[cmp221.ethernet.delftblue:1456453] mca_base_component_repository_open: unable to open mca_btl_smcuda: libcuda.so.1: cannot open shared object file: No such file or directory (ignored)
[cmp221.ethernet.delftblue:1456466] mca_base_component_repository_open: unable to open mca_rcache_gpusm: libcuda.so.1: cannot open shared object file: No such file or directory (ignored)
[cmp221.ethernet.delftblue:1456466] mca_base_component_repository_open: unable to open mca_rcache_rgpusm: libcuda.so.1: cannot open shared object file: No such file or directory (ignored)
[cmp221.ethernet.delftblue:1456466] mca_base_component_repository_open: unable to open mca_btl_smcuda: libcuda.so.1: cannot open shared object file: No such file or directory (ignored)
[cmp221.ethernet.delftblue:1456464] mca_base_component_repository_open: unable to open mca_rcache_gpusm: libcuda.so.1: cannot open shared object file: No such file or directory (ignored)
[cmp221.ethernet.delftblue:1456464] mca_base_component_repository_open: unable to open mca_rcache_rgpusm: libcuda.so.1: cannot open shared object file: No such file or directory (ignored)
[cmp221.ethernet.delftblue:1456455] mca_base_component_repository_open: unable to open mca_rcache_gpusm: libcuda.so.1: cannot open shared object file: No such file or directory (ignored)
[cmp221.ethernet.delftblue:1456464] mca_base_component_repository_open: unable to open mca_btl_smcuda: libcuda.so.1: cannot open shared object file: No such file or directory (ignored)
[cmp221.ethernet.delftblue:1456455] mca_base_component_repository_open: unable to open mca_rcache_rgpusm: libcuda.so.1: cannot open shared object file: No such file or directory (ignored)
[cmp221.ethernet.delftblue:1456452] mca_base_component_repository_open: unable to open mca_rcache_gpusm: libcuda.so.1: cannot open shared object file: No such file or directory (ignored)
[cmp221.ethernet.delftblue:1456455] mca_base_component_repository_open: unable to open mca_btl_smcuda: libcuda.so.1: cannot open shared object file: No such file or directory (ignored)
[cmp221.ethernet.delftblue:1456452] mca_base_component_repository_open: unable to open mca_rcache_rgpusm: libcuda.so.1: cannot open shared object file: No such file or directory (ignored)
[cmp221.ethernet.delftblue:1456452] mca_base_component_repository_open: unable to open mca_btl_smcuda: libcuda.so.1: cannot open shared object file: No such file or directory (ignored)
[cmp221.ethernet.delftblue:1456707] mca_base_component_repository_open: unable to open mca_accelerator_cuda: libcuda.so.1: cannot open shared object file: No such file or directory (ignored)
[cmp221.ethernet.delftblue:1456707] mca_base_component_repository_open: unable to open mca_rcache_gpusm: libcuda.so.1: cannot open shared object file: No such file or directory (ignored)
[cmp221.ethernet.delftblue:1456707] mca_base_component_repository_open: unable to open mca_rcache_rgpusm: libcuda.so.1: cannot open shared object file: No such file or directory (ignored)
[cmp221.ethernet.delftblue:1456707] mca_base_component_repository_open: unable to open mca_btl_smcuda: libcuda.so.1: cannot open shared object file: No such file or directory (ignored)
[cmp221.ethernet.delftblue:1456756] mca_base_component_repository_open: unable to open mca_accelerator_cuda: libcuda.so.1: cannot open shared object file: No such file or directory (ignored)
[cmp221.ethernet.delftblue:1456755] mca_base_component_repository_open: unable to open mca_accelerator_cuda: libcuda.so.1: cannot open shared object file: No such file or directory (ignored)
[cmp221.ethernet.delftblue:1456756] mca_base_component_repository_open: unable to open mca_rcache_gpusm: libcuda.so.1: cannot open shared object file: No such file or directory (ignored)
[cmp221.ethernet.delftblue:1456756] mca_base_component_repository_open: unable to open mca_rcache_rgpusm: libcuda.so.1: cannot open shared object file: No such file or directory (ignored)
[cmp221.ethernet.delftblue:1456756] mca_base_component_repository_open: unable to open mca_btl_smcuda: libcuda.so.1: cannot open shared object file: No such file or directory (ignored)
[cmp221.ethernet.delftblue:1456755] mca_base_component_repository_open: unable to open mca_rcache_gpusm: libcuda.so.1: cannot open shared object file: No such file or directory (ignored)
[cmp221.ethernet.delftblue:1456755] mca_base_component_repository_open: unable to open mca_rcache_rgpusm: libcuda.so.1: cannot open shared object file: No such file or directory (ignored)
[cmp221.ethernet.delftblue:1456755] mca_base_component_repository_open: unable to open mca_btl_smcuda: libcuda.so.1: cannot open shared object file: No such file or directory (ignored)
[cmp221.ethernet.delftblue:1456811] mca_base_component_repository_open: unable to open mca_accelerator_cuda: libcuda.so.1: cannot open shared object file: No such file or directory (ignored)
[cmp221.ethernet.delftblue:1456813] mca_base_component_repository_open: unable to open mca_accelerator_cuda: libcuda.so.1: cannot open shared object file: No such file or directory (ignored)
[cmp221.ethernet.delftblue:1456812] mca_base_component_repository_open: unable to open mca_accelerator_cuda: libcuda.so.1: cannot open shared object file: No such file or directory (ignored)
[cmp221.ethernet.delftblue:1456810] mca_base_component_repository_open: unable to open mca_accelerator_cuda: libcuda.so.1: cannot open shared object file: No such file or directory (ignored)
[cmp221.ethernet.delftblue:1456811] mca_base_component_repository_open: unable to open mca_rcache_gpusm: libcuda.so.1: cannot open shared object file: No such file or directory (ignored)
[cmp221.ethernet.delftblue:1456811] mca_base_component_repository_open: unable to open mca_rcache_rgpusm: libcuda.so.1: cannot open shared object file: No such file or directory (ignored)
[cmp221.ethernet.delftblue:1456811] mca_base_component_repository_open: unable to open mca_btl_smcuda: libcuda.so.1: cannot open shared object file: No such file or directory (ignored)
[cmp221.ethernet.delftblue:1456813] mca_base_component_repository_open: unable to open mca_rcache_gpusm: libcuda.so.1: cannot open shared object file: No such file or directory (ignored)
[cmp221.ethernet.delftblue:1456813] mca_base_component_repository_open: unable to open mca_rcache_rgpusm: libcuda.so.1: cannot open shared object file: No such file or directory (ignored)
[cmp221.ethernet.delftblue:1456813] mca_base_component_repository_open: unable to open mca_btl_smcuda: libcuda.so.1: cannot open shared object file: No such file or directory (ignored)
[cmp221.ethernet.delftblue:1456812] mca_base_component_repository_open: unable to open mca_rcache_gpusm: libcuda.so.1: cannot open shared object file: No such file or directory (ignored)
[cmp221.ethernet.delftblue:1456812] mca_base_component_repository_open: unable to open mca_rcache_rgpusm: libcuda.so.1: cannot open shared object file: No such file or directory (ignored)
[cmp221.ethernet.delftblue:1456812] mca_base_component_repository_open: unable to open mca_btl_smcuda: libcuda.so.1: cannot open shared object file: No such file or directory (ignored)
[cmp221.ethernet.delftblue:1456810] mca_base_component_repository_open: unable to open mca_rcache_gpusm: libcuda.so.1: cannot open shared object file: No such file or directory (ignored)
[cmp221.ethernet.delftblue:1456810] mca_base_component_repository_open: unable to open mca_rcache_rgpusm: libcuda.so.1: cannot open shared object file: No such file or directory (ignored)
[cmp221.ethernet.delftblue:1456810] mca_base_component_repository_open: unable to open mca_btl_smcuda: libcuda.so.1: cannot open shared object file: No such file or directory (ignored)
[cmp221.ethernet.delftblue:1456887] mca_base_component_repository_open: unable to open mca_accelerator_cuda: libcuda.so.1: cannot open shared object file: No such file or directory (ignored)
[cmp221.ethernet.delftblue:1456888] mca_base_component_repository_open: unable to open mca_accelerator_cuda: libcuda.so.1: cannot open shared object file: No such file or directory (ignored)
[cmp221.ethernet.delftblue:1456883] mca_base_component_repository_open: unable to open mca_accelerator_cuda: libcuda.so.1: cannot open shared object file: No such file or directory (ignored)
[cmp221.ethernet.delftblue:1456886] mca_base_component_repository_open: unable to open mca_accelerator_cuda: libcuda.so.1: cannot open shared object file: No such file or directory (ignored)
[cmp221.ethernet.delftblue:1456884] mca_base_component_repository_open: unable to open mca_accelerator_cuda: libcuda.so.1: cannot open shared object file: No such file or directory (ignored)
[cmp221.ethernet.delftblue:1456885] mca_base_component_repository_open: unable to open mca_accelerator_cuda: libcuda.so.1: cannot open shared object file: No such file or directory (ignored)
[cmp221.ethernet.delftblue:1456888] mca_base_component_repository_open: unable to open mca_rcache_gpusm: libcuda.so.1: cannot open shared object file: No such file or directory (ignored)
[cmp221.ethernet.delftblue:1456888] mca_base_component_repository_open: unable to open mca_rcache_rgpusm: libcuda.so.1: cannot open shared object file: No such file or directory (ignored)
[cmp221.ethernet.delftblue:1456888] mca_base_component_repository_open: unable to open mca_btl_smcuda: libcuda.so.1: cannot open shared object file: No such file or directory (ignored)
[cmp221.ethernet.delftblue:1456887] mca_base_component_repository_open: unable to open mca_rcache_gpusm: libcuda.so.1: cannot open shared object file: No such file or directory (ignored)
[cmp221.ethernet.delftblue:1456887] mca_base_component_repository_open: unable to open mca_rcache_rgpusm: libcuda.so.1: cannot open shared object file: No such file or directory (ignored)
[cmp221.ethernet.delftblue:1456887] mca_base_component_repository_open: unable to open mca_btl_smcuda: libcuda.so.1: cannot open shared object file: No such file or directory (ignored)
[cmp221.ethernet.delftblue:1456884] mca_base_component_repository_open: unable to open mca_rcache_gpusm: libcuda.so.1: cannot open shared object file: No such file or directory (ignored)
[cmp221.ethernet.delftblue:1456886] mca_base_component_repository_open: unable to open mca_rcache_gpusm: libcuda.so.1: cannot open shared object file: No such file or directory (ignored)
[cmp221.ethernet.delftblue:1456884] mca_base_component_repository_open: unable to open mca_rcache_rgpusm: libcuda.so.1: cannot open shared object file: No such file or directory (ignored)
[cmp221.ethernet.delftblue:1456886] mca_base_component_repository_open: unable to open mca_rcache_rgpusm: libcuda.so.1: cannot open shared object file: No such file or directory (ignored)
[cmp221.ethernet.delftblue:1456884] mca_base_component_repository_open: unable to open mca_btl_smcuda: libcuda.so.1: cannot open shared object file: No such file or directory (ignored)
[cmp221.ethernet.delftblue:1456885] mca_base_component_repository_open: unable to open mca_rcache_gpusm: libcuda.so.1: cannot open shared object file: No such file or directory (ignored)
[cmp221.ethernet.delftblue:1456886] mca_base_component_repository_open: unable to open mca_btl_smcuda: libcuda.so.1: cannot open shared object file: No such file or directory (ignored)
[cmp221.ethernet.delftblue:1456885] mca_base_component_repository_open: unable to open mca_rcache_rgpusm: libcuda.so.1: cannot open shared object file: No such file or directory (ignored)
[cmp221.ethernet.delftblue:1456885] mca_base_component_repository_open: unable to open mca_btl_smcuda: libcuda.so.1: cannot open shared object file: No such file or directory (ignored)
[cmp221.ethernet.delftblue:1456883] mca_base_component_repository_open: unable to open mca_rcache_gpusm: libcuda.so.1: cannot open shared object file: No such file or directory (ignored)
[cmp221.ethernet.delftblue:1456883] mca_base_component_repository_open: unable to open mca_rcache_rgpusm: libcuda.so.1: cannot open shared object file: No such file or directory (ignored)
[cmp221.ethernet.delftblue:1456883] mca_base_component_repository_open: unable to open mca_btl_smcuda: libcuda.so.1: cannot open shared object file: No such file or directory (ignored)
[cmp221.ethernet.delftblue:1456981] mca_base_component_repository_open: unable to open mca_accelerator_cuda: libcuda.so.1: cannot open shared object file: No such file or directory (ignored)
[cmp221.ethernet.delftblue:1456976] mca_base_component_repository_open: unable to open mca_accelerator_cuda: libcuda.so.1: cannot open shared object file: No such file or directory (ignored)
[cmp221.ethernet.delftblue:1456977] mca_base_component_repository_open: unable to open mca_accelerator_cuda: libcuda.so.1: cannot open shared object file: No such file or directory (ignored)
[cmp221.ethernet.delftblue:1456982] mca_base_component_repository_open: unable to open mca_accelerator_cuda: libcuda.so.1: cannot open shared object file: No such file or directory (ignored)
[cmp221.ethernet.delftblue:1456983] mca_base_component_repository_open: unable to open mca_accelerator_cuda: libcuda.so.1: cannot open shared object file: No such file or directory (ignored)
[cmp221.ethernet.delftblue:1456981] mca_base_component_repository_open: unable to open mca_rcache_gpusm: libcuda.so.1: cannot open shared object file: No such file or directory (ignored)
[cmp221.ethernet.delftblue:1456981] mca_base_component_repository_open: unable to open mca_rcache_rgpusm: libcuda.so.1: cannot open shared object file: No such file or directory (ignored)
[cmp221.ethernet.delftblue:1456981] mca_base_component_repository_open: unable to open mca_btl_smcuda: libcuda.so.1: cannot open shared object file: No such file or directory (ignored)
[cmp221.ethernet.delftblue:1456977] mca_base_component_repository_open: unable to open mca_rcache_gpusm: libcuda.so.1: cannot open shared object file: No such file or directory (ignored)
[cmp221.ethernet.delftblue:1456977] mca_base_component_repository_open: unable to open mca_rcache_rgpusm: libcuda.so.1: cannot open shared object file: No such file or directory (ignored)
[cmp221.ethernet.delftblue:1456976] mca_base_component_repository_open: unable to open mca_rcache_gpusm: libcuda.so.1: cannot open shared object file: No such file or directory (ignored)
[cmp221.ethernet.delftblue:1456977] mca_base_component_repository_open: unable to open mca_btl_smcuda: libcuda.so.1: cannot open shared object file: No such file or directory (ignored)
[cmp221.ethernet.delftblue:1456978] mca_base_component_repository_open: unable to open mca_accelerator_cuda: libcuda.so.1: cannot open shared object file: No such file or directory (ignored)
[cmp221.ethernet.delftblue:1456976] mca_base_component_repository_open: unable to open mca_rcache_rgpusm: libcuda.so.1: cannot open shared object file: No such file or directory (ignored)
[cmp221.ethernet.delftblue:1456979] mca_base_component_repository_open: unable to open mca_accelerator_cuda: libcuda.so.1: cannot open shared object file: No such file or directory (ignored)
[cmp221.ethernet.delftblue:1456983] mca_base_component_repository_open: unable to open mca_rcache_gpusm: libcuda.so.1: cannot open shared object file: No such file or directory (ignored)
[cmp221.ethernet.delftblue:1456976] mca_base_component_repository_open: unable to open mca_btl_smcuda: libcuda.so.1: cannot open shared object file: No such file or directory (ignored)
[cmp221.ethernet.delftblue:1456983] mca_base_component_repository_open: unable to open mca_rcache_rgpusm: libcuda.so.1: cannot open shared object file: No such file or directory (ignored)
[cmp221.ethernet.delftblue:1456983] mca_base_component_repository_open: unable to open mca_btl_smcuda: libcuda.so.1: cannot open shared object file: No such file or directory (ignored)
[cmp221.ethernet.delftblue:1456980] mca_base_component_repository_open: unable to open mca_accelerator_cuda: libcuda.so.1: cannot open shared object file: No such file or directory (ignored)
[cmp221.ethernet.delftblue:1456982] mca_base_component_repository_open: unable to open mca_rcache_gpusm: libcuda.so.1: cannot open shared object file: No such file or directory (ignored)
[cmp221.ethernet.delftblue:1456982] mca_base_component_repository_open: unable to open mca_rcache_rgpusm: libcuda.so.1: cannot open shared object file: No such file or directory (ignored)
[cmp221.ethernet.delftblue:1456982] mca_base_component_repository_open: unable to open mca_btl_smcuda: libcuda.so.1: cannot open shared object file: No such file or directory (ignored)
[cmp221.ethernet.delftblue:1456978] mca_base_component_repository_open: unable to open mca_rcache_gpusm: libcuda.so.1: cannot open shared object file: No such file or directory (ignored)
[cmp221.ethernet.delftblue:1456978] mca_base_component_repository_open: unable to open mca_rcache_rgpusm: libcuda.so.1: cannot open shared object file: No such file or directory (ignored)
[cmp221.ethernet.delftblue:1456978] mca_base_component_repository_open: unable to open mca_btl_smcuda: libcuda.so.1: cannot open shared object file: No such file or directory (ignored)
[cmp221.ethernet.delftblue:1456979] mca_base_component_repository_open: unable to open mca_rcache_gpusm: libcuda.so.1: cannot open shared object file: No such file or directory (ignored)
[cmp221.ethernet.delftblue:1456980] mca_base_component_repository_open: unable to open mca_rcache_gpusm: libcuda.so.1: cannot open shared object file: No such file or directory (ignored)
[cmp221.ethernet.delftblue:1456979] mca_base_component_repository_open: unable to open mca_rcache_rgpusm: libcuda.so.1: cannot open shared object file: No such file or directory (ignored)
[cmp221.ethernet.delftblue:1456980] mca_base_component_repository_open: unable to open mca_rcache_rgpusm: libcuda.so.1: cannot open shared object file: No such file or directory (ignored)
[cmp221.ethernet.delftblue:1456979] mca_base_component_repository_open: unable to open mca_btl_smcuda: libcuda.so.1: cannot open shared object file: No such file or directory (ignored)
[cmp221.ethernet.delftblue:1456980] mca_base_component_repository_open: unable to open mca_btl_smcuda: libcuda.so.1: cannot open shared object file: No such file or directory (ignored)
[cmp221.ethernet.delftblue:1457090] mca_base_component_repository_open: unable to open mca_accelerator_cuda: libcuda.so.1: cannot open shared object file: No such file or directory (ignored)
[cmp221.ethernet.delftblue:1457094] mca_base_component_repository_open: unable to open mca_accelerator_cuda: libcuda.so.1: cannot open shared object file: No such file or directory (ignored)
[cmp221.ethernet.delftblue:1457098] mca_base_component_repository_open: unable to open mca_accelerator_cuda: libcuda.so.1: cannot open shared object file: No such file or directory (ignored)
[cmp221.ethernet.delftblue:1457096] mca_base_component_repository_open: unable to open mca_accelerator_cuda: libcuda.so.1: cannot open shared object file: No such file or directory (ignored)
[cmp221.ethernet.delftblue:1457089] mca_base_component_repository_open: unable to open mca_accelerator_cuda: libcuda.so.1: cannot open shared object file: No such file or directory (ignored)
[cmp221.ethernet.delftblue:1457092] mca_base_component_repository_open: unable to open mca_accelerator_cuda: libcuda.so.1: cannot open shared object file: No such file or directory (ignored)
[cmp221.ethernet.delftblue:1457095] mca_base_component_repository_open: unable to open mca_accelerator_cuda: libcuda.so.1: cannot open shared object file: No such file or directory (ignored)
[cmp221.ethernet.delftblue:1457091] mca_base_component_repository_open: unable to open mca_accelerator_cuda: libcuda.so.1: cannot open shared object file: No such file or directory (ignored)
[cmp221.ethernet.delftblue:1457093] mca_base_component_repository_open: unable to open mca_accelerator_cuda: libcuda.so.1: cannot open shared object file: No such file or directory (ignored)
[cmp221.ethernet.delftblue:1457097] mca_base_component_repository_open: unable to open mca_accelerator_cuda: libcuda.so.1: cannot open shared object file: No such file or directory (ignored)
[cmp221.ethernet.delftblue:1457090] mca_base_component_repository_open: unable to open mca_rcache_gpusm: libcuda.so.1: cannot open shared object file: No such file or directory (ignored)
[cmp221.ethernet.delftblue:1457090] mca_base_component_repository_open: unable to open mca_rcache_rgpusm: libcuda.so.1: cannot open shared object file: No such file or directory (ignored)
[cmp221.ethernet.delftblue:1457090] mca_base_component_repository_open: unable to open mca_btl_smcuda: libcuda.so.1: cannot open shared object file: No such file or directory (ignored)
[cmp221.ethernet.delftblue:1457096] mca_base_component_repository_open: unable to open mca_rcache_gpusm: libcuda.so.1: cannot open shared object file: No such file or directory (ignored)
[cmp221.ethernet.delftblue:1457094] mca_base_component_repository_open: unable to open mca_rcache_gpusm: libcuda.so.1: cannot open shared object file: No such file or directory (ignored)
[cmp221.ethernet.delftblue:1457096] mca_base_component_repository_open: unable to open mca_rcache_rgpusm: libcuda.so.1: cannot open shared object file: No such file or directory (ignored)
[cmp221.ethernet.delftblue:1457094] mca_base_component_repository_open: unable to open mca_rcache_rgpusm: libcuda.so.1: cannot open shared object file: No such file or directory (ignored)
[cmp221.ethernet.delftblue:1457089] mca_base_component_repository_open: unable to open mca_rcache_gpusm: libcuda.so.1: cannot open shared object file: No such file or directory (ignored)
[cmp221.ethernet.delftblue:1457096] mca_base_component_repository_open: unable to open mca_btl_smcuda: libcuda.so.1: cannot open shared object file: No such file or directory (ignored)
[cmp221.ethernet.delftblue:1457094] mca_base_component_repository_open: unable to open mca_btl_smcuda: libcuda.so.1: cannot open shared object file: No such file or directory (ignored)
[cmp221.ethernet.delftblue:1457095] mca_base_component_repository_open: unable to open mca_rcache_gpusm: libcuda.so.1: cannot open shared object file: No such file or directory (ignored)
[cmp221.ethernet.delftblue:1457091] mca_base_component_repository_open: unable to open mca_rcache_gpusm: libcuda.so.1: cannot open shared object file: No such file or directory (ignored)
[cmp221.ethernet.delftblue:1457097] mca_base_component_repository_open: unable to open mca_rcache_gpusm: libcuda.so.1: cannot open shared object file: No such file or directory (ignored)
[cmp221.ethernet.delftblue:1457093] mca_base_component_repository_open: unable to open mca_rcache_gpusm: libcuda.so.1: cannot open shared object file: No such file or directory (ignored)
[cmp221.ethernet.delftblue:1457089] mca_base_component_repository_open: unable to open mca_rcache_rgpusm: libcuda.so.1: cannot open shared object file: No such file or directory (ignored)
[cmp221.ethernet.delftblue:1457095] mca_base_component_repository_open: unable to open mca_rcache_rgpusm: libcuda.so.1: cannot open shared object file: No such file or directory (ignored)
[cmp221.ethernet.delftblue:1457091] mca_base_component_repository_open: unable to open mca_rcache_rgpusm: libcuda.so.1: cannot open shared object file: No such file or directory (ignored)
[cmp221.ethernet.delftblue:1457097] mca_base_component_repository_open: unable to open mca_rcache_rgpusm: libcuda.so.1: cannot open shared object file: No such file or directory (ignored)
[cmp221.ethernet.delftblue:1457093] mca_base_component_repository_open: unable to open mca_rcache_rgpusm: libcuda.so.1: cannot open shared object file: No such file or directory (ignored)
[cmp221.ethernet.delftblue:1457089] mca_base_component_repository_open: unable to open mca_btl_smcuda: libcuda.so.1: cannot open shared object file: No such file or directory (ignored)
[cmp221.ethernet.delftblue:1457091] mca_base_component_repository_open: unable to open mca_btl_smcuda: libcuda.so.1: cannot open shared object file: No such file or directory (ignored)
[cmp221.ethernet.delftblue:1457097] mca_base_component_repository_open: unable to open mca_btl_smcuda: libcuda.so.1: cannot open shared object file: No such file or directory (ignored)
[cmp221.ethernet.delftblue:1457093] mca_base_component_repository_open: unable to open mca_btl_smcuda: libcuda.so.1: cannot open shared object file: No such file or directory (ignored)
[cmp221.ethernet.delftblue:1457098] mca_base_component_repository_open: unable to open mca_rcache_gpusm: libcuda.so.1: cannot open shared object file: No such file or directory (ignored)
[cmp221.ethernet.delftblue:1457098] mca_base_component_repository_open: unable to open mca_rcache_rgpusm: libcuda.so.1: cannot open shared object file: No such file or directory (ignored)
[cmp221.ethernet.delftblue:1457092] mca_base_component_repository_open: unable to open mca_rcache_gpusm: libcuda.so.1: cannot open shared object file: No such file or directory (ignored)
[cmp221.ethernet.delftblue:1457098] mca_base_component_repository_open: unable to open mca_btl_smcuda: libcuda.so.1: cannot open shared object file: No such file or directory (ignored)
[cmp221.ethernet.delftblue:1457092] mca_base_component_repository_open: unable to open mca_rcache_rgpusm: libcuda.so.1: cannot open shared object file: No such file or directory (ignored)
[cmp221.ethernet.delftblue:1457092] mca_base_component_repository_open: unable to open mca_btl_smcuda: libcuda.so.1: cannot open shared object file: No such file or directory (ignored)
[cmp221.ethernet.delftblue:1457095] mca_base_component_repository_open: unable to open mca_btl_smcuda: libcuda.so.1: cannot open shared object file: No such file or directory (ignored)
[cmp221.ethernet.delftblue:1457224] mca_base_component_repository_open: unable to open mca_accelerator_cuda: libcuda.so.1: cannot open shared object file: No such file or directory (ignored)
[cmp221.ethernet.delftblue:1457223] mca_base_component_repository_open: unable to open mca_accelerator_cuda: libcuda.so.1: cannot open shared object file: No such file or directory (ignored)
[cmp221.ethernet.delftblue:1457222] mca_base_component_repository_open: unable to open mca_accelerator_cuda: libcuda.so.1: cannot open shared object file: No such file or directory (ignored)
[cmp221.ethernet.delftblue:1457232] mca_base_component_repository_open: unable to open mca_accelerator_cuda: libcuda.so.1: cannot open shared object file: No such file or directory (ignored)
[cmp221.ethernet.delftblue:1457231] mca_base_component_repository_open: unable to open mca_accelerator_cuda: libcuda.so.1: cannot open shared object file: No such file or directory (ignored)
[cmp221.ethernet.delftblue:1457226] mca_base_component_repository_open: unable to open mca_accelerator_cuda: libcuda.so.1: cannot open shared object file: No such file or directory (ignored)
[cmp221.ethernet.delftblue:1457227] mca_base_component_repository_open: unable to open mca_accelerator_cuda: libcuda.so.1: cannot open shared object file: No such file or directory (ignored)
[cmp221.ethernet.delftblue:1457228] mca_base_component_repository_open: unable to open mca_accelerator_cuda: libcuda.so.1: cannot open shared object file: No such file or directory (ignored)
[cmp221.ethernet.delftblue:1457229] mca_base_component_repository_open: unable to open mca_accelerator_cuda: libcuda.so.1: cannot open shared object file: No such file or directory (ignored)
[cmp221.ethernet.delftblue:1457225] mca_base_component_repository_open: unable to open mca_accelerator_cuda: libcuda.so.1: cannot open shared object file: No such file or directory (ignored)
[cmp221.ethernet.delftblue:1457233] mca_base_component_repository_open: unable to open mca_accelerator_cuda: libcuda.so.1: cannot open shared object file: No such file or directory (ignored)
[cmp221.ethernet.delftblue:1457224] mca_base_component_repository_open: unable to open mca_rcache_gpusm: libcuda.so.1: cannot open shared object file: No such file or directory (ignored)
[cmp221.ethernet.delftblue:1457224] mca_base_component_repository_open: unable to open mca_rcache_rgpusm: libcuda.so.1: cannot open shared object file: No such file or directory (ignored)
[cmp221.ethernet.delftblue:1457224] mca_base_component_repository_open: unable to open mca_btl_smcuda: libcuda.so.1: cannot open shared object file: No such file or directory (ignored)
[cmp221.ethernet.delftblue:1457230] mca_base_component_repository_open: unable to open mca_accelerator_cuda: libcuda.so.1: cannot open shared object file: No such file or directory (ignored)
[cmp221.ethernet.delftblue:1457223] mca_base_component_repository_open: unable to open mca_rcache_gpusm: libcuda.so.1: cannot open shared object file: No such file or directory (ignored)
[cmp221.ethernet.delftblue:1457223] mca_base_component_repository_open: unable to open mca_rcache_rgpusm: libcuda.so.1: cannot open shared object file: No such file or directory (ignored)
[cmp221.ethernet.delftblue:1457223] mca_base_component_repository_open: unable to open mca_btl_smcuda: libcuda.so.1: cannot open shared object file: No such file or directory (ignored)
[cmp221.ethernet.delftblue:1457222] mca_base_component_repository_open: unable to open mca_rcache_gpusm: libcuda.so.1: cannot open shared object file: No such file or directory (ignored)
[cmp221.ethernet.delftblue:1457222] mca_base_component_repository_open: unable to open mca_rcache_rgpusm: libcuda.so.1: cannot open shared object file: No such file or directory (ignored)
[cmp221.ethernet.delftblue:1457222] mca_base_component_repository_open: unable to open mca_btl_smcuda: libcuda.so.1: cannot open shared object file: No such file or directory (ignored)
[cmp221.ethernet.delftblue:1457232] mca_base_component_repository_open: unable to open mca_rcache_gpusm: libcuda.so.1: cannot open shared object file: No such file or directory (ignored)
[cmp221.ethernet.delftblue:1457226] mca_base_component_repository_open: unable to open mca_rcache_gpusm: libcuda.so.1: cannot open shared object file: No such file or directory (ignored)
[cmp221.ethernet.delftblue:1457232] mca_base_component_repository_open: unable to open mca_rcache_rgpusm: libcuda.so.1: cannot open shared object file: No such file or directory (ignored)
[cmp221.ethernet.delftblue:1457226] mca_base_component_repository_open: unable to open mca_rcache_rgpusm: libcuda.so.1: cannot open shared object file: No such file or directory (ignored)
[cmp221.ethernet.delftblue:1457232] mca_base_component_repository_open: unable to open mca_btl_smcuda: libcuda.so.1: cannot open shared object file: No such file or directory (ignored)
[cmp221.ethernet.delftblue:1457226] mca_base_component_repository_open: unable to open mca_btl_smcuda: libcuda.so.1: cannot open shared object file: No such file or directory (ignored)
[cmp221.ethernet.delftblue:1457231] mca_base_component_repository_open: unable to open mca_rcache_gpusm: libcuda.so.1: cannot open shared object file: No such file or directory (ignored)
[cmp221.ethernet.delftblue:1457231] mca_base_component_repository_open: unable to open mca_rcache_rgpusm: libcuda.so.1: cannot open shared object file: No such file or directory (ignored)
[cmp221.ethernet.delftblue:1457228] mca_base_component_repository_open: unable to open mca_rcache_gpusm: libcuda.so.1: cannot open shared object file: No such file or directory (ignored)
[cmp221.ethernet.delftblue:1457227] mca_base_component_repository_open: unable to open mca_rcache_gpusm: libcuda.so.1: cannot open shared object file: No such file or directory (ignored)
[cmp221.ethernet.delftblue:1457229] mca_base_component_repository_open: unable to open mca_rcache_gpusm: libcuda.so.1: cannot open shared object file: No such file or directory (ignored)
[cmp221.ethernet.delftblue:1457231] mca_base_component_repository_open: unable to open mca_btl_smcuda: libcuda.so.1: cannot open shared object file: No such file or directory (ignored)
[cmp221.ethernet.delftblue:1457228] mca_base_component_repository_open: unable to open mca_rcache_rgpusm: libcuda.so.1: cannot open shared object file: No such file or directory (ignored)
[cmp221.ethernet.delftblue:1457227] mca_base_component_repository_open: unable to open mca_rcache_rgpusm: libcuda.so.1: cannot open shared object file: No such file or directory (ignored)
[cmp221.ethernet.delftblue:1457229] mca_base_component_repository_open: unable to open mca_rcache_rgpusm: libcuda.so.1: cannot open shared object file: No such file or directory (ignored)
[cmp221.ethernet.delftblue:1457225] mca_base_component_repository_open: unable to open mca_rcache_gpusm: libcuda.so.1: cannot open shared object file: No such file or directory (ignored)
[cmp221.ethernet.delftblue:1457228] mca_base_component_repository_open: unable to open mca_btl_smcuda: libcuda.so.1: cannot open shared object file: No such file or directory (ignored)
[cmp221.ethernet.delftblue:1457227] mca_base_component_repository_open: unable to open mca_btl_smcuda: libcuda.so.1: cannot open shared object file: No such file or directory (ignored)
[cmp221.ethernet.delftblue:1457229] mca_base_component_repository_open: unable to open mca_btl_smcuda: libcuda.so.1: cannot open shared object file: No such file or directory (ignored)
[cmp221.ethernet.delftblue:1457225] mca_base_component_repository_open: unable to open mca_rcache_rgpusm: libcuda.so.1: cannot open shared object file: No such file or directory (ignored)
[cmp221.ethernet.delftblue:1457225] mca_base_component_repository_open: unable to open mca_btl_smcuda: libcuda.so.1: cannot open shared object file: No such file or directory (ignored)
[cmp221.ethernet.delftblue:1457233] mca_base_component_repository_open: unable to open mca_rcache_gpusm: libcuda.so.1: cannot open shared object file: No such file or directory (ignored)
[cmp221.ethernet.delftblue:1457233] mca_base_component_repository_open: unable to open mca_rcache_rgpusm: libcuda.so.1: cannot open shared object file: No such file or directory (ignored)
[cmp221.ethernet.delftblue:1457230] mca_base_component_repository_open: unable to open mca_rcache_gpusm: libcuda.so.1: cannot open shared object file: No such file or directory (ignored)
[cmp221.ethernet.delftblue:1457233] mca_base_component_repository_open: unable to open mca_btl_smcuda: libcuda.so.1: cannot open shared object file: No such file or directory (ignored)
[cmp221.ethernet.delftblue:1457230] mca_base_component_repository_open: unable to open mca_rcache_rgpusm: libcuda.so.1: cannot open shared object file: No such file or directory (ignored)
[cmp221.ethernet.delftblue:1457230] mca_base_component_repository_open: unable to open mca_btl_smcuda: libcuda.so.1: cannot open shared object file: No such file or directory (ignored)
[cmp221.ethernet.delftblue:1457380] mca_base_component_repository_open: unable to open mca_accelerator_cuda: libcuda.so.1: cannot open shared object file: No such file or directory (ignored)
[cmp221.ethernet.delftblue:1457378] mca_base_component_repository_open: unable to open mca_accelerator_cuda: libcuda.so.1: cannot open shared object file: No such file or directory (ignored)
[cmp221.ethernet.delftblue:1457388] mca_base_component_repository_open: unable to open mca_accelerator_cuda: libcuda.so.1: cannot open shared object file: No such file or directory (ignored)
[cmp221.ethernet.delftblue:1457384] mca_base_component_repository_open: unable to open mca_accelerator_cuda: libcuda.so.1: cannot open shared object file: No such file or directory (ignored)
[cmp221.ethernet.delftblue:1457381] mca_base_component_repository_open: unable to open mca_accelerator_cuda: libcuda.so.1: cannot open shared object file: No such file or directory (ignored)
[cmp221.ethernet.delftblue:1457386] mca_base_component_repository_open: unable to open mca_accelerator_cuda: libcuda.so.1: cannot open shared object file: No such file or directory (ignored)
[cmp221.ethernet.delftblue:1457377] mca_base_component_repository_open: unable to open mca_accelerator_cuda: libcuda.so.1: cannot open shared object file: No such file or directory (ignored)
[cmp221.ethernet.delftblue:1457385] mca_base_component_repository_open: unable to open mca_accelerator_cuda: libcuda.so.1: cannot open shared object file: No such file or directory (ignored)
[cmp221.ethernet.delftblue:1457379] mca_base_component_repository_open: unable to open mca_accelerator_cuda: libcuda.so.1: cannot open shared object file: No such file or directory (ignored)
[cmp221.ethernet.delftblue:1457376] mca_base_component_repository_open: unable to open mca_accelerator_cuda: libcuda.so.1: cannot open shared object file: No such file or directory (ignored)
[cmp221.ethernet.delftblue:1457389] mca_base_component_repository_open: unable to open mca_accelerator_cuda: libcuda.so.1: cannot open shared object file: No such file or directory (ignored)
[cmp221.ethernet.delftblue:1457387] mca_base_component_repository_open: unable to open mca_accelerator_cuda: libcuda.so.1: cannot open shared object file: No such file or directory (ignored)
[cmp221.ethernet.delftblue:1457382] mca_base_component_repository_open: unable to open mca_accelerator_cuda: libcuda.so.1: cannot open shared object file: No such file or directory (ignored)
[cmp221.ethernet.delftblue:1457383] mca_base_component_repository_open: unable to open mca_accelerator_cuda: libcuda.so.1: cannot open shared object file: No such file or directory (ignored)
[cmp221.ethernet.delftblue:1457380] mca_base_component_repository_open: unable to open mca_rcache_gpusm: libcuda.so.1: cannot open shared object file: No such file or directory (ignored)
[cmp221.ethernet.delftblue:1457380] mca_base_component_repository_open: unable to open mca_rcache_rgpusm: libcuda.so.1: cannot open shared object file: No such file or directory (ignored)
[cmp221.ethernet.delftblue:1457380] mca_base_component_repository_open: unable to open mca_btl_smcuda: libcuda.so.1: cannot open shared object file: No such file or directory (ignored)
[cmp221.ethernet.delftblue:1457386] mca_base_component_repository_open: unable to open mca_rcache_gpusm: libcuda.so.1: cannot open shared object file: No such file or directory (ignored)
[cmp221.ethernet.delftblue:1457378] mca_base_component_repository_open: unable to open mca_rcache_gpusm: libcuda.so.1: cannot open shared object file: No such file or directory (ignored)
[cmp221.ethernet.delftblue:1457381] mca_base_component_repository_open: unable to open mca_rcache_gpusm: libcuda.so.1: cannot open shared object file: No such file or directory (ignored)
[cmp221.ethernet.delftblue:1457378] mca_base_component_repository_open: unable to open mca_rcache_rgpusm: libcuda.so.1: cannot open shared object file: No such file or directory (ignored)
[cmp221.ethernet.delftblue:1457378] mca_base_component_repository_open: unable to open mca_btl_smcuda: libcuda.so.1: cannot open shared object file: No such file or directory (ignored)
[cmp221.ethernet.delftblue:1457385] mca_base_component_repository_open: unable to open mca_rcache_gpusm: libcuda.so.1: cannot open shared object file: No such file or directory (ignored)
[cmp221.ethernet.delftblue:1457385] mca_base_component_repository_open: unable to open mca_rcache_rgpusm: libcuda.so.1: cannot open shared object file: No such file or directory (ignored)
[cmp221.ethernet.delftblue:1457388] mca_base_component_repository_open: unable to open mca_rcache_gpusm: libcuda.so.1: cannot open shared object file: No such file or directory (ignored)
[cmp221.ethernet.delftblue:1457377] mca_base_component_repository_open: unable to open mca_rcache_gpusm: libcuda.so.1: cannot open shared object file: No such file or directory (ignored)
[cmp221.ethernet.delftblue:1457379] mca_base_component_repository_open: unable to open mca_rcache_gpusm: libcuda.so.1: cannot open shared object file: No such file or directory (ignored)
[cmp221.ethernet.delftblue:1457385] mca_base_component_repository_open: unable to open mca_btl_smcuda: libcuda.so.1: cannot open shared object file: No such file or directory (ignored)
[cmp221.ethernet.delftblue:1457388] mca_base_component_repository_open: unable to open mca_rcache_rgpusm: libcuda.so.1: cannot open shared object file: No such file or directory (ignored)
[cmp221.ethernet.delftblue:1457386] mca_base_component_repository_open: unable to open mca_rcache_rgpusm: libcuda.so.1: cannot open shared object file: No such file or directory (ignored)
[cmp221.ethernet.delftblue:1457381] mca_base_component_repository_open: unable to open mca_rcache_rgpusm: libcuda.so.1: cannot open shared object file: No such file or directory (ignored)
[cmp221.ethernet.delftblue:1457379] mca_base_component_repository_open: unable to open mca_rcache_rgpusm: libcuda.so.1: cannot open shared object file: No such file or directory (ignored)
[cmp221.ethernet.delftblue:1457388] mca_base_component_repository_open: unable to open mca_btl_smcuda: libcuda.so.1: cannot open shared object file: No such file or directory (ignored)
[cmp221.ethernet.delftblue:1457386] mca_base_component_repository_open: unable to open mca_btl_smcuda: libcuda.so.1: cannot open shared object file: No such file or directory (ignored)
[cmp221.ethernet.delftblue:1457379] mca_base_component_repository_open: unable to open mca_btl_smcuda: libcuda.so.1: cannot open shared object file: No such file or directory (ignored)
[cmp221.ethernet.delftblue:1457389] mca_base_component_repository_open: unable to open mca_rcache_gpusm: libcuda.so.1: cannot open shared object file: No such file or directory (ignored)
[cmp221.ethernet.delftblue:1457387] mca_base_component_repository_open: unable to open mca_rcache_gpusm: libcuda.so.1: cannot open shared object file: No such file or directory (ignored)
[cmp221.ethernet.delftblue:1457376] mca_base_component_repository_open: unable to open mca_rcache_gpusm: libcuda.so.1: cannot open shared object file: No such file or directory (ignored)
[cmp221.ethernet.delftblue:1457383] mca_base_component_repository_open: unable to open mca_rcache_gpusm: libcuda.so.1: cannot open shared object file: No such file or directory (ignored)
[cmp221.ethernet.delftblue:1457389] mca_base_component_repository_open: unable to open mca_rcache_rgpusm: libcuda.so.1: cannot open shared object file: No such file or directory (ignored)
[cmp221.ethernet.delftblue:1457387] mca_base_component_repository_open: unable to open mca_rcache_rgpusm: libcuda.so.1: cannot open shared object file: No such file or directory (ignored)
[cmp221.ethernet.delftblue:1457376] mca_base_component_repository_open: unable to open mca_rcache_rgpusm: libcuda.so.1: cannot open shared object file: No such file or directory (ignored)
[cmp221.ethernet.delftblue:1457383] mca_base_component_repository_open: unable to open mca_rcache_rgpusm: libcuda.so.1: cannot open shared object file: No such file or directory (ignored)
[cmp221.ethernet.delftblue:1457389] mca_base_component_repository_open: unable to open mca_btl_smcuda: libcuda.so.1: cannot open shared object file: No such file or directory (ignored)
[cmp221.ethernet.delftblue:1457387] mca_base_component_repository_open: unable to open mca_btl_smcuda: libcuda.so.1: cannot open shared object file: No such file or directory (ignored)
[cmp221.ethernet.delftblue:1457376] mca_base_component_repository_open: unable to open mca_btl_smcuda: libcuda.so.1: cannot open shared object file: No such file or directory (ignored)
[cmp221.ethernet.delftblue:1457384] mca_base_component_repository_open: unable to open mca_rcache_gpusm: libcuda.so.1: cannot open shared object file: No such file or directory (ignored)
[cmp221.ethernet.delftblue:1457384] mca_base_component_repository_open: unable to open mca_rcache_rgpusm: libcuda.so.1: cannot open shared object file: No such file or directory (ignored)
[cmp221.ethernet.delftblue:1457377] mca_base_component_repository_open: unable to open mca_rcache_rgpusm: libcuda.so.1: cannot open shared object file: No such file or directory (ignored)
[cmp221.ethernet.delftblue:1457384] mca_base_component_repository_open: unable to open mca_btl_smcuda: libcuda.so.1: cannot open shared object file: No such file or directory (ignored)
[cmp221.ethernet.delftblue:1457377] mca_base_component_repository_open: unable to open mca_btl_smcuda: libcuda.so.1: cannot open shared object file: No such file or directory (ignored)
[cmp221.ethernet.delftblue:1457381] mca_base_component_repository_open: unable to open mca_btl_smcuda: libcuda.so.1: cannot open shared object file: No such file or directory (ignored)
[cmp221.ethernet.delftblue:1457382] mca_base_component_repository_open: unable to open mca_rcache_gpusm: libcuda.so.1: cannot open shared object file: No such file or directory (ignored)
[cmp221.ethernet.delftblue:1457382] mca_base_component_repository_open: unable to open mca_rcache_rgpusm: libcuda.so.1: cannot open shared object file: No such file or directory (ignored)
[cmp221.ethernet.delftblue:1457382] mca_base_component_repository_open: unable to open mca_btl_smcuda: libcuda.so.1: cannot open shared object file: No such file or directory (ignored)
[cmp221.ethernet.delftblue:1457383] mca_base_component_repository_open: unable to open mca_btl_smcuda: libcuda.so.1: cannot open shared object file: No such file or directory (ignored)
[cmp221.ethernet.delftblue:1457563] mca_base_component_repository_open: unable to open mca_accelerator_cuda: libcuda.so.1: cannot open shared object file: No such file or directory (ignored)
[cmp221.ethernet.delftblue:1457554] mca_base_component_repository_open: unable to open mca_accelerator_cuda: libcuda.so.1: cannot open shared object file: No such file or directory (ignored)
[cmp221.ethernet.delftblue:1457561] mca_base_component_repository_open: unable to open mca_accelerator_cuda: libcuda.so.1: cannot open shared object file: No such file or directory (ignored)
[cmp221.ethernet.delftblue:1457551] mca_base_component_repository_open: unable to open mca_accelerator_cuda: libcuda.so.1: cannot open shared object file: No such file or directory (ignored)
[cmp221.ethernet.delftblue:1457559] mca_base_component_repository_open: unable to open mca_accelerator_cuda: libcuda.so.1: cannot open shared object file: No such file or directory (ignored)
[cmp221.ethernet.delftblue:1457555] mca_base_component_repository_open: unable to open mca_accelerator_cuda: libcuda.so.1: cannot open shared object file: No such file or directory (ignored)
[cmp221.ethernet.delftblue:1457562] mca_base_component_repository_open: unable to open mca_accelerator_cuda: libcuda.so.1: cannot open shared object file: No such file or directory (ignored)
[cmp221.ethernet.delftblue:1457564] mca_base_component_repository_open: unable to open mca_accelerator_cuda: libcuda.so.1: cannot open shared object file: No such file or directory (ignored)
[cmp221.ethernet.delftblue:1457556] mca_base_component_repository_open: unable to open mca_accelerator_cuda: libcuda.so.1: cannot open shared object file: No such file or directory (ignored)
[cmp221.ethernet.delftblue:1457558] mca_base_component_repository_open: unable to open mca_accelerator_cuda: libcuda.so.1: cannot open shared object file: No such file or directory (ignored)
[cmp221.ethernet.delftblue:1457552] mca_base_component_repository_open: unable to open mca_accelerator_cuda: libcuda.so.1: cannot open shared object file: No such file or directory (ignored)
[cmp221.ethernet.delftblue:1457550] mca_base_component_repository_open: unable to open mca_accelerator_cuda: libcuda.so.1: cannot open shared object file: No such file or directory (ignored)
[cmp221.ethernet.delftblue:1457560] mca_base_component_repository_open: unable to open mca_accelerator_cuda: libcuda.so.1: cannot open shared object file: No such file or directory (ignored)
[cmp221.ethernet.delftblue:1457557] mca_base_component_repository_open: unable to open mca_accelerator_cuda: libcuda.so.1: cannot open shared object file: No such file or directory (ignored)
[cmp221.ethernet.delftblue:1457549] mca_base_component_repository_open: unable to open mca_accelerator_cuda: libcuda.so.1: cannot open shared object file: No such file or directory (ignored)
[cmp221.ethernet.delftblue:1457553] mca_base_component_repository_open: unable to open mca_accelerator_cuda: libcuda.so.1: cannot open shared object file: No such file or directory (ignored)
[cmp221.ethernet.delftblue:1457561] mca_base_component_repository_open: unable to open mca_rcache_gpusm: libcuda.so.1: cannot open shared object file: No such file or directory (ignored)
[cmp221.ethernet.delftblue:1457561] mca_base_component_repository_open: unable to open mca_rcache_rgpusm: libcuda.so.1: cannot open shared object file: No such file or directory (ignored)
[cmp221.ethernet.delftblue:1457561] mca_base_component_repository_open: unable to open mca_btl_smcuda: libcuda.so.1: cannot open shared object file: No such file or directory (ignored)
[cmp221.ethernet.delftblue:1457563] mca_base_component_repository_open: unable to open mca_rcache_gpusm: libcuda.so.1: cannot open shared object file: No such file or directory (ignored)
[cmp221.ethernet.delftblue:1457563] mca_base_component_repository_open: unable to open mca_rcache_rgpusm: libcuda.so.1: cannot open shared object file: No such file or directory (ignored)
[cmp221.ethernet.delftblue:1457563] mca_base_component_repository_open: unable to open mca_btl_smcuda: libcuda.so.1: cannot open shared object file: No such file or directory (ignored)
[cmp221.ethernet.delftblue:1457554] mca_base_component_repository_open: unable to open mca_rcache_gpusm: libcuda.so.1: cannot open shared object file: No such file or directory (ignored)
[cmp221.ethernet.delftblue:1457554] mca_base_component_repository_open: unable to open mca_rcache_rgpusm: libcuda.so.1: cannot open shared object file: No such file or directory (ignored)
[cmp221.ethernet.delftblue:1457554] mca_base_component_repository_open: unable to open mca_btl_smcuda: libcuda.so.1: cannot open shared object file: No such file or directory (ignored)
[cmp221.ethernet.delftblue:1457551] mca_base_component_repository_open: unable to open mca_rcache_gpusm: libcuda.so.1: cannot open shared object file: No such file or directory (ignored)
[cmp221.ethernet.delftblue:1457555] mca_base_component_repository_open: unable to open mca_rcache_gpusm: libcuda.so.1: cannot open shared object file: No such file or directory (ignored)
[cmp221.ethernet.delftblue:1457555] mca_base_component_repository_open: unable to open mca_rcache_rgpusm: libcuda.so.1: cannot open shared object file: No such file or directory (ignored)
[cmp221.ethernet.delftblue:1457555] mca_base_component_repository_open: unable to open mca_btl_smcuda: libcuda.so.1: cannot open shared object file: No such file or directory (ignored)
[cmp221.ethernet.delftblue:1457559] mca_base_component_repository_open: unable to open mca_rcache_gpusm: libcuda.so.1: cannot open shared object file: No such file or directory (ignored)
[cmp221.ethernet.delftblue:1457559] mca_base_component_repository_open: unable to open mca_rcache_rgpusm: libcuda.so.1: cannot open shared object file: No such file or directory (ignored)
[cmp221.ethernet.delftblue:1457551] mca_base_component_repository_open: unable to open mca_rcache_rgpusm: libcuda.so.1: cannot open shared object file: No such file or directory (ignored)
[cmp221.ethernet.delftblue:1457559] mca_base_component_repository_open: unable to open mca_btl_smcuda: libcuda.so.1: cannot open shared object file: No such file or directory (ignored)
[cmp221.ethernet.delftblue:1457551] mca_base_component_repository_open: unable to open mca_btl_smcuda: libcuda.so.1: cannot open shared object file: No such file or directory (ignored)
[cmp221.ethernet.delftblue:1457562] mca_base_component_repository_open: unable to open mca_rcache_gpusm: libcuda.so.1: cannot open shared object file: No such file or directory (ignored)
[cmp221.ethernet.delftblue:1457562] mca_base_component_repository_open: unable to open mca_rcache_rgpusm: libcuda.so.1: cannot open shared object file: No such file or directory (ignored)
[cmp221.ethernet.delftblue:1457562] mca_base_component_repository_open: unable to open mca_btl_smcuda: libcuda.so.1: cannot open shared object file: No such file or directory (ignored)
[cmp221.ethernet.delftblue:1457564] mca_base_component_repository_open: unable to open mca_rcache_gpusm: libcuda.so.1: cannot open shared object file: No such file or directory (ignored)
[cmp221.ethernet.delftblue:1457556] mca_base_component_repository_open: unable to open mca_rcache_gpusm: libcuda.so.1: cannot open shared object file: No such file or directory (ignored)
[cmp221.ethernet.delftblue:1457564] mca_base_component_repository_open: unable to open mca_rcache_rgpusm: libcuda.so.1: cannot open shared object file: No such file or directory (ignored)
[cmp221.ethernet.delftblue:1457556] mca_base_component_repository_open: unable to open mca_rcache_rgpusm: libcuda.so.1: cannot open shared object file: No such file or directory (ignored)
[cmp221.ethernet.delftblue:1457564] mca_base_component_repository_open: unable to open mca_btl_smcuda: libcuda.so.1: cannot open shared object file: No such file or directory (ignored)
[cmp221.ethernet.delftblue:1457556] mca_base_component_repository_open: unable to open mca_btl_smcuda: libcuda.so.1: cannot open shared object file: No such file or directory (ignored)
[cmp221.ethernet.delftblue:1457558] mca_base_component_repository_open: unable to open mca_rcache_gpusm: libcuda.so.1: cannot open shared object file: No such file or directory (ignored)
[cmp221.ethernet.delftblue:1457558] mca_base_component_repository_open: unable to open mca_rcache_rgpusm: libcuda.so.1: cannot open shared object file: No such file or directory (ignored)
[cmp221.ethernet.delftblue:1457558] mca_base_component_repository_open: unable to open mca_btl_smcuda: libcuda.so.1: cannot open shared object file: No such file or directory (ignored)
[cmp221.ethernet.delftblue:1457552] mca_base_component_repository_open: unable to open mca_rcache_gpusm: libcuda.so.1: cannot open shared object file: No such file or directory (ignored)
[cmp221.ethernet.delftblue:1457552] mca_base_component_repository_open: unable to open mca_rcache_rgpusm: libcuda.so.1: cannot open shared object file: No such file or directory (ignored)
[cmp221.ethernet.delftblue:1457553] mca_base_component_repository_open: unable to open mca_rcache_gpusm: libcuda.so.1: cannot open shared object file: No such file or directory (ignored)
[cmp221.ethernet.delftblue:1457550] mca_base_component_repository_open: unable to open mca_rcache_gpusm: libcuda.so.1: cannot open shared object file: No such file or directory (ignored)
[cmp221.ethernet.delftblue:1457557] mca_base_component_repository_open: unable to open mca_rcache_gpusm: libcuda.so.1: cannot open shared object file: No such file or directory (ignored)
[cmp221.ethernet.delftblue:1457560] mca_base_component_repository_open: unable to open mca_rcache_gpusm: libcuda.so.1: cannot open shared object file: No such file or directory (ignored)
[cmp221.ethernet.delftblue:1457553] mca_base_component_repository_open: unable to open mca_rcache_rgpusm: libcuda.so.1: cannot open shared object file: No such file or directory (ignored)
[cmp221.ethernet.delftblue:1457550] mca_base_component_repository_open: unable to open mca_rcache_rgpusm: libcuda.so.1: cannot open shared object file: No such file or directory (ignored)
[cmp221.ethernet.delftblue:1457552] mca_base_component_repository_open: unable to open mca_btl_smcuda: libcuda.so.1: cannot open shared object file: No such file or directory (ignored)
[cmp221.ethernet.delftblue:1457557] mca_base_component_repository_open: unable to open mca_rcache_rgpusm: libcuda.so.1: cannot open shared object file: No such file or directory (ignored)
[cmp221.ethernet.delftblue:1457560] mca_base_component_repository_open: unable to open mca_rcache_rgpusm: libcuda.so.1: cannot open shared object file: No such file or directory (ignored)
[cmp221.ethernet.delftblue:1457553] mca_base_component_repository_open: unable to open mca_btl_smcuda: libcuda.so.1: cannot open shared object file: No such file or directory (ignored)
[cmp221.ethernet.delftblue:1457550] mca_base_component_repository_open: unable to open mca_btl_smcuda: libcuda.so.1: cannot open shared object file: No such file or directory (ignored)
[cmp221.ethernet.delftblue:1457557] mca_base_component_repository_open: unable to open mca_btl_smcuda: libcuda.so.1: cannot open shared object file: No such file or directory (ignored)
[cmp221.ethernet.delftblue:1457549] mca_base_component_repository_open: unable to open mca_rcache_gpusm: libcuda.so.1: cannot open shared object file: No such file or directory (ignored)
[cmp221.ethernet.delftblue:1457549] mca_base_component_repository_open: unable to open mca_rcache_rgpusm: libcuda.so.1: cannot open shared object file: No such file or directory (ignored)
[cmp221.ethernet.delftblue:1457549] mca_base_component_repository_open: unable to open mca_btl_smcuda: libcuda.so.1: cannot open shared object file: No such file or directory (ignored)
[cmp221.ethernet.delftblue:1457560] mca_base_component_repository_open: unable to open mca_btl_smcuda: libcuda.so.1: cannot open shared object file: No such file or directory (ignored)
[cmp221.ethernet.delftblue:1457743] mca_base_component_repository_open: unable to open mca_accelerator_cuda: libcuda.so.1: cannot open shared object file: No such file or directory (ignored)
[cmp221.ethernet.delftblue:1457743] mca_base_component_repository_open: unable to open mca_rcache_gpusm: libcuda.so.1: cannot open shared object file: No such file or directory (ignored)
[cmp221.ethernet.delftblue:1457743] mca_base_component_repository_open: unable to open mca_rcache_rgpusm: libcuda.so.1: cannot open shared object file: No such file or directory (ignored)
[cmp221.ethernet.delftblue:1457743] mca_base_component_repository_open: unable to open mca_btl_smcuda: libcuda.so.1: cannot open shared object file: No such file or directory (ignored)
[cmp221.ethernet.delftblue:1457786] mca_base_component_repository_open: unable to open mca_accelerator_cuda: libcuda.so.1: cannot open shared object file: No such file or directory (ignored)
[cmp221.ethernet.delftblue:1457787] mca_base_component_repository_open: unable to open mca_accelerator_cuda: libcuda.so.1: cannot open shared object file: No such file or directory (ignored)
[cmp221.ethernet.delftblue:1457786] mca_base_component_repository_open: unable to open mca_rcache_gpusm: libcuda.so.1: cannot open shared object file: No such file or directory (ignored)
[cmp221.ethernet.delftblue:1457786] mca_base_component_repository_open: unable to open mca_rcache_rgpusm: libcuda.so.1: cannot open shared object file: No such file or directory (ignored)
[cmp221.ethernet.delftblue:1457786] mca_base_component_repository_open: unable to open mca_btl_smcuda: libcuda.so.1: cannot open shared object file: No such file or directory (ignored)
[cmp221.ethernet.delftblue:1457787] mca_base_component_repository_open: unable to open mca_rcache_gpusm: libcuda.so.1: cannot open shared object file: No such file or directory (ignored)
[cmp221.ethernet.delftblue:1457787] mca_base_component_repository_open: unable to open mca_rcache_rgpusm: libcuda.so.1: cannot open shared object file: No such file or directory (ignored)
[cmp221.ethernet.delftblue:1457787] mca_base_component_repository_open: unable to open mca_btl_smcuda: libcuda.so.1: cannot open shared object file: No such file or directory (ignored)
[cmp221.ethernet.delftblue:1457839] mca_base_component_repository_open: unable to open mca_accelerator_cuda: libcuda.so.1: cannot open shared object file: No such file or directory (ignored)
[cmp221.ethernet.delftblue:1457840] mca_base_component_repository_open: unable to open mca_accelerator_cuda: libcuda.so.1: cannot open shared object file: No such file or directory (ignored)
[cmp221.ethernet.delftblue:1457841] mca_base_component_repository_open: unable to open mca_accelerator_cuda: libcuda.so.1: cannot open shared object file: No such file or directory (ignored)
[cmp221.ethernet.delftblue:1457842] mca_base_component_repository_open: unable to open mca_accelerator_cuda: libcuda.so.1: cannot open shared object file: No such file or directory (ignored)
[cmp221.ethernet.delftblue:1457839] mca_base_component_repository_open: unable to open mca_rcache_gpusm: libcuda.so.1: cannot open shared object file: No such file or directory (ignored)
[cmp221.ethernet.delftblue:1457839] mca_base_component_repository_open: unable to open mca_rcache_rgpusm: libcuda.so.1: cannot open shared object file: No such file or directory (ignored)
[cmp221.ethernet.delftblue:1457839] mca_base_component_repository_open: unable to open mca_btl_smcuda: libcuda.so.1: cannot open shared object file: No such file or directory (ignored)
[cmp221.ethernet.delftblue:1457840] mca_base_component_repository_open: unable to open mca_rcache_gpusm: libcuda.so.1: cannot open shared object file: No such file or directory (ignored)
[cmp221.ethernet.delftblue:1457840] mca_base_component_repository_open: unable to open mca_rcache_rgpusm: libcuda.so.1: cannot open shared object file: No such file or directory (ignored)
[cmp221.ethernet.delftblue:1457840] mca_base_component_repository_open: unable to open mca_btl_smcuda: libcuda.so.1: cannot open shared object file: No such file or directory (ignored)
[cmp221.ethernet.delftblue:1457841] mca_base_component_repository_open: unable to open mca_rcache_gpusm: libcuda.so.1: cannot open shared object file: No such file or directory (ignored)
[cmp221.ethernet.delftblue:1457841] mca_base_component_repository_open: unable to open mca_rcache_rgpusm: libcuda.so.1: cannot open shared object file: No such file or directory (ignored)
[cmp221.ethernet.delftblue:1457841] mca_base_component_repository_open: unable to open mca_btl_smcuda: libcuda.so.1: cannot open shared object file: No such file or directory (ignored)
[cmp221.ethernet.delftblue:1457842] mca_base_component_repository_open: unable to open mca_rcache_gpusm: libcuda.so.1: cannot open shared object file: No such file or directory (ignored)
[cmp221.ethernet.delftblue:1457842] mca_base_component_repository_open: unable to open mca_rcache_rgpusm: libcuda.so.1: cannot open shared object file: No such file or directory (ignored)
[cmp221.ethernet.delftblue:1457842] mca_base_component_repository_open: unable to open mca_btl_smcuda: libcuda.so.1: cannot open shared object file: No such file or directory (ignored)
[cmp221.ethernet.delftblue:1457917] mca_base_component_repository_open: unable to open mca_accelerator_cuda: libcuda.so.1: cannot open shared object file: No such file or directory (ignored)
[cmp221.ethernet.delftblue:1457912] mca_base_component_repository_open: unable to open mca_accelerator_cuda: libcuda.so.1: cannot open shared object file: No such file or directory (ignored)
[cmp221.ethernet.delftblue:1457914] mca_base_component_repository_open: unable to open mca_accelerator_cuda: libcuda.so.1: cannot open shared object file: No such file or directory (ignored)
[cmp221.ethernet.delftblue:1457913] mca_base_component_repository_open: unable to open mca_accelerator_cuda: libcuda.so.1: cannot open shared object file: No such file or directory (ignored)
[cmp221.ethernet.delftblue:1457916] mca_base_component_repository_open: unable to open mca_accelerator_cuda: libcuda.so.1: cannot open shared object file: No such file or directory (ignored)
[cmp221.ethernet.delftblue:1457915] mca_base_component_repository_open: unable to open mca_accelerator_cuda: libcuda.so.1: cannot open shared object file: No such file or directory (ignored)
[cmp221.ethernet.delftblue:1457917] mca_base_component_repository_open: unable to open mca_rcache_gpusm: libcuda.so.1: cannot open shared object file: No such file or directory (ignored)
[cmp221.ethernet.delftblue:1457917] mca_base_component_repository_open: unable to open mca_rcache_rgpusm: libcuda.so.1: cannot open shared object file: No such file or directory (ignored)
[cmp221.ethernet.delftblue:1457917] mca_base_component_repository_open: unable to open mca_btl_smcuda: libcuda.so.1: cannot open shared object file: No such file or directory (ignored)
[cmp221.ethernet.delftblue:1457912] mca_base_component_repository_open: unable to open mca_rcache_gpusm: libcuda.so.1: cannot open shared object file: No such file or directory (ignored)
[cmp221.ethernet.delftblue:1457912] mca_base_component_repository_open: unable to open mca_rcache_rgpusm: libcuda.so.1: cannot open shared object file: No such file or directory (ignored)
[cmp221.ethernet.delftblue:1457912] mca_base_component_repository_open: unable to open mca_btl_smcuda: libcuda.so.1: cannot open shared object file: No such file or directory (ignored)
[cmp221.ethernet.delftblue:1457916] mca_base_component_repository_open: unable to open mca_rcache_gpusm: libcuda.so.1: cannot open shared object file: No such file or directory (ignored)
[cmp221.ethernet.delftblue:1457916] mca_base_component_repository_open: unable to open mca_rcache_rgpusm: libcuda.so.1: cannot open shared object file: No such file or directory (ignored)
[cmp221.ethernet.delftblue:1457916] mca_base_component_repository_open: unable to open mca_btl_smcuda: libcuda.so.1: cannot open shared object file: No such file or directory (ignored)
[cmp221.ethernet.delftblue:1457915] mca_base_component_repository_open: unable to open mca_rcache_gpusm: libcuda.so.1: cannot open shared object file: No such file or directory (ignored)
[cmp221.ethernet.delftblue:1457915] mca_base_component_repository_open: unable to open mca_rcache_rgpusm: libcuda.so.1: cannot open shared object file: No such file or directory (ignored)
[cmp221.ethernet.delftblue:1457915] mca_base_component_repository_open: unable to open mca_btl_smcuda: libcuda.so.1: cannot open shared object file: No such file or directory (ignored)
[cmp221.ethernet.delftblue:1457914] mca_base_component_repository_open: unable to open mca_rcache_gpusm: libcuda.so.1: cannot open shared object file: No such file or directory (ignored)
[cmp221.ethernet.delftblue:1457913] mca_base_component_repository_open: unable to open mca_rcache_gpusm: libcuda.so.1: cannot open shared object file: No such file or directory (ignored)
[cmp221.ethernet.delftblue:1457914] mca_base_component_repository_open: unable to open mca_rcache_rgpusm: libcuda.so.1: cannot open shared object file: No such file or directory (ignored)
[cmp221.ethernet.delftblue:1457913] mca_base_component_repository_open: unable to open mca_rcache_rgpusm: libcuda.so.1: cannot open shared object file: No such file or directory (ignored)
[cmp221.ethernet.delftblue:1457914] mca_base_component_repository_open: unable to open mca_btl_smcuda: libcuda.so.1: cannot open shared object file: No such file or directory (ignored)
[cmp221.ethernet.delftblue:1457913] mca_base_component_repository_open: unable to open mca_btl_smcuda: libcuda.so.1: cannot open shared object file: No such file or directory (ignored)
[cmp221.ethernet.delftblue:1458012] mca_base_component_repository_open: unable to open mca_accelerator_cuda: libcuda.so.1: cannot open shared object file: No such file or directory (ignored)
[cmp221.ethernet.delftblue:1458006] mca_base_component_repository_open: unable to open mca_accelerator_cuda: libcuda.so.1: cannot open shared object file: No such file or directory (ignored)
[cmp221.ethernet.delftblue:1458011] mca_base_component_repository_open: unable to open mca_accelerator_cuda: libcuda.so.1: cannot open shared object file: No such file or directory (ignored)
[cmp221.ethernet.delftblue:1458009] mca_base_component_repository_open: unable to open mca_accelerator_cuda: libcuda.so.1: cannot open shared object file: No such file or directory (ignored)
[cmp221.ethernet.delftblue:1458005] mca_base_component_repository_open: unable to open mca_accelerator_cuda: libcuda.so.1: cannot open shared object file: No such file or directory (ignored)
[cmp221.ethernet.delftblue:1458007] mca_base_component_repository_open: unable to open mca_accelerator_cuda: libcuda.so.1: cannot open shared object file: No such file or directory (ignored)
[cmp221.ethernet.delftblue:1458010] mca_base_component_repository_open: unable to open mca_accelerator_cuda: libcuda.so.1: cannot open shared object file: No such file or directory (ignored)
[cmp221.ethernet.delftblue:1458008] mca_base_component_repository_open: unable to open mca_accelerator_cuda: libcuda.so.1: cannot open shared object file: No such file or directory (ignored)
[cmp221.ethernet.delftblue:1458011] mca_base_component_repository_open: unable to open mca_rcache_gpusm: libcuda.so.1: cannot open shared object file: No such file or directory (ignored)
[cmp221.ethernet.delftblue:1458006] mca_base_component_repository_open: unable to open mca_rcache_gpusm: libcuda.so.1: cannot open shared object file: No such file or directory (ignored)
[cmp221.ethernet.delftblue:1458011] mca_base_component_repository_open: unable to open mca_rcache_rgpusm: libcuda.so.1: cannot open shared object file: No such file or directory (ignored)
[cmp221.ethernet.delftblue:1458006] mca_base_component_repository_open: unable to open mca_rcache_rgpusm: libcuda.so.1: cannot open shared object file: No such file or directory (ignored)
[cmp221.ethernet.delftblue:1458011] mca_base_component_repository_open: unable to open mca_btl_smcuda: libcuda.so.1: cannot open shared object file: No such file or directory (ignored)
[cmp221.ethernet.delftblue:1458006] mca_base_component_repository_open: unable to open mca_btl_smcuda: libcuda.so.1: cannot open shared object file: No such file or directory (ignored)
[cmp221.ethernet.delftblue:1458012] mca_base_component_repository_open: unable to open mca_rcache_gpusm: libcuda.so.1: cannot open shared object file: No such file or directory (ignored)
[cmp221.ethernet.delftblue:1458012] mca_base_component_repository_open: unable to open mca_rcache_rgpusm: libcuda.so.1: cannot open shared object file: No such file or directory (ignored)
[cmp221.ethernet.delftblue:1458012] mca_base_component_repository_open: unable to open mca_btl_smcuda: libcuda.so.1: cannot open shared object file: No such file or directory (ignored)
[cmp221.ethernet.delftblue:1458007] mca_base_component_repository_open: unable to open mca_rcache_gpusm: libcuda.so.1: cannot open shared object file: No such file or directory (ignored)
[cmp221.ethernet.delftblue:1458010] mca_base_component_repository_open: unable to open mca_rcache_gpusm: libcuda.so.1: cannot open shared object file: No such file or directory (ignored)
[cmp221.ethernet.delftblue:1458007] mca_base_component_repository_open: unable to open mca_rcache_rgpusm: libcuda.so.1: cannot open shared object file: No such file or directory (ignored)
[cmp221.ethernet.delftblue:1458010] mca_base_component_repository_open: unable to open mca_rcache_rgpusm: libcuda.so.1: cannot open shared object file: No such file or directory (ignored)
[cmp221.ethernet.delftblue:1458007] mca_base_component_repository_open: unable to open mca_btl_smcuda: libcuda.so.1: cannot open shared object file: No such file or directory (ignored)
[cmp221.ethernet.delftblue:1458010] mca_base_component_repository_open: unable to open mca_btl_smcuda: libcuda.so.1: cannot open shared object file: No such file or directory (ignored)
[cmp221.ethernet.delftblue:1458009] mca_base_component_repository_open: unable to open mca_rcache_gpusm: libcuda.so.1: cannot open shared object file: No such file or directory (ignored)
[cmp221.ethernet.delftblue:1458009] mca_base_component_repository_open: unable to open mca_rcache_rgpusm: libcuda.so.1: cannot open shared object file: No such file or directory (ignored)
[cmp221.ethernet.delftblue:1458005] mca_base_component_repository_open: unable to open mca_rcache_gpusm: libcuda.so.1: cannot open shared object file: No such file or directory (ignored)
[cmp221.ethernet.delftblue:1458009] mca_base_component_repository_open: unable to open mca_btl_smcuda: libcuda.so.1: cannot open shared object file: No such file or directory (ignored)
[cmp221.ethernet.delftblue:1458005] mca_base_component_repository_open: unable to open mca_rcache_rgpusm: libcuda.so.1: cannot open shared object file: No such file or directory (ignored)
[cmp221.ethernet.delftblue:1458005] mca_base_component_repository_open: unable to open mca_btl_smcuda: libcuda.so.1: cannot open shared object file: No such file or directory (ignored)
[cmp221.ethernet.delftblue:1458008] mca_base_component_repository_open: unable to open mca_rcache_gpusm: libcuda.so.1: cannot open shared object file: No such file or directory (ignored)
[cmp221.ethernet.delftblue:1458008] mca_base_component_repository_open: unable to open mca_rcache_rgpusm: libcuda.so.1: cannot open shared object file: No such file or directory (ignored)
[cmp221.ethernet.delftblue:1458008] mca_base_component_repository_open: unable to open mca_btl_smcuda: libcuda.so.1: cannot open shared object file: No such file or directory (ignored)
[cmp221.ethernet.delftblue:1458122] mca_base_component_repository_open: unable to open mca_accelerator_cuda: libcuda.so.1: cannot open shared object file: No such file or directory (ignored)
[cmp221.ethernet.delftblue:1458125] mca_base_component_repository_open: unable to open mca_accelerator_cuda: libcuda.so.1: cannot open shared object file: No such file or directory (ignored)
[cmp221.ethernet.delftblue:1458126] mca_base_component_repository_open: unable to open mca_accelerator_cuda: libcuda.so.1: cannot open shared object file: No such file or directory (ignored)
[cmp221.ethernet.delftblue:1458119] mca_base_component_repository_open: unable to open mca_accelerator_cuda: libcuda.so.1: cannot open shared object file: No such file or directory (ignored)
[cmp221.ethernet.delftblue:1458124] mca_base_component_repository_open: unable to open mca_accelerator_cuda: libcuda.so.1: cannot open shared object file: No such file or directory (ignored)
[cmp221.ethernet.delftblue:1458120] mca_base_component_repository_open: unable to open mca_accelerator_cuda: libcuda.so.1: cannot open shared object file: No such file or directory (ignored)
[cmp221.ethernet.delftblue:1458127] mca_base_component_repository_open: unable to open mca_accelerator_cuda: libcuda.so.1: cannot open shared object file: No such file or directory (ignored)
[cmp221.ethernet.delftblue:1458123] mca_base_component_repository_open: unable to open mca_accelerator_cuda: libcuda.so.1: cannot open shared object file: No such file or directory (ignored)
[cmp221.ethernet.delftblue:1458122] mca_base_component_repository_open: unable to open mca_rcache_gpusm: libcuda.so.1: cannot open shared object file: No such file or directory (ignored)
[cmp221.ethernet.delftblue:1458118] mca_base_component_repository_open: unable to open mca_accelerator_cuda: libcuda.so.1: cannot open shared object file: No such file or directory (ignored)
[cmp221.ethernet.delftblue:1458122] mca_base_component_repository_open: unable to open mca_rcache_rgpusm: libcuda.so.1: cannot open shared object file: No such file or directory (ignored)
[cmp221.ethernet.delftblue:1458122] mca_base_component_repository_open: unable to open mca_btl_smcuda: libcuda.so.1: cannot open shared object file: No such file or directory (ignored)
[cmp221.ethernet.delftblue:1458121] mca_base_component_repository_open: unable to open mca_accelerator_cuda: libcuda.so.1: cannot open shared object file: No such file or directory (ignored)
[cmp221.ethernet.delftblue:1458125] mca_base_component_repository_open: unable to open mca_rcache_gpusm: libcuda.so.1: cannot open shared object file: No such file or directory (ignored)
[cmp221.ethernet.delftblue:1458125] mca_base_component_repository_open: unable to open mca_rcache_rgpusm: libcuda.so.1: cannot open shared object file: No such file or directory (ignored)
[cmp221.ethernet.delftblue:1458125] mca_base_component_repository_open: unable to open mca_btl_smcuda: libcuda.so.1: cannot open shared object file: No such file or directory (ignored)
[cmp221.ethernet.delftblue:1458119] mca_base_component_repository_open: unable to open mca_rcache_gpusm: libcuda.so.1: cannot open shared object file: No such file or directory (ignored)
[cmp221.ethernet.delftblue:1458126] mca_base_component_repository_open: unable to open mca_rcache_gpusm: libcuda.so.1: cannot open shared object file: No such file or directory (ignored)
[cmp221.ethernet.delftblue:1458124] mca_base_component_repository_open: unable to open mca_rcache_gpusm: libcuda.so.1: cannot open shared object file: No such file or directory (ignored)
[cmp221.ethernet.delftblue:1458120] mca_base_component_repository_open: unable to open mca_rcache_gpusm: libcuda.so.1: cannot open shared object file: No such file or directory (ignored)
[cmp221.ethernet.delftblue:1458119] mca_base_component_repository_open: unable to open mca_rcache_rgpusm: libcuda.so.1: cannot open shared object file: No such file or directory (ignored)
[cmp221.ethernet.delftblue:1458124] mca_base_component_repository_open: unable to open mca_rcache_rgpusm: libcuda.so.1: cannot open shared object file: No such file or directory (ignored)
[cmp221.ethernet.delftblue:1458120] mca_base_component_repository_open: unable to open mca_rcache_rgpusm: libcuda.so.1: cannot open shared object file: No such file or directory (ignored)
[cmp221.ethernet.delftblue:1458119] mca_base_component_repository_open: unable to open mca_btl_smcuda: libcuda.so.1: cannot open shared object file: No such file or directory (ignored)
[cmp221.ethernet.delftblue:1458124] mca_base_component_repository_open: unable to open mca_btl_smcuda: libcuda.so.1: cannot open shared object file: No such file or directory (ignored)
[cmp221.ethernet.delftblue:1458120] mca_base_component_repository_open: unable to open mca_btl_smcuda: libcuda.so.1: cannot open shared object file: No such file or directory (ignored)
[cmp221.ethernet.delftblue:1458127] mca_base_component_repository_open: unable to open mca_rcache_gpusm: libcuda.so.1: cannot open shared object file: No such file or directory (ignored)
[cmp221.ethernet.delftblue:1458127] mca_base_component_repository_open: unable to open mca_rcache_rgpusm: libcuda.so.1: cannot open shared object file: No such file or directory (ignored)
[cmp221.ethernet.delftblue:1458126] mca_base_component_repository_open: unable to open mca_rcache_rgpusm: libcuda.so.1: cannot open shared object file: No such file or directory (ignored)
[cmp221.ethernet.delftblue:1458127] mca_base_component_repository_open: unable to open mca_btl_smcuda: libcuda.so.1: cannot open shared object file: No such file or directory (ignored)
[cmp221.ethernet.delftblue:1458126] mca_base_component_repository_open: unable to open mca_btl_smcuda: libcuda.so.1: cannot open shared object file: No such file or directory (ignored)
[cmp221.ethernet.delftblue:1458123] mca_base_component_repository_open: unable to open mca_rcache_gpusm: libcuda.so.1: cannot open shared object file: No such file or directory (ignored)
[cmp221.ethernet.delftblue:1458123] mca_base_component_repository_open: unable to open mca_rcache_rgpusm: libcuda.so.1: cannot open shared object file: No such file or directory (ignored)
[cmp221.ethernet.delftblue:1458118] mca_base_component_repository_open: unable to open mca_rcache_gpusm: libcuda.so.1: cannot open shared object file: No such file or directory (ignored)
[cmp221.ethernet.delftblue:1458118] mca_base_component_repository_open: unable to open mca_rcache_rgpusm: libcuda.so.1: cannot open shared object file: No such file or directory (ignored)
[cmp221.ethernet.delftblue:1458123] mca_base_component_repository_open: unable to open mca_btl_smcuda: libcuda.so.1: cannot open shared object file: No such file or directory (ignored)
[cmp221.ethernet.delftblue:1458121] mca_base_component_repository_open: unable to open mca_rcache_gpusm: libcuda.so.1: cannot open shared object file: No such file or directory (ignored)
[cmp221.ethernet.delftblue:1458121] mca_base_component_repository_open: unable to open mca_rcache_rgpusm: libcuda.so.1: cannot open shared object file: No such file or directory (ignored)
[cmp221.ethernet.delftblue:1458118] mca_base_component_repository_open: unable to open mca_btl_smcuda: libcuda.so.1: cannot open shared object file: No such file or directory (ignored)
[cmp221.ethernet.delftblue:1458121] mca_base_component_repository_open: unable to open mca_btl_smcuda: libcuda.so.1: cannot open shared object file: No such file or directory (ignored)
[cmp221.ethernet.delftblue:1458258] mca_base_component_repository_open: unable to open mca_accelerator_cuda: libcuda.so.1: cannot open shared object file: No such file or directory (ignored)
[cmp221.ethernet.delftblue:1458260] mca_base_component_repository_open: unable to open mca_accelerator_cuda: libcuda.so.1: cannot open shared object file: No such file or directory (ignored)
[cmp221.ethernet.delftblue:1458262] mca_base_component_repository_open: unable to open mca_accelerator_cuda: libcuda.so.1: cannot open shared object file: No such file or directory (ignored)
[cmp221.ethernet.delftblue:1458261] mca_base_component_repository_open: unable to open mca_accelerator_cuda: libcuda.so.1: cannot open shared object file: No such file or directory (ignored)
[cmp221.ethernet.delftblue:1458256] mca_base_component_repository_open: unable to open mca_accelerator_cuda: libcuda.so.1: cannot open shared object file: No such file or directory (ignored)
[cmp221.ethernet.delftblue:1458257] mca_base_component_repository_open: unable to open mca_accelerator_cuda: libcuda.so.1: cannot open shared object file: No such file or directory (ignored)
[cmp221.ethernet.delftblue:1458259] mca_base_component_repository_open: unable to open mca_accelerator_cuda: libcuda.so.1: cannot open shared object file: No such file or directory (ignored)
[cmp221.ethernet.delftblue:1458252] mca_base_component_repository_open: unable to open mca_accelerator_cuda: libcuda.so.1: cannot open shared object file: No such file or directory (ignored)
[cmp221.ethernet.delftblue:1458251] mca_base_component_repository_open: unable to open mca_accelerator_cuda: libcuda.so.1: cannot open shared object file: No such file or directory (ignored)
[cmp221.ethernet.delftblue:1458255] mca_base_component_repository_open: unable to open mca_accelerator_cuda: libcuda.so.1: cannot open shared object file: No such file or directory (ignored)
[cmp221.ethernet.delftblue:1458253] mca_base_component_repository_open: unable to open mca_accelerator_cuda: libcuda.so.1: cannot open shared object file: No such file or directory (ignored)
[cmp221.ethernet.delftblue:1458254] mca_base_component_repository_open: unable to open mca_accelerator_cuda: libcuda.so.1: cannot open shared object file: No such file or directory (ignored)
[cmp221.ethernet.delftblue:1458258] mca_base_component_repository_open: unable to open mca_rcache_gpusm: libcuda.so.1: cannot open shared object file: No such file or directory (ignored)
[cmp221.ethernet.delftblue:1458258] mca_base_component_repository_open: unable to open mca_rcache_rgpusm: libcuda.so.1: cannot open shared object file: No such file or directory (ignored)
[cmp221.ethernet.delftblue:1458258] mca_base_component_repository_open: unable to open mca_btl_smcuda: libcuda.so.1: cannot open shared object file: No such file or directory (ignored)
[cmp221.ethernet.delftblue:1458260] mca_base_component_repository_open: unable to open mca_rcache_gpusm: libcuda.so.1: cannot open shared object file: No such file or directory (ignored)
[cmp221.ethernet.delftblue:1458260] mca_base_component_repository_open: unable to open mca_rcache_rgpusm: libcuda.so.1: cannot open shared object file: No such file or directory (ignored)
[cmp221.ethernet.delftblue:1458260] mca_base_component_repository_open: unable to open mca_btl_smcuda: libcuda.so.1: cannot open shared object file: No such file or directory (ignored)
[cmp221.ethernet.delftblue:1458262] mca_base_component_repository_open: unable to open mca_rcache_gpusm: libcuda.so.1: cannot open shared object file: No such file or directory (ignored)
[cmp221.ethernet.delftblue:1458262] mca_base_component_repository_open: unable to open mca_rcache_rgpusm: libcuda.so.1: cannot open shared object file: No such file or directory (ignored)
[cmp221.ethernet.delftblue:1458262] mca_base_component_repository_open: unable to open mca_btl_smcuda: libcuda.so.1: cannot open shared object file: No such file or directory (ignored)
[cmp221.ethernet.delftblue:1458256] mca_base_component_repository_open: unable to open mca_rcache_gpusm: libcuda.so.1: cannot open shared object file: No such file or directory (ignored)
[cmp221.ethernet.delftblue:1458257] mca_base_component_repository_open: unable to open mca_rcache_gpusm: libcuda.so.1: cannot open shared object file: No such file or directory (ignored)
[cmp221.ethernet.delftblue:1458256] mca_base_component_repository_open: unable to open mca_rcache_rgpusm: libcuda.so.1: cannot open shared object file: No such file or directory (ignored)
[cmp221.ethernet.delftblue:1458257] mca_base_component_repository_open: unable to open mca_rcache_rgpusm: libcuda.so.1: cannot open shared object file: No such file or directory (ignored)
[cmp221.ethernet.delftblue:1458256] mca_base_component_repository_open: unable to open mca_btl_smcuda: libcuda.so.1: cannot open shared object file: No such file or directory (ignored)
[cmp221.ethernet.delftblue:1458257] mca_base_component_repository_open: unable to open mca_btl_smcuda: libcuda.so.1: cannot open shared object file: No such file or directory (ignored)
[cmp221.ethernet.delftblue:1458261] mca_base_component_repository_open: unable to open mca_rcache_gpusm: libcuda.so.1: cannot open shared object file: No such file or directory (ignored)
[cmp221.ethernet.delftblue:1458261] mca_base_component_repository_open: unable to open mca_rcache_rgpusm: libcuda.so.1: cannot open shared object file: No such file or directory (ignored)
[cmp221.ethernet.delftblue:1458261] mca_base_component_repository_open: unable to open mca_btl_smcuda: libcuda.so.1: cannot open shared object file: No such file or directory (ignored)
[cmp221.ethernet.delftblue:1458252] mca_base_component_repository_open: unable to open mca_rcache_gpusm: libcuda.so.1: cannot open shared object file: No such file or directory (ignored)
[cmp221.ethernet.delftblue:1458255] mca_base_component_repository_open: unable to open mca_rcache_gpusm: libcuda.so.1: cannot open shared object file: No such file or directory (ignored)
[cmp221.ethernet.delftblue:1458259] mca_base_component_repository_open: unable to open mca_rcache_gpusm: libcuda.so.1: cannot open shared object file: No such file or directory (ignored)
[cmp221.ethernet.delftblue:1458255] mca_base_component_repository_open: unable to open mca_rcache_rgpusm: libcuda.so.1: cannot open shared object file: No such file or directory (ignored)
[cmp221.ethernet.delftblue:1458259] mca_base_component_repository_open: unable to open mca_rcache_rgpusm: libcuda.so.1: cannot open shared object file: No such file or directory (ignored)
[cmp221.ethernet.delftblue:1458255] mca_base_component_repository_open: unable to open mca_btl_smcuda: libcuda.so.1: cannot open shared object file: No such file or directory (ignored)
[cmp221.ethernet.delftblue:1458251] mca_base_component_repository_open: unable to open mca_rcache_gpusm: libcuda.so.1: cannot open shared object file: No such file or directory (ignored)
[cmp221.ethernet.delftblue:1458259] mca_base_component_repository_open: unable to open mca_btl_smcuda: libcuda.so.1: cannot open shared object file: No such file or directory (ignored)
[cmp221.ethernet.delftblue:1458251] mca_base_component_repository_open: unable to open mca_rcache_rgpusm: libcuda.so.1: cannot open shared object file: No such file or directory (ignored)
[cmp221.ethernet.delftblue:1458253] mca_base_component_repository_open: unable to open mca_rcache_gpusm: libcuda.so.1: cannot open shared object file: No such file or directory (ignored)
[cmp221.ethernet.delftblue:1458251] mca_base_component_repository_open: unable to open mca_btl_smcuda: libcuda.so.1: cannot open shared object file: No such file or directory (ignored)
[cmp221.ethernet.delftblue:1458253] mca_base_component_repository_open: unable to open mca_rcache_rgpusm: libcuda.so.1: cannot open shared object file: No such file or directory (ignored)
[cmp221.ethernet.delftblue:1458254] mca_base_component_repository_open: unable to open mca_rcache_gpusm: libcuda.so.1: cannot open shared object file: No such file or directory (ignored)
[cmp221.ethernet.delftblue:1458253] mca_base_component_repository_open: unable to open mca_btl_smcuda: libcuda.so.1: cannot open shared object file: No such file or directory (ignored)
[cmp221.ethernet.delftblue:1458254] mca_base_component_repository_open: unable to open mca_rcache_rgpusm: libcuda.so.1: cannot open shared object file: No such file or directory (ignored)
[cmp221.ethernet.delftblue:1458254] mca_base_component_repository_open: unable to open mca_btl_smcuda: libcuda.so.1: cannot open shared object file: No such file or directory (ignored)
[cmp221.ethernet.delftblue:1458252] mca_base_component_repository_open: unable to open mca_rcache_rgpusm: libcuda.so.1: cannot open shared object file: No such file or directory (ignored)
[cmp221.ethernet.delftblue:1458252] mca_base_component_repository_open: unable to open mca_btl_smcuda: libcuda.so.1: cannot open shared object file: No such file or directory (ignored)
[cmp221.ethernet.delftblue:1458414] mca_base_component_repository_open: unable to open mca_accelerator_cuda: libcuda.so.1: cannot open shared object file: No such file or directory (ignored)
[cmp221.ethernet.delftblue:1458412] mca_base_component_repository_open: unable to open mca_accelerator_cuda: libcuda.so.1: cannot open shared object file: No such file or directory (ignored)
[cmp221.ethernet.delftblue:1458407] mca_base_component_repository_open: unable to open mca_accelerator_cuda: libcuda.so.1: cannot open shared object file: No such file or directory (ignored)
[cmp221.ethernet.delftblue:1458408] mca_base_component_repository_open: unable to open mca_accelerator_cuda: libcuda.so.1: cannot open shared object file: No such file or directory (ignored)
[cmp221.ethernet.delftblue:1458405] mca_base_component_repository_open: unable to open mca_accelerator_cuda: libcuda.so.1: cannot open shared object file: No such file or directory (ignored)
[cmp221.ethernet.delftblue:1458416] mca_base_component_repository_open: unable to open mca_accelerator_cuda: libcuda.so.1: cannot open shared object file: No such file or directory (ignored)
[cmp221.ethernet.delftblue:1458409] mca_base_component_repository_open: unable to open mca_accelerator_cuda: libcuda.so.1: cannot open shared object file: No such file or directory (ignored)
[cmp221.ethernet.delftblue:1458411] mca_base_component_repository_open: unable to open mca_accelerator_cuda: libcuda.so.1: cannot open shared object file: No such file or directory (ignored)
[cmp221.ethernet.delftblue:1458417] mca_base_component_repository_open: unable to open mca_accelerator_cuda: libcuda.so.1: cannot open shared object file: No such file or directory (ignored)
[cmp221.ethernet.delftblue:1458413] mca_base_component_repository_open: unable to open mca_accelerator_cuda: libcuda.so.1: cannot open shared object file: No such file or directory (ignored)
[cmp221.ethernet.delftblue:1458406] mca_base_component_repository_open: unable to open mca_accelerator_cuda: libcuda.so.1: cannot open shared object file: No such file or directory (ignored)
[cmp221.ethernet.delftblue:1458403] mca_base_component_repository_open: unable to open mca_accelerator_cuda: libcuda.so.1: cannot open shared object file: No such file or directory (ignored)
[cmp221.ethernet.delftblue:1458414] mca_base_component_repository_open: unable to open mca_rcache_gpusm: libcuda.so.1: cannot open shared object file: No such file or directory (ignored)
[cmp221.ethernet.delftblue:1458410] mca_base_component_repository_open: unable to open mca_accelerator_cuda: libcuda.so.1: cannot open shared object file: No such file or directory (ignored)
[cmp221.ethernet.delftblue:1458412] mca_base_component_repository_open: unable to open mca_rcache_gpusm: libcuda.so.1: cannot open shared object file: No such file or directory (ignored)
[cmp221.ethernet.delftblue:1458414] mca_base_component_repository_open: unable to open mca_rcache_rgpusm: libcuda.so.1: cannot open shared object file: No such file or directory (ignored)
[cmp221.ethernet.delftblue:1458404] mca_base_component_repository_open: unable to open mca_accelerator_cuda: libcuda.so.1: cannot open shared object file: No such file or directory (ignored)
[cmp221.ethernet.delftblue:1458412] mca_base_component_repository_open: unable to open mca_rcache_rgpusm: libcuda.so.1: cannot open shared object file: No such file or directory (ignored)
[cmp221.ethernet.delftblue:1458414] mca_base_component_repository_open: unable to open mca_btl_smcuda: libcuda.so.1: cannot open shared object file: No such file or directory (ignored)
[cmp221.ethernet.delftblue:1458412] mca_base_component_repository_open: unable to open mca_btl_smcuda: libcuda.so.1: cannot open shared object file: No such file or directory (ignored)
[cmp221.ethernet.delftblue:1458407] mca_base_component_repository_open: unable to open mca_rcache_gpusm: libcuda.so.1: cannot open shared object file: No such file or directory (ignored)
[cmp221.ethernet.delftblue:1458407] mca_base_component_repository_open: unable to open mca_rcache_rgpusm: libcuda.so.1: cannot open shared object file: No such file or directory (ignored)
[cmp221.ethernet.delftblue:1458407] mca_base_component_repository_open: unable to open mca_btl_smcuda: libcuda.so.1: cannot open shared object file: No such file or directory (ignored)
[cmp221.ethernet.delftblue:1458408] mca_base_component_repository_open: unable to open mca_rcache_gpusm: libcuda.so.1: cannot open shared object file: No such file or directory (ignored)
[cmp221.ethernet.delftblue:1458408] mca_base_component_repository_open: unable to open mca_rcache_rgpusm: libcuda.so.1: cannot open shared object file: No such file or directory (ignored)
[cmp221.ethernet.delftblue:1458408] mca_base_component_repository_open: unable to open mca_btl_smcuda: libcuda.so.1: cannot open shared object file: No such file or directory (ignored)
[cmp221.ethernet.delftblue:1458405] mca_base_component_repository_open: unable to open mca_rcache_gpusm: libcuda.so.1: cannot open shared object file: No such file or directory (ignored)
[cmp221.ethernet.delftblue:1458405] mca_base_component_repository_open: unable to open mca_rcache_rgpusm: libcuda.so.1: cannot open shared object file: No such file or directory (ignored)
[cmp221.ethernet.delftblue:1458405] mca_base_component_repository_open: unable to open mca_btl_smcuda: libcuda.so.1: cannot open shared object file: No such file or directory (ignored)
[cmp221.ethernet.delftblue:1458416] mca_base_component_repository_open: unable to open mca_rcache_gpusm: libcuda.so.1: cannot open shared object file: No such file or directory (ignored)
[cmp221.ethernet.delftblue:1458409] mca_base_component_repository_open: unable to open mca_rcache_gpusm: libcuda.so.1: cannot open shared object file: No such file or directory (ignored)
[cmp221.ethernet.delftblue:1458416] mca_base_component_repository_open: unable to open mca_rcache_rgpusm: libcuda.so.1: cannot open shared object file: No such file or directory (ignored)
[cmp221.ethernet.delftblue:1458411] mca_base_component_repository_open: unable to open mca_rcache_gpusm: libcuda.so.1: cannot open shared object file: No such file or directory (ignored)
[cmp221.ethernet.delftblue:1458409] mca_base_component_repository_open: unable to open mca_rcache_rgpusm: libcuda.so.1: cannot open shared object file: No such file or directory (ignored)
[cmp221.ethernet.delftblue:1458416] mca_base_component_repository_open: unable to open mca_btl_smcuda: libcuda.so.1: cannot open shared object file: No such file or directory (ignored)
[cmp221.ethernet.delftblue:1458411] mca_base_component_repository_open: unable to open mca_rcache_rgpusm: libcuda.so.1: cannot open shared object file: No such file or directory (ignored)
[cmp221.ethernet.delftblue:1458409] mca_base_component_repository_open: unable to open mca_btl_smcuda: libcuda.so.1: cannot open shared object file: No such file or directory (ignored)
[cmp221.ethernet.delftblue:1458411] mca_base_component_repository_open: unable to open mca_btl_smcuda: libcuda.so.1: cannot open shared object file: No such file or directory (ignored)
[cmp221.ethernet.delftblue:1458417] mca_base_component_repository_open: unable to open mca_rcache_gpusm: libcuda.so.1: cannot open shared object file: No such file or directory (ignored)
[cmp221.ethernet.delftblue:1458417] mca_base_component_repository_open: unable to open mca_rcache_rgpusm: libcuda.so.1: cannot open shared object file: No such file or directory (ignored)
[cmp221.ethernet.delftblue:1458417] mca_base_component_repository_open: unable to open mca_btl_smcuda: libcuda.so.1: cannot open shared object file: No such file or directory (ignored)
[cmp221.ethernet.delftblue:1458413] mca_base_component_repository_open: unable to open mca_rcache_gpusm: libcuda.so.1: cannot open shared object file: No such file or directory (ignored)
[cmp221.ethernet.delftblue:1458413] mca_base_component_repository_open: unable to open mca_rcache_rgpusm: libcuda.so.1: cannot open shared object file: No such file or directory (ignored)
[cmp221.ethernet.delftblue:1458413] mca_base_component_repository_open: unable to open mca_btl_smcuda: libcuda.so.1: cannot open shared object file: No such file or directory (ignored)
[cmp221.ethernet.delftblue:1458406] mca_base_component_repository_open: unable to open mca_rcache_gpusm: libcuda.so.1: cannot open shared object file: No such file or directory (ignored)
[cmp221.ethernet.delftblue:1458406] mca_base_component_repository_open: unable to open mca_rcache_rgpusm: libcuda.so.1: cannot open shared object file: No such file or directory (ignored)
[cmp221.ethernet.delftblue:1458406] mca_base_component_repository_open: unable to open mca_btl_smcuda: libcuda.so.1: cannot open shared object file: No such file or directory (ignored)
[cmp221.ethernet.delftblue:1458410] mca_base_component_repository_open: unable to open mca_rcache_gpusm: libcuda.so.1: cannot open shared object file: No such file or directory (ignored)
[cmp221.ethernet.delftblue:1458404] mca_base_component_repository_open: unable to open mca_rcache_gpusm: libcuda.so.1: cannot open shared object file: No such file or directory (ignored)
[cmp221.ethernet.delftblue:1458403] mca_base_component_repository_open: unable to open mca_rcache_gpusm: libcuda.so.1: cannot open shared object file: No such file or directory (ignored)
[cmp221.ethernet.delftblue:1458404] mca_base_component_repository_open: unable to open mca_rcache_rgpusm: libcuda.so.1: cannot open shared object file: No such file or directory (ignored)
[cmp221.ethernet.delftblue:1458403] mca_base_component_repository_open: unable to open mca_rcache_rgpusm: libcuda.so.1: cannot open shared object file: No such file or directory (ignored)
[cmp221.ethernet.delftblue:1458404] mca_base_component_repository_open: unable to open mca_btl_smcuda: libcuda.so.1: cannot open shared object file: No such file or directory (ignored)
[cmp221.ethernet.delftblue:1458403] mca_base_component_repository_open: unable to open mca_btl_smcuda: libcuda.so.1: cannot open shared object file: No such file or directory (ignored)
[cmp221.ethernet.delftblue:1458410] mca_base_component_repository_open: unable to open mca_rcache_rgpusm: libcuda.so.1: cannot open shared object file: No such file or directory (ignored)
[cmp221.ethernet.delftblue:1458410] mca_base_component_repository_open: unable to open mca_btl_smcuda: libcuda.so.1: cannot open shared object file: No such file or directory (ignored)
[cmp221.ethernet.delftblue:1458579] mca_base_component_repository_open: unable to open mca_accelerator_cuda: libcuda.so.1: cannot open shared object file: No such file or directory (ignored)
[cmp221.ethernet.delftblue:1458585] mca_base_component_repository_open: unable to open mca_accelerator_cuda: libcuda.so.1: cannot open shared object file: No such file or directory (ignored)
[cmp221.ethernet.delftblue:1458589] mca_base_component_repository_open: unable to open mca_accelerator_cuda: libcuda.so.1: cannot open shared object file: No such file or directory (ignored)
[cmp221.ethernet.delftblue:1458592] mca_base_component_repository_open: unable to open mca_accelerator_cuda: libcuda.so.1: cannot open shared object file: No such file or directory (ignored)
[cmp221.ethernet.delftblue:1458588] mca_base_component_repository_open: unable to open mca_accelerator_cuda: libcuda.so.1: cannot open shared object file: No such file or directory (ignored)
[cmp221.ethernet.delftblue:1458590] mca_base_component_repository_open: unable to open mca_accelerator_cuda: libcuda.so.1: cannot open shared object file: No such file or directory (ignored)
[cmp221.ethernet.delftblue:1458587] mca_base_component_repository_open: unable to open mca_accelerator_cuda: libcuda.so.1: cannot open shared object file: No such file or directory (ignored)
[cmp221.ethernet.delftblue:1458591] mca_base_component_repository_open: unable to open mca_accelerator_cuda: libcuda.so.1: cannot open shared object file: No such file or directory (ignored)
[cmp221.ethernet.delftblue:1458578] mca_base_component_repository_open: unable to open mca_accelerator_cuda: libcuda.so.1: cannot open shared object file: No such file or directory (ignored)
[cmp221.ethernet.delftblue:1458586] mca_base_component_repository_open: unable to open mca_accelerator_cuda: libcuda.so.1: cannot open shared object file: No such file or directory (ignored)
[cmp221.ethernet.delftblue:1458583] mca_base_component_repository_open: unable to open mca_accelerator_cuda: libcuda.so.1: cannot open shared object file: No such file or directory (ignored)
[cmp221.ethernet.delftblue:1458584] mca_base_component_repository_open: unable to open mca_accelerator_cuda: libcuda.so.1: cannot open shared object file: No such file or directory (ignored)
[cmp221.ethernet.delftblue:1458582] mca_base_component_repository_open: unable to open mca_accelerator_cuda: libcuda.so.1: cannot open shared object file: No such file or directory (ignored)
[cmp221.ethernet.delftblue:1458577] mca_base_component_repository_open: unable to open mca_accelerator_cuda: libcuda.so.1: cannot open shared object file: No such file or directory (ignored)
[cmp221.ethernet.delftblue:1458585] mca_base_component_repository_open: unable to open mca_rcache_gpusm: libcuda.so.1: cannot open shared object file: No such file or directory (ignored)
[cmp221.ethernet.delftblue:1458581] mca_base_component_repository_open: unable to open mca_accelerator_cuda: libcuda.so.1: cannot open shared object file: No such file or directory (ignored)
[cmp221.ethernet.delftblue:1458585] mca_base_component_repository_open: unable to open mca_rcache_rgpusm: libcuda.so.1: cannot open shared object file: No such file or directory (ignored)
[cmp221.ethernet.delftblue:1458589] mca_base_component_repository_open: unable to open mca_rcache_gpusm: libcuda.so.1: cannot open shared object file: No such file or directory (ignored)
[cmp221.ethernet.delftblue:1458585] mca_base_component_repository_open: unable to open mca_btl_smcuda: libcuda.so.1: cannot open shared object file: No such file or directory (ignored)
[cmp221.ethernet.delftblue:1458589] mca_base_component_repository_open: unable to open mca_rcache_rgpusm: libcuda.so.1: cannot open shared object file: No such file or directory (ignored)
[cmp221.ethernet.delftblue:1458589] mca_base_component_repository_open: unable to open mca_btl_smcuda: libcuda.so.1: cannot open shared object file: No such file or directory (ignored)
[cmp221.ethernet.delftblue:1458579] mca_base_component_repository_open: unable to open mca_rcache_gpusm: libcuda.so.1: cannot open shared object file: No such file or directory (ignored)
[cmp221.ethernet.delftblue:1458579] mca_base_component_repository_open: unable to open mca_rcache_rgpusm: libcuda.so.1: cannot open shared object file: No such file or directory (ignored)
[cmp221.ethernet.delftblue:1458580] mca_base_component_repository_open: unable to open mca_accelerator_cuda: libcuda.so.1: cannot open shared object file: No such file or directory (ignored)
[cmp221.ethernet.delftblue:1458579] mca_base_component_repository_open: unable to open mca_btl_smcuda: libcuda.so.1: cannot open shared object file: No such file or directory (ignored)
[cmp221.ethernet.delftblue:1458588] mca_base_component_repository_open: unable to open mca_rcache_gpusm: libcuda.so.1: cannot open shared object file: No such file or directory (ignored)
[cmp221.ethernet.delftblue:1458592] mca_base_component_repository_open: unable to open mca_rcache_gpusm: libcuda.so.1: cannot open shared object file: No such file or directory (ignored)
[cmp221.ethernet.delftblue:1458588] mca_base_component_repository_open: unable to open mca_rcache_rgpusm: libcuda.so.1: cannot open shared object file: No such file or directory (ignored)
[cmp221.ethernet.delftblue:1458592] mca_base_component_repository_open: unable to open mca_rcache_rgpusm: libcuda.so.1: cannot open shared object file: No such file or directory (ignored)
[cmp221.ethernet.delftblue:1458588] mca_base_component_repository_open: unable to open mca_btl_smcuda: libcuda.so.1: cannot open shared object file: No such file or directory (ignored)
[cmp221.ethernet.delftblue:1458592] mca_base_component_repository_open: unable to open mca_btl_smcuda: libcuda.so.1: cannot open shared object file: No such file or directory (ignored)
[cmp221.ethernet.delftblue:1458587] mca_base_component_repository_open: unable to open mca_rcache_gpusm: libcuda.so.1: cannot open shared object file: No such file or directory (ignored)
[cmp221.ethernet.delftblue:1458587] mca_base_component_repository_open: unable to open mca_rcache_rgpusm: libcuda.so.1: cannot open shared object file: No such file or directory (ignored)
[cmp221.ethernet.delftblue:1458583] mca_base_component_repository_open: unable to open mca_rcache_gpusm: libcuda.so.1: cannot open shared object file: No such file or directory (ignored)
[cmp221.ethernet.delftblue:1458591] mca_base_component_repository_open: unable to open mca_rcache_gpusm: libcuda.so.1: cannot open shared object file: No such file or directory (ignored)
[cmp221.ethernet.delftblue:1458584] mca_base_component_repository_open: unable to open mca_rcache_gpusm: libcuda.so.1: cannot open shared object file: No such file or directory (ignored)
[cmp221.ethernet.delftblue:1458582] mca_base_component_repository_open: unable to open mca_rcache_gpusm: libcuda.so.1: cannot open shared object file: No such file or directory (ignored)
[cmp221.ethernet.delftblue:1458578] mca_base_component_repository_open: unable to open mca_rcache_gpusm: libcuda.so.1: cannot open shared object file: No such file or directory (ignored)
[cmp221.ethernet.delftblue:1458587] mca_base_component_repository_open: unable to open mca_btl_smcuda: libcuda.so.1: cannot open shared object file: No such file or directory (ignored)
[cmp221.ethernet.delftblue:1458583] mca_base_component_repository_open: unable to open mca_rcache_rgpusm: libcuda.so.1: cannot open shared object file: No such file or directory (ignored)
[cmp221.ethernet.delftblue:1458584] mca_base_component_repository_open: unable to open mca_rcache_rgpusm: libcuda.so.1: cannot open shared object file: No such file or directory (ignored)
[cmp221.ethernet.delftblue:1458578] mca_base_component_repository_open: unable to open mca_rcache_rgpusm: libcuda.so.1: cannot open shared object file: No such file or directory (ignored)
[cmp221.ethernet.delftblue:1458582] mca_base_component_repository_open: unable to open mca_rcache_rgpusm: libcuda.so.1: cannot open shared object file: No such file or directory (ignored)
[cmp221.ethernet.delftblue:1458584] mca_base_component_repository_open: unable to open mca_btl_smcuda: libcuda.so.1: cannot open shared object file: No such file or directory (ignored)
[cmp221.ethernet.delftblue:1458583] mca_base_component_repository_open: unable to open mca_btl_smcuda: libcuda.so.1: cannot open shared object file: No such file or directory (ignored)
[cmp221.ethernet.delftblue:1458578] mca_base_component_repository_open: unable to open mca_btl_smcuda: libcuda.so.1: cannot open shared object file: No such file or directory (ignored)
[cmp221.ethernet.delftblue:1458582] mca_base_component_repository_open: unable to open mca_btl_smcuda: libcuda.so.1: cannot open shared object file: No such file or directory (ignored)
[cmp221.ethernet.delftblue:1458590] mca_base_component_repository_open: unable to open mca_rcache_gpusm: libcuda.so.1: cannot open shared object file: No such file or directory (ignored)
[cmp221.ethernet.delftblue:1458590] mca_base_component_repository_open: unable to open mca_rcache_rgpusm: libcuda.so.1: cannot open shared object file: No such file or directory (ignored)
[cmp221.ethernet.delftblue:1458586] mca_base_component_repository_open: unable to open mca_rcache_gpusm: libcuda.so.1: cannot open shared object file: No such file or directory (ignored)
[cmp221.ethernet.delftblue:1458590] mca_base_component_repository_open: unable to open mca_btl_smcuda: libcuda.so.1: cannot open shared object file: No such file or directory (ignored)
[cmp221.ethernet.delftblue:1458586] mca_base_component_repository_open: unable to open mca_rcache_rgpusm: libcuda.so.1: cannot open shared object file: No such file or directory (ignored)
[cmp221.ethernet.delftblue:1458591] mca_base_component_repository_open: unable to open mca_rcache_rgpusm: libcuda.so.1: cannot open shared object file: No such file or directory (ignored)
[cmp221.ethernet.delftblue:1458586] mca_base_component_repository_open: unable to open mca_btl_smcuda: libcuda.so.1: cannot open shared object file: No such file or directory (ignored)
[cmp221.ethernet.delftblue:1458591] mca_base_component_repository_open: unable to open mca_btl_smcuda: libcuda.so.1: cannot open shared object file: No such file or directory (ignored)
[cmp221.ethernet.delftblue:1458581] mca_base_component_repository_open: unable to open mca_rcache_gpusm: libcuda.so.1: cannot open shared object file: No such file or directory (ignored)
[cmp221.ethernet.delftblue:1458581] mca_base_component_repository_open: unable to open mca_rcache_rgpusm: libcuda.so.1: cannot open shared object file: No such file or directory (ignored)
[cmp221.ethernet.delftblue:1458580] mca_base_component_repository_open: unable to open mca_rcache_gpusm: libcuda.so.1: cannot open shared object file: No such file or directory (ignored)
[cmp221.ethernet.delftblue:1458577] mca_base_component_repository_open: unable to open mca_rcache_gpusm: libcuda.so.1: cannot open shared object file: No such file or directory (ignored)
[cmp221.ethernet.delftblue:1458581] mca_base_component_repository_open: unable to open mca_btl_smcuda: libcuda.so.1: cannot open shared object file: No such file or directory (ignored)
[cmp221.ethernet.delftblue:1458580] mca_base_component_repository_open: unable to open mca_rcache_rgpusm: libcuda.so.1: cannot open shared object file: No such file or directory (ignored)
[cmp221.ethernet.delftblue:1458577] mca_base_component_repository_open: unable to open mca_rcache_rgpusm: libcuda.so.1: cannot open shared object file: No such file or directory (ignored)
[cmp221.ethernet.delftblue:1458580] mca_base_component_repository_open: unable to open mca_btl_smcuda: libcuda.so.1: cannot open shared object file: No such file or directory (ignored)
[cmp221.ethernet.delftblue:1458577] mca_base_component_repository_open: unable to open mca_btl_smcuda: libcuda.so.1: cannot open shared object file: No such file or directory (ignored)
[cmp221.ethernet.delftblue:1458838] mca_base_component_repository_open: unable to open mca_accelerator_cuda: libcuda.so.1: cannot open shared object file: No such file or directory (ignored)
[cmp221.ethernet.delftblue:1458838] mca_base_component_repository_open: unable to open mca_rcache_gpusm: libcuda.so.1: cannot open shared object file: No such file or directory (ignored)
[cmp221.ethernet.delftblue:1458838] mca_base_component_repository_open: unable to open mca_rcache_rgpusm: libcuda.so.1: cannot open shared object file: No such file or directory (ignored)
[cmp221.ethernet.delftblue:1458838] mca_base_component_repository_open: unable to open mca_btl_smcuda: libcuda.so.1: cannot open shared object file: No such file or directory (ignored)
[cmp221.ethernet.delftblue:1458886] mca_base_component_repository_open: unable to open mca_accelerator_cuda: libcuda.so.1: cannot open shared object file: No such file or directory (ignored)
[cmp221.ethernet.delftblue:1458885] mca_base_component_repository_open: unable to open mca_accelerator_cuda: libcuda.so.1: cannot open shared object file: No such file or directory (ignored)
[cmp221.ethernet.delftblue:1458885] mca_base_component_repository_open: unable to open mca_rcache_gpusm: libcuda.so.1: cannot open shared object file: No such file or directory (ignored)
[cmp221.ethernet.delftblue:1458885] mca_base_component_repository_open: unable to open mca_rcache_rgpusm: libcuda.so.1: cannot open shared object file: No such file or directory (ignored)
[cmp221.ethernet.delftblue:1458885] mca_base_component_repository_open: unable to open mca_btl_smcuda: libcuda.so.1: cannot open shared object file: No such file or directory (ignored)
[cmp221.ethernet.delftblue:1458886] mca_base_component_repository_open: unable to open mca_rcache_gpusm: libcuda.so.1: cannot open shared object file: No such file or directory (ignored)
[cmp221.ethernet.delftblue:1458886] mca_base_component_repository_open: unable to open mca_rcache_rgpusm: libcuda.so.1: cannot open shared object file: No such file or directory (ignored)
[cmp221.ethernet.delftblue:1458886] mca_base_component_repository_open: unable to open mca_btl_smcuda: libcuda.so.1: cannot open shared object file: No such file or directory (ignored)
[cmp221.ethernet.delftblue:1458939] mca_base_component_repository_open: unable to open mca_accelerator_cuda: libcuda.so.1: cannot open shared object file: No such file or directory (ignored)
[cmp221.ethernet.delftblue:1458940] mca_base_component_repository_open: unable to open mca_accelerator_cuda: libcuda.so.1: cannot open shared object file: No such file or directory (ignored)
[cmp221.ethernet.delftblue:1458942] mca_base_component_repository_open: unable to open mca_accelerator_cuda: libcuda.so.1: cannot open shared object file: No such file or directory (ignored)
[cmp221.ethernet.delftblue:1458941] mca_base_component_repository_open: unable to open mca_accelerator_cuda: libcuda.so.1: cannot open shared object file: No such file or directory (ignored)
[cmp221.ethernet.delftblue:1458940] mca_base_component_repository_open: unable to open mca_rcache_gpusm: libcuda.so.1: cannot open shared object file: No such file or directory (ignored)
[cmp221.ethernet.delftblue:1458939] mca_base_component_repository_open: unable to open mca_rcache_gpusm: libcuda.so.1: cannot open shared object file: No such file or directory (ignored)
[cmp221.ethernet.delftblue:1458940] mca_base_component_repository_open: unable to open mca_rcache_rgpusm: libcuda.so.1: cannot open shared object file: No such file or directory (ignored)
[cmp221.ethernet.delftblue:1458939] mca_base_component_repository_open: unable to open mca_rcache_rgpusm: libcuda.so.1: cannot open shared object file: No such file or directory (ignored)
[cmp221.ethernet.delftblue:1458940] mca_base_component_repository_open: unable to open mca_btl_smcuda: libcuda.so.1: cannot open shared object file: No such file or directory (ignored)
[cmp221.ethernet.delftblue:1458939] mca_base_component_repository_open: unable to open mca_btl_smcuda: libcuda.so.1: cannot open shared object file: No such file or directory (ignored)
[cmp221.ethernet.delftblue:1458942] mca_base_component_repository_open: unable to open mca_rcache_gpusm: libcuda.so.1: cannot open shared object file: No such file or directory (ignored)
[cmp221.ethernet.delftblue:1458942] mca_base_component_repository_open: unable to open mca_rcache_rgpusm: libcuda.so.1: cannot open shared object file: No such file or directory (ignored)
[cmp221.ethernet.delftblue:1458941] mca_base_component_repository_open: unable to open mca_rcache_gpusm: libcuda.so.1: cannot open shared object file: No such file or directory (ignored)
[cmp221.ethernet.delftblue:1458942] mca_base_component_repository_open: unable to open mca_btl_smcuda: libcuda.so.1: cannot open shared object file: No such file or directory (ignored)
[cmp221.ethernet.delftblue:1458941] mca_base_component_repository_open: unable to open mca_rcache_rgpusm: libcuda.so.1: cannot open shared object file: No such file or directory (ignored)
[cmp221.ethernet.delftblue:1458941] mca_base_component_repository_open: unable to open mca_btl_smcuda: libcuda.so.1: cannot open shared object file: No such file or directory (ignored)
[cmp221.ethernet.delftblue:1459014] mca_base_component_repository_open: unable to open mca_accelerator_cuda: libcuda.so.1: cannot open shared object file: No such file or directory (ignored)
[cmp221.ethernet.delftblue:1459015] mca_base_component_repository_open: unable to open mca_accelerator_cuda: libcuda.so.1: cannot open shared object file: No such file or directory (ignored)
[cmp221.ethernet.delftblue:1459017] mca_base_component_repository_open: unable to open mca_accelerator_cuda: libcuda.so.1: cannot open shared object file: No such file or directory (ignored)
[cmp221.ethernet.delftblue:1459018] mca_base_component_repository_open: unable to open mca_accelerator_cuda: libcuda.so.1: cannot open shared object file: No such file or directory (ignored)
[cmp221.ethernet.delftblue:1459013] mca_base_component_repository_open: unable to open mca_accelerator_cuda: libcuda.so.1: cannot open shared object file: No such file or directory (ignored)
[cmp221.ethernet.delftblue:1459016] mca_base_component_repository_open: unable to open mca_accelerator_cuda: libcuda.so.1: cannot open shared object file: No such file or directory (ignored)
[cmp221.ethernet.delftblue:1459014] mca_base_component_repository_open: unable to open mca_rcache_gpusm: libcuda.so.1: cannot open shared object file: No such file or directory (ignored)
[cmp221.ethernet.delftblue:1459014] mca_base_component_repository_open: unable to open mca_rcache_rgpusm: libcuda.so.1: cannot open shared object file: No such file or directory (ignored)
[cmp221.ethernet.delftblue:1459014] mca_base_component_repository_open: unable to open mca_btl_smcuda: libcuda.so.1: cannot open shared object file: No such file or directory (ignored)
[cmp221.ethernet.delftblue:1459017] mca_base_component_repository_open: unable to open mca_rcache_gpusm: libcuda.so.1: cannot open shared object file: No such file or directory (ignored)
[cmp221.ethernet.delftblue:1459015] mca_base_component_repository_open: unable to open mca_rcache_gpusm: libcuda.so.1: cannot open shared object file: No such file or directory (ignored)
[cmp221.ethernet.delftblue:1459017] mca_base_component_repository_open: unable to open mca_rcache_rgpusm: libcuda.so.1: cannot open shared object file: No such file or directory (ignored)
[cmp221.ethernet.delftblue:1459015] mca_base_component_repository_open: unable to open mca_rcache_rgpusm: libcuda.so.1: cannot open shared object file: No such file or directory (ignored)
[cmp221.ethernet.delftblue:1459017] mca_base_component_repository_open: unable to open mca_btl_smcuda: libcuda.so.1: cannot open shared object file: No such file or directory (ignored)
[cmp221.ethernet.delftblue:1459015] mca_base_component_repository_open: unable to open mca_btl_smcuda: libcuda.so.1: cannot open shared object file: No such file or directory (ignored)
[cmp221.ethernet.delftblue:1459018] mca_base_component_repository_open: unable to open mca_rcache_gpusm: libcuda.so.1: cannot open shared object file: No such file or directory (ignored)
[cmp221.ethernet.delftblue:1459018] mca_base_component_repository_open: unable to open mca_rcache_rgpusm: libcuda.so.1: cannot open shared object file: No such file or directory (ignored)
[cmp221.ethernet.delftblue:1459013] mca_base_component_repository_open: unable to open mca_rcache_gpusm: libcuda.so.1: cannot open shared object file: No such file or directory (ignored)
[cmp221.ethernet.delftblue:1459018] mca_base_component_repository_open: unable to open mca_btl_smcuda: libcuda.so.1: cannot open shared object file: No such file or directory (ignored)
[cmp221.ethernet.delftblue:1459013] mca_base_component_repository_open: unable to open mca_rcache_rgpusm: libcuda.so.1: cannot open shared object file: No such file or directory (ignored)
[cmp221.ethernet.delftblue:1459016] mca_base_component_repository_open: unable to open mca_rcache_gpusm: libcuda.so.1: cannot open shared object file: No such file or directory (ignored)
[cmp221.ethernet.delftblue:1459013] mca_base_component_repository_open: unable to open mca_btl_smcuda: libcuda.so.1: cannot open shared object file: No such file or directory (ignored)
[cmp221.ethernet.delftblue:1459016] mca_base_component_repository_open: unable to open mca_rcache_rgpusm: libcuda.so.1: cannot open shared object file: No such file or directory (ignored)
[cmp221.ethernet.delftblue:1459016] mca_base_component_repository_open: unable to open mca_btl_smcuda: libcuda.so.1: cannot open shared object file: No such file or directory (ignored)
[cmp221.ethernet.delftblue:1459113] mca_base_component_repository_open: unable to open mca_accelerator_cuda: libcuda.so.1: cannot open shared object file: No such file or directory (ignored)
[cmp221.ethernet.delftblue:1459107] mca_base_component_repository_open: unable to open mca_accelerator_cuda: libcuda.so.1: cannot open shared object file: No such file or directory (ignored)
[cmp221.ethernet.delftblue:1459109] mca_base_component_repository_open: unable to open mca_accelerator_cuda: libcuda.so.1: cannot open shared object file: No such file or directory (ignored)
[cmp221.ethernet.delftblue:1459112] mca_base_component_repository_open: unable to open mca_accelerator_cuda: libcuda.so.1: cannot open shared object file: No such file or directory (ignored)
[cmp221.ethernet.delftblue:1459108] mca_base_component_repository_open: unable to open mca_accelerator_cuda: libcuda.so.1: cannot open shared object file: No such file or directory (ignored)
[cmp221.ethernet.delftblue:1459114] mca_base_component_repository_open: unable to open mca_accelerator_cuda: libcuda.so.1: cannot open shared object file: No such file or directory (ignored)
[cmp221.ethernet.delftblue:1459110] mca_base_component_repository_open: unable to open mca_accelerator_cuda: libcuda.so.1: cannot open shared object file: No such file or directory (ignored)
[cmp221.ethernet.delftblue:1459111] mca_base_component_repository_open: unable to open mca_accelerator_cuda: libcuda.so.1: cannot open shared object file: No such file or directory (ignored)
[cmp221.ethernet.delftblue:1459113] mca_base_component_repository_open: unable to open mca_rcache_gpusm: libcuda.so.1: cannot open shared object file: No such file or directory (ignored)
[cmp221.ethernet.delftblue:1459113] mca_base_component_repository_open: unable to open mca_rcache_rgpusm: libcuda.so.1: cannot open shared object file: No such file or directory (ignored)
[cmp221.ethernet.delftblue:1459107] mca_base_component_repository_open: unable to open mca_rcache_gpusm: libcuda.so.1: cannot open shared object file: No such file or directory (ignored)
[cmp221.ethernet.delftblue:1459113] mca_base_component_repository_open: unable to open mca_btl_smcuda: libcuda.so.1: cannot open shared object file: No such file or directory (ignored)
[cmp221.ethernet.delftblue:1459107] mca_base_component_repository_open: unable to open mca_rcache_rgpusm: libcuda.so.1: cannot open shared object file: No such file or directory (ignored)
[cmp221.ethernet.delftblue:1459107] mca_base_component_repository_open: unable to open mca_btl_smcuda: libcuda.so.1: cannot open shared object file: No such file or directory (ignored)
[cmp221.ethernet.delftblue:1459108] mca_base_component_repository_open: unable to open mca_rcache_gpusm: libcuda.so.1: cannot open shared object file: No such file or directory (ignored)
[cmp221.ethernet.delftblue:1459108] mca_base_component_repository_open: unable to open mca_rcache_rgpusm: libcuda.so.1: cannot open shared object file: No such file or directory (ignored)
[cmp221.ethernet.delftblue:1459108] mca_base_component_repository_open: unable to open mca_btl_smcuda: libcuda.so.1: cannot open shared object file: No such file or directory (ignored)
[cmp221.ethernet.delftblue:1459109] mca_base_component_repository_open: unable to open mca_rcache_gpusm: libcuda.so.1: cannot open shared object file: No such file or directory (ignored)
[cmp221.ethernet.delftblue:1459109] mca_base_component_repository_open: unable to open mca_rcache_rgpusm: libcuda.so.1: cannot open shared object file: No such file or directory (ignored)
[cmp221.ethernet.delftblue:1459109] mca_base_component_repository_open: unable to open mca_btl_smcuda: libcuda.so.1: cannot open shared object file: No such file or directory (ignored)
[cmp221.ethernet.delftblue:1459114] mca_base_component_repository_open: unable to open mca_rcache_gpusm: libcuda.so.1: cannot open shared object file: No such file or directory (ignored)
[cmp221.ethernet.delftblue:1459114] mca_base_component_repository_open: unable to open mca_rcache_rgpusm: libcuda.so.1: cannot open shared object file: No such file or directory (ignored)
[cmp221.ethernet.delftblue:1459111] mca_base_component_repository_open: unable to open mca_rcache_gpusm: libcuda.so.1: cannot open shared object file: No such file or directory (ignored)
[cmp221.ethernet.delftblue:1459114] mca_base_component_repository_open: unable to open mca_btl_smcuda: libcuda.so.1: cannot open shared object file: No such file or directory (ignored)
[cmp221.ethernet.delftblue:1459111] mca_base_component_repository_open: unable to open mca_rcache_rgpusm: libcuda.so.1: cannot open shared object file: No such file or directory (ignored)
[cmp221.ethernet.delftblue:1459111] mca_base_component_repository_open: unable to open mca_btl_smcuda: libcuda.so.1: cannot open shared object file: No such file or directory (ignored)
[cmp221.ethernet.delftblue:1459110] mca_base_component_repository_open: unable to open mca_rcache_gpusm: libcuda.so.1: cannot open shared object file: No such file or directory (ignored)
[cmp221.ethernet.delftblue:1459110] mca_base_component_repository_open: unable to open mca_rcache_rgpusm: libcuda.so.1: cannot open shared object file: No such file or directory (ignored)
[cmp221.ethernet.delftblue:1459112] mca_base_component_repository_open: unable to open mca_rcache_gpusm: libcuda.so.1: cannot open shared object file: No such file or directory (ignored)
[cmp221.ethernet.delftblue:1459110] mca_base_component_repository_open: unable to open mca_btl_smcuda: libcuda.so.1: cannot open shared object file: No such file or directory (ignored)
[cmp221.ethernet.delftblue:1459112] mca_base_component_repository_open: unable to open mca_rcache_rgpusm: libcuda.so.1: cannot open shared object file: No such file or directory (ignored)
[cmp221.ethernet.delftblue:1459112] mca_base_component_repository_open: unable to open mca_btl_smcuda: libcuda.so.1: cannot open shared object file: No such file or directory (ignored)
[cmp221.ethernet.delftblue:1459229] mca_base_component_repository_open: unable to open mca_accelerator_cuda: libcuda.so.1: cannot open shared object file: No such file or directory (ignored)
[cmp221.ethernet.delftblue:1459222] mca_base_component_repository_open: unable to open mca_accelerator_cuda: libcuda.so.1: cannot open shared object file: No such file or directory (ignored)
[cmp221.ethernet.delftblue:1459220] mca_base_component_repository_open: unable to open mca_accelerator_cuda: libcuda.so.1: cannot open shared object file: No such file or directory (ignored)
[cmp221.ethernet.delftblue:1459226] mca_base_component_repository_open: unable to open mca_accelerator_cuda: libcuda.so.1: cannot open shared object file: No such file or directory (ignored)
[cmp221.ethernet.delftblue:1459228] mca_base_component_repository_open: unable to open mca_accelerator_cuda: libcuda.so.1: cannot open shared object file: No such file or directory (ignored)
[cmp221.ethernet.delftblue:1459224] mca_base_component_repository_open: unable to open mca_accelerator_cuda: libcuda.so.1: cannot open shared object file: No such file or directory (ignored)
[cmp221.ethernet.delftblue:1459225] mca_base_component_repository_open: unable to open mca_accelerator_cuda: libcuda.so.1: cannot open shared object file: No such file or directory (ignored)
[cmp221.ethernet.delftblue:1459221] mca_base_component_repository_open: unable to open mca_accelerator_cuda: libcuda.so.1: cannot open shared object file: No such file or directory (ignored)
[cmp221.ethernet.delftblue:1459227] mca_base_component_repository_open: unable to open mca_accelerator_cuda: libcuda.so.1: cannot open shared object file: No such file or directory (ignored)
[cmp221.ethernet.delftblue:1459223] mca_base_component_repository_open: unable to open mca_accelerator_cuda: libcuda.so.1: cannot open shared object file: No such file or directory (ignored)
[cmp221.ethernet.delftblue:1459229] mca_base_component_repository_open: unable to open mca_rcache_gpusm: libcuda.so.1: cannot open shared object file: No such file or directory (ignored)
[cmp221.ethernet.delftblue:1459226] mca_base_component_repository_open: unable to open mca_rcache_gpusm: libcuda.so.1: cannot open shared object file: No such file or directory (ignored)
[cmp221.ethernet.delftblue:1459229] mca_base_component_repository_open: unable to open mca_rcache_rgpusm: libcuda.so.1: cannot open shared object file: No such file or directory (ignored)
[cmp221.ethernet.delftblue:1459224] mca_base_component_repository_open: unable to open mca_rcache_gpusm: libcuda.so.1: cannot open shared object file: No such file or directory (ignored)
[cmp221.ethernet.delftblue:1459228] mca_base_component_repository_open: unable to open mca_rcache_gpusm: libcuda.so.1: cannot open shared object file: No such file or directory (ignored)
[cmp221.ethernet.delftblue:1459226] mca_base_component_repository_open: unable to open mca_rcache_rgpusm: libcuda.so.1: cannot open shared object file: No such file or directory (ignored)
[cmp221.ethernet.delftblue:1459224] mca_base_component_repository_open: unable to open mca_rcache_rgpusm: libcuda.so.1: cannot open shared object file: No such file or directory (ignored)
[cmp221.ethernet.delftblue:1459228] mca_base_component_repository_open: unable to open mca_rcache_rgpusm: libcuda.so.1: cannot open shared object file: No such file or directory (ignored)
[cmp221.ethernet.delftblue:1459229] mca_base_component_repository_open: unable to open mca_btl_smcuda: libcuda.so.1: cannot open shared object file: No such file or directory (ignored)
[cmp221.ethernet.delftblue:1459220] mca_base_component_repository_open: unable to open mca_rcache_gpusm: libcuda.so.1: cannot open shared object file: No such file or directory (ignored)
[cmp221.ethernet.delftblue:1459226] mca_base_component_repository_open: unable to open mca_btl_smcuda: libcuda.so.1: cannot open shared object file: No such file or directory (ignored)
[cmp221.ethernet.delftblue:1459224] mca_base_component_repository_open: unable to open mca_btl_smcuda: libcuda.so.1: cannot open shared object file: No such file or directory (ignored)
[cmp221.ethernet.delftblue:1459228] mca_base_component_repository_open: unable to open mca_btl_smcuda: libcuda.so.1: cannot open shared object file: No such file or directory (ignored)
[cmp221.ethernet.delftblue:1459220] mca_base_component_repository_open: unable to open mca_rcache_rgpusm: libcuda.so.1: cannot open shared object file: No such file or directory (ignored)
[cmp221.ethernet.delftblue:1459220] mca_base_component_repository_open: unable to open mca_btl_smcuda: libcuda.so.1: cannot open shared object file: No such file or directory (ignored)
[cmp221.ethernet.delftblue:1459222] mca_base_component_repository_open: unable to open mca_rcache_gpusm: libcuda.so.1: cannot open shared object file: No such file or directory (ignored)
[cmp221.ethernet.delftblue:1459227] mca_base_component_repository_open: unable to open mca_rcache_gpusm: libcuda.so.1: cannot open shared object file: No such file or directory (ignored)
[cmp221.ethernet.delftblue:1459225] mca_base_component_repository_open: unable to open mca_rcache_gpusm: libcuda.so.1: cannot open shared object file: No such file or directory (ignored)
[cmp221.ethernet.delftblue:1459223] mca_base_component_repository_open: unable to open mca_rcache_gpusm: libcuda.so.1: cannot open shared object file: No such file or directory (ignored)
[cmp221.ethernet.delftblue:1459222] mca_base_component_repository_open: unable to open mca_rcache_rgpusm: libcuda.so.1: cannot open shared object file: No such file or directory (ignored)
[cmp221.ethernet.delftblue:1459227] mca_base_component_repository_open: unable to open mca_rcache_rgpusm: libcuda.so.1: cannot open shared object file: No such file or directory (ignored)
[cmp221.ethernet.delftblue:1459223] mca_base_component_repository_open: unable to open mca_rcache_rgpusm: libcuda.so.1: cannot open shared object file: No such file or directory (ignored)
[cmp221.ethernet.delftblue:1459227] mca_base_component_repository_open: unable to open mca_btl_smcuda: libcuda.so.1: cannot open shared object file: No such file or directory (ignored)
[cmp221.ethernet.delftblue:1459223] mca_base_component_repository_open: unable to open mca_btl_smcuda: libcuda.so.1: cannot open shared object file: No such file or directory (ignored)
[cmp221.ethernet.delftblue:1459221] mca_base_component_repository_open: unable to open mca_rcache_gpusm: libcuda.so.1: cannot open shared object file: No such file or directory (ignored)
[cmp221.ethernet.delftblue:1459221] mca_base_component_repository_open: unable to open mca_rcache_rgpusm: libcuda.so.1: cannot open shared object file: No such file or directory (ignored)
[cmp221.ethernet.delftblue:1459225] mca_base_component_repository_open: unable to open mca_rcache_rgpusm: libcuda.so.1: cannot open shared object file: No such file or directory (ignored)
[cmp221.ethernet.delftblue:1459221] mca_base_component_repository_open: unable to open mca_btl_smcuda: libcuda.so.1: cannot open shared object file: No such file or directory (ignored)
[cmp221.ethernet.delftblue:1459225] mca_base_component_repository_open: unable to open mca_btl_smcuda: libcuda.so.1: cannot open shared object file: No such file or directory (ignored)
[cmp221.ethernet.delftblue:1459222] mca_base_component_repository_open: unable to open mca_btl_smcuda: libcuda.so.1: cannot open shared object file: No such file or directory (ignored)
[cmp221.ethernet.delftblue:1459358] mca_base_component_repository_open: unable to open mca_accelerator_cuda: libcuda.so.1: cannot open shared object file: No such file or directory (ignored)
[cmp221.ethernet.delftblue:1459357] mca_base_component_repository_open: unable to open mca_accelerator_cuda: libcuda.so.1: cannot open shared object file: No such file or directory (ignored)
[cmp221.ethernet.delftblue:1459360] mca_base_component_repository_open: unable to open mca_accelerator_cuda: libcuda.so.1: cannot open shared object file: No such file or directory (ignored)
[cmp221.ethernet.delftblue:1459364] mca_base_component_repository_open: unable to open mca_accelerator_cuda: libcuda.so.1: cannot open shared object file: No such file or directory (ignored)
[cmp221.ethernet.delftblue:1459355] mca_base_component_repository_open: unable to open mca_accelerator_cuda: libcuda.so.1: cannot open shared object file: No such file or directory (ignored)
[cmp221.ethernet.delftblue:1459359] mca_base_component_repository_open: unable to open mca_accelerator_cuda: libcuda.so.1: cannot open shared object file: No such file or directory (ignored)
[cmp221.ethernet.delftblue:1459354] mca_base_component_repository_open: unable to open mca_accelerator_cuda: libcuda.so.1: cannot open shared object file: No such file or directory (ignored)
[cmp221.ethernet.delftblue:1459363] mca_base_component_repository_open: unable to open mca_accelerator_cuda: libcuda.so.1: cannot open shared object file: No such file or directory (ignored)
[cmp221.ethernet.delftblue:1459361] mca_base_component_repository_open: unable to open mca_accelerator_cuda: libcuda.so.1: cannot open shared object file: No such file or directory (ignored)
[cmp221.ethernet.delftblue:1459358] mca_base_component_repository_open: unable to open mca_rcache_gpusm: libcuda.so.1: cannot open shared object file: No such file or directory (ignored)
[cmp221.ethernet.delftblue:1459362] mca_base_component_repository_open: unable to open mca_accelerator_cuda: libcuda.so.1: cannot open shared object file: No such file or directory (ignored)
[cmp221.ethernet.delftblue:1459358] mca_base_component_repository_open: unable to open mca_rcache_rgpusm: libcuda.so.1: cannot open shared object file: No such file or directory (ignored)
[cmp221.ethernet.delftblue:1459353] mca_base_component_repository_open: unable to open mca_accelerator_cuda: libcuda.so.1: cannot open shared object file: No such file or directory (ignored)
[cmp221.ethernet.delftblue:1459358] mca_base_component_repository_open: unable to open mca_btl_smcuda: libcuda.so.1: cannot open shared object file: No such file or directory (ignored)
[cmp221.ethernet.delftblue:1459357] mca_base_component_repository_open: unable to open mca_rcache_gpusm: libcuda.so.1: cannot open shared object file: No such file or directory (ignored)
[cmp221.ethernet.delftblue:1459357] mca_base_component_repository_open: unable to open mca_rcache_rgpusm: libcuda.so.1: cannot open shared object file: No such file or directory (ignored)
[cmp221.ethernet.delftblue:1459356] mca_base_component_repository_open: unable to open mca_accelerator_cuda: libcuda.so.1: cannot open shared object file: No such file or directory (ignored)
[cmp221.ethernet.delftblue:1459357] mca_base_component_repository_open: unable to open mca_btl_smcuda: libcuda.so.1: cannot open shared object file: No such file or directory (ignored)
[cmp221.ethernet.delftblue:1459360] mca_base_component_repository_open: unable to open mca_rcache_gpusm: libcuda.so.1: cannot open shared object file: No such file or directory (ignored)
[cmp221.ethernet.delftblue:1459360] mca_base_component_repository_open: unable to open mca_rcache_rgpusm: libcuda.so.1: cannot open shared object file: No such file or directory (ignored)
[cmp221.ethernet.delftblue:1459360] mca_base_component_repository_open: unable to open mca_btl_smcuda: libcuda.so.1: cannot open shared object file: No such file or directory (ignored)
[cmp221.ethernet.delftblue:1459364] mca_base_component_repository_open: unable to open mca_rcache_gpusm: libcuda.so.1: cannot open shared object file: No such file or directory (ignored)
[cmp221.ethernet.delftblue:1459364] mca_base_component_repository_open: unable to open mca_rcache_rgpusm: libcuda.so.1: cannot open shared object file: No such file or directory (ignored)
[cmp221.ethernet.delftblue:1459364] mca_base_component_repository_open: unable to open mca_btl_smcuda: libcuda.so.1: cannot open shared object file: No such file or directory (ignored)
[cmp221.ethernet.delftblue:1459355] mca_base_component_repository_open: unable to open mca_rcache_gpusm: libcuda.so.1: cannot open shared object file: No such file or directory (ignored)
[cmp221.ethernet.delftblue:1459354] mca_base_component_repository_open: unable to open mca_rcache_gpusm: libcuda.so.1: cannot open shared object file: No such file or directory (ignored)
[cmp221.ethernet.delftblue:1459359] mca_base_component_repository_open: unable to open mca_rcache_gpusm: libcuda.so.1: cannot open shared object file: No such file or directory (ignored)
[cmp221.ethernet.delftblue:1459355] mca_base_component_repository_open: unable to open mca_rcache_rgpusm: libcuda.so.1: cannot open shared object file: No such file or directory (ignored)
[cmp221.ethernet.delftblue:1459354] mca_base_component_repository_open: unable to open mca_rcache_rgpusm: libcuda.so.1: cannot open shared object file: No such file or directory (ignored)
[cmp221.ethernet.delftblue:1459359] mca_base_component_repository_open: unable to open mca_rcache_rgpusm: libcuda.so.1: cannot open shared object file: No such file or directory (ignored)
[cmp221.ethernet.delftblue:1459355] mca_base_component_repository_open: unable to open mca_btl_smcuda: libcuda.so.1: cannot open shared object file: No such file or directory (ignored)
[cmp221.ethernet.delftblue:1459354] mca_base_component_repository_open: unable to open mca_btl_smcuda: libcuda.so.1: cannot open shared object file: No such file or directory (ignored)
[cmp221.ethernet.delftblue:1459359] mca_base_component_repository_open: unable to open mca_btl_smcuda: libcuda.so.1: cannot open shared object file: No such file or directory (ignored)
[cmp221.ethernet.delftblue:1459362] mca_base_component_repository_open: unable to open mca_rcache_gpusm: libcuda.so.1: cannot open shared object file: No such file or directory (ignored)
[cmp221.ethernet.delftblue:1459361] mca_base_component_repository_open: unable to open mca_rcache_gpusm: libcuda.so.1: cannot open shared object file: No such file or directory (ignored)
[cmp221.ethernet.delftblue:1459362] mca_base_component_repository_open: unable to open mca_rcache_rgpusm: libcuda.so.1: cannot open shared object file: No such file or directory (ignored)
[cmp221.ethernet.delftblue:1459361] mca_base_component_repository_open: unable to open mca_rcache_rgpusm: libcuda.so.1: cannot open shared object file: No such file or directory (ignored)
[cmp221.ethernet.delftblue:1459353] mca_base_component_repository_open: unable to open mca_rcache_gpusm: libcuda.so.1: cannot open shared object file: No such file or directory (ignored)
[cmp221.ethernet.delftblue:1459362] mca_base_component_repository_open: unable to open mca_btl_smcuda: libcuda.so.1: cannot open shared object file: No such file or directory (ignored)
[cmp221.ethernet.delftblue:1459361] mca_base_component_repository_open: unable to open mca_btl_smcuda: libcuda.so.1: cannot open shared object file: No such file or directory (ignored)
[cmp221.ethernet.delftblue:1459353] mca_base_component_repository_open: unable to open mca_rcache_rgpusm: libcuda.so.1: cannot open shared object file: No such file or directory (ignored)
[cmp221.ethernet.delftblue:1459353] mca_base_component_repository_open: unable to open mca_btl_smcuda: libcuda.so.1: cannot open shared object file: No such file or directory (ignored)
[cmp221.ethernet.delftblue:1459363] mca_base_component_repository_open: unable to open mca_rcache_gpusm: libcuda.so.1: cannot open shared object file: No such file or directory (ignored)
[cmp221.ethernet.delftblue:1459356] mca_base_component_repository_open: unable to open mca_rcache_gpusm: libcuda.so.1: cannot open shared object file: No such file or directory (ignored)
[cmp221.ethernet.delftblue:1459363] mca_base_component_repository_open: unable to open mca_rcache_rgpusm: libcuda.so.1: cannot open shared object file: No such file or directory (ignored)
[cmp221.ethernet.delftblue:1459356] mca_base_component_repository_open: unable to open mca_rcache_rgpusm: libcuda.so.1: cannot open shared object file: No such file or directory (ignored)
[cmp221.ethernet.delftblue:1459363] mca_base_component_repository_open: unable to open mca_btl_smcuda: libcuda.so.1: cannot open shared object file: No such file or directory (ignored)
[cmp221.ethernet.delftblue:1459356] mca_base_component_repository_open: unable to open mca_btl_smcuda: libcuda.so.1: cannot open shared object file: No such file or directory (ignored)
[cmp221.ethernet.delftblue:1459516] mca_base_component_repository_open: unable to open mca_accelerator_cuda: libcuda.so.1: cannot open shared object file: No such file or directory (ignored)
[cmp221.ethernet.delftblue:1459513] mca_base_component_repository_open: unable to open mca_accelerator_cuda: libcuda.so.1: cannot open shared object file: No such file or directory (ignored)
[cmp221.ethernet.delftblue:1459517] mca_base_component_repository_open: unable to open mca_accelerator_cuda: libcuda.so.1: cannot open shared object file: No such file or directory (ignored)
[cmp221.ethernet.delftblue:1459520] mca_base_component_repository_open: unable to open mca_accelerator_cuda: libcuda.so.1: cannot open shared object file: No such file or directory (ignored)
[cmp221.ethernet.delftblue:1459518] mca_base_component_repository_open: unable to open mca_accelerator_cuda: libcuda.so.1: cannot open shared object file: No such file or directory (ignored)
[cmp221.ethernet.delftblue:1459512] mca_base_component_repository_open: unable to open mca_accelerator_cuda: libcuda.so.1: cannot open shared object file: No such file or directory (ignored)
[cmp221.ethernet.delftblue:1459509] mca_base_component_repository_open: unable to open mca_accelerator_cuda: libcuda.so.1: cannot open shared object file: No such file or directory (ignored)
[cmp221.ethernet.delftblue:1459515] mca_base_component_repository_open: unable to open mca_accelerator_cuda: libcuda.so.1: cannot open shared object file: No such file or directory (ignored)
[cmp221.ethernet.delftblue:1459508] mca_base_component_repository_open: unable to open mca_accelerator_cuda: libcuda.so.1: cannot open shared object file: No such file or directory (ignored)
[cmp221.ethernet.delftblue:1459516] mca_base_component_repository_open: unable to open mca_rcache_gpusm: libcuda.so.1: cannot open shared object file: No such file or directory (ignored)
[cmp221.ethernet.delftblue:1459511] mca_base_component_repository_open: unable to open mca_accelerator_cuda: libcuda.so.1: cannot open shared object file: No such file or directory (ignored)
[cmp221.ethernet.delftblue:1459516] mca_base_component_repository_open: unable to open mca_rcache_rgpusm: libcuda.so.1: cannot open shared object file: No such file or directory (ignored)
[cmp221.ethernet.delftblue:1459513] mca_base_component_repository_open: unable to open mca_rcache_gpusm: libcuda.so.1: cannot open shared object file: No such file or directory (ignored)
[cmp221.ethernet.delftblue:1459516] mca_base_component_repository_open: unable to open mca_btl_smcuda: libcuda.so.1: cannot open shared object file: No such file or directory (ignored)
[cmp221.ethernet.delftblue:1459519] mca_base_component_repository_open: unable to open mca_accelerator_cuda: libcuda.so.1: cannot open shared object file: No such file or directory (ignored)
[cmp221.ethernet.delftblue:1459507] mca_base_component_repository_open: unable to open mca_accelerator_cuda: libcuda.so.1: cannot open shared object file: No such file or directory (ignored)
[cmp221.ethernet.delftblue:1459510] mca_base_component_repository_open: unable to open mca_accelerator_cuda: libcuda.so.1: cannot open shared object file: No such file or directory (ignored)
[cmp221.ethernet.delftblue:1459514] mca_base_component_repository_open: unable to open mca_accelerator_cuda: libcuda.so.1: cannot open shared object file: No such file or directory (ignored)
[cmp221.ethernet.delftblue:1459513] mca_base_component_repository_open: unable to open mca_rcache_rgpusm: libcuda.so.1: cannot open shared object file: No such file or directory (ignored)
[cmp221.ethernet.delftblue:1459513] mca_base_component_repository_open: unable to open mca_btl_smcuda: libcuda.so.1: cannot open shared object file: No such file or directory (ignored)
[cmp221.ethernet.delftblue:1459517] mca_base_component_repository_open: unable to open mca_rcache_gpusm: libcuda.so.1: cannot open shared object file: No such file or directory (ignored)
[cmp221.ethernet.delftblue:1459517] mca_base_component_repository_open: unable to open mca_rcache_rgpusm: libcuda.so.1: cannot open shared object file: No such file or directory (ignored)
[cmp221.ethernet.delftblue:1459517] mca_base_component_repository_open: unable to open mca_btl_smcuda: libcuda.so.1: cannot open shared object file: No such file or directory (ignored)
[cmp221.ethernet.delftblue:1459520] mca_base_component_repository_open: unable to open mca_rcache_gpusm: libcuda.so.1: cannot open shared object file: No such file or directory (ignored)
[cmp221.ethernet.delftblue:1459520] mca_base_component_repository_open: unable to open mca_rcache_rgpusm: libcuda.so.1: cannot open shared object file: No such file or directory (ignored)
[cmp221.ethernet.delftblue:1459520] mca_base_component_repository_open: unable to open mca_btl_smcuda: libcuda.so.1: cannot open shared object file: No such file or directory (ignored)
[cmp221.ethernet.delftblue:1459512] mca_base_component_repository_open: unable to open mca_rcache_gpusm: libcuda.so.1: cannot open shared object file: No such file or directory (ignored)
[cmp221.ethernet.delftblue:1459512] mca_base_component_repository_open: unable to open mca_rcache_rgpusm: libcuda.so.1: cannot open shared object file: No such file or directory (ignored)
[cmp221.ethernet.delftblue:1459508] mca_base_component_repository_open: unable to open mca_rcache_gpusm: libcuda.so.1: cannot open shared object file: No such file or directory (ignored)
[cmp221.ethernet.delftblue:1459518] mca_base_component_repository_open: unable to open mca_rcache_gpusm: libcuda.so.1: cannot open shared object file: No such file or directory (ignored)
[cmp221.ethernet.delftblue:1459515] mca_base_component_repository_open: unable to open mca_rcache_gpusm: libcuda.so.1: cannot open shared object file: No such file or directory (ignored)
[cmp221.ethernet.delftblue:1459509] mca_base_component_repository_open: unable to open mca_rcache_gpusm: libcuda.so.1: cannot open shared object file: No such file or directory (ignored)
[cmp221.ethernet.delftblue:1459512] mca_base_component_repository_open: unable to open mca_btl_smcuda: libcuda.so.1: cannot open shared object file: No such file or directory (ignored)
[cmp221.ethernet.delftblue:1459508] mca_base_component_repository_open: unable to open mca_rcache_rgpusm: libcuda.so.1: cannot open shared object file: No such file or directory (ignored)
[cmp221.ethernet.delftblue:1459515] mca_base_component_repository_open: unable to open mca_rcache_rgpusm: libcuda.so.1: cannot open shared object file: No such file or directory (ignored)
[cmp221.ethernet.delftblue:1459509] mca_base_component_repository_open: unable to open mca_rcache_rgpusm: libcuda.so.1: cannot open shared object file: No such file or directory (ignored)
[cmp221.ethernet.delftblue:1459515] mca_base_component_repository_open: unable to open mca_btl_smcuda: libcuda.so.1: cannot open shared object file: No such file or directory (ignored)
[cmp221.ethernet.delftblue:1459518] mca_base_component_repository_open: unable to open mca_rcache_rgpusm: libcuda.so.1: cannot open shared object file: No such file or directory (ignored)
[cmp221.ethernet.delftblue:1459508] mca_base_component_repository_open: unable to open mca_btl_smcuda: libcuda.so.1: cannot open shared object file: No such file or directory (ignored)
[cmp221.ethernet.delftblue:1459509] mca_base_component_repository_open: unable to open mca_btl_smcuda: libcuda.so.1: cannot open shared object file: No such file or directory (ignored)
[cmp221.ethernet.delftblue:1459511] mca_base_component_repository_open: unable to open mca_rcache_gpusm: libcuda.so.1: cannot open shared object file: No such file or directory (ignored)
[cmp221.ethernet.delftblue:1459511] mca_base_component_repository_open: unable to open mca_rcache_rgpusm: libcuda.so.1: cannot open shared object file: No such file or directory (ignored)
[cmp221.ethernet.delftblue:1459511] mca_base_component_repository_open: unable to open mca_btl_smcuda: libcuda.so.1: cannot open shared object file: No such file or directory (ignored)
[cmp221.ethernet.delftblue:1459514] mca_base_component_repository_open: unable to open mca_rcache_gpusm: libcuda.so.1: cannot open shared object file: No such file or directory (ignored)
[cmp221.ethernet.delftblue:1459519] mca_base_component_repository_open: unable to open mca_rcache_gpusm: libcuda.so.1: cannot open shared object file: No such file or directory (ignored)
[cmp221.ethernet.delftblue:1459514] mca_base_component_repository_open: unable to open mca_rcache_rgpusm: libcuda.so.1: cannot open shared object file: No such file or directory (ignored)
[cmp221.ethernet.delftblue:1459519] mca_base_component_repository_open: unable to open mca_rcache_rgpusm: libcuda.so.1: cannot open shared object file: No such file or directory (ignored)
[cmp221.ethernet.delftblue:1459510] mca_base_component_repository_open: unable to open mca_rcache_gpusm: libcuda.so.1: cannot open shared object file: No such file or directory (ignored)
[cmp221.ethernet.delftblue:1459507] mca_base_component_repository_open: unable to open mca_rcache_gpusm: libcuda.so.1: cannot open shared object file: No such file or directory (ignored)
[cmp221.ethernet.delftblue:1459514] mca_base_component_repository_open: unable to open mca_btl_smcuda: libcuda.so.1: cannot open shared object file: No such file or directory (ignored)
[cmp221.ethernet.delftblue:1459518] mca_base_component_repository_open: unable to open mca_btl_smcuda: libcuda.so.1: cannot open shared object file: No such file or directory (ignored)
[cmp221.ethernet.delftblue:1459519] mca_base_component_repository_open: unable to open mca_btl_smcuda: libcuda.so.1: cannot open shared object file: No such file or directory (ignored)
[cmp221.ethernet.delftblue:1459510] mca_base_component_repository_open: unable to open mca_rcache_rgpusm: libcuda.so.1: cannot open shared object file: No such file or directory (ignored)
[cmp221.ethernet.delftblue:1459507] mca_base_component_repository_open: unable to open mca_rcache_rgpusm: libcuda.so.1: cannot open shared object file: No such file or directory (ignored)
[cmp221.ethernet.delftblue:1459510] mca_base_component_repository_open: unable to open mca_btl_smcuda: libcuda.so.1: cannot open shared object file: No such file or directory (ignored)
[cmp221.ethernet.delftblue:1459507] mca_base_component_repository_open: unable to open mca_btl_smcuda: libcuda.so.1: cannot open shared object file: No such file or directory (ignored)
[cmp221.ethernet.delftblue:1459693] mca_base_component_repository_open: unable to open mca_accelerator_cuda: libcuda.so.1: cannot open shared object file: No such file or directory (ignored)
[cmp221.ethernet.delftblue:1459691] mca_base_component_repository_open: unable to open mca_accelerator_cuda: libcuda.so.1: cannot open shared object file: No such file or directory (ignored)
[cmp221.ethernet.delftblue:1459688] mca_base_component_repository_open: unable to open mca_accelerator_cuda: libcuda.so.1: cannot open shared object file: No such file or directory (ignored)
[cmp221.ethernet.delftblue:1459694] mca_base_component_repository_open: unable to open mca_accelerator_cuda: libcuda.so.1: cannot open shared object file: No such file or directory (ignored)
[cmp221.ethernet.delftblue:1459686] mca_base_component_repository_open: unable to open mca_accelerator_cuda: libcuda.so.1: cannot open shared object file: No such file or directory (ignored)
[cmp221.ethernet.delftblue:1459687] mca_base_component_repository_open: unable to open mca_accelerator_cuda: libcuda.so.1: cannot open shared object file: No such file or directory (ignored)
[cmp221.ethernet.delftblue:1459685] mca_base_component_repository_open: unable to open mca_accelerator_cuda: libcuda.so.1: cannot open shared object file: No such file or directory (ignored)
[cmp221.ethernet.delftblue:1459689] mca_base_component_repository_open: unable to open mca_accelerator_cuda: libcuda.so.1: cannot open shared object file: No such file or directory (ignored)
[cmp221.ethernet.delftblue:1459692] mca_base_component_repository_open: unable to open mca_accelerator_cuda: libcuda.so.1: cannot open shared object file: No such file or directory (ignored)
[cmp221.ethernet.delftblue:1459681] mca_base_component_repository_open: unable to open mca_accelerator_cuda: libcuda.so.1: cannot open shared object file: No such file or directory (ignored)
[cmp221.ethernet.delftblue:1459690] mca_base_component_repository_open: unable to open mca_accelerator_cuda: libcuda.so.1: cannot open shared object file: No such file or directory (ignored)
[cmp221.ethernet.delftblue:1459682] mca_base_component_repository_open: unable to open mca_accelerator_cuda: libcuda.so.1: cannot open shared object file: No such file or directory (ignored)
[cmp221.ethernet.delftblue:1459695] mca_base_component_repository_open: unable to open mca_accelerator_cuda: libcuda.so.1: cannot open shared object file: No such file or directory (ignored)
[cmp221.ethernet.delftblue:1459683] mca_base_component_repository_open: unable to open mca_accelerator_cuda: libcuda.so.1: cannot open shared object file: No such file or directory (ignored)
[cmp221.ethernet.delftblue:1459680] mca_base_component_repository_open: unable to open mca_accelerator_cuda: libcuda.so.1: cannot open shared object file: No such file or directory (ignored)
[cmp221.ethernet.delftblue:1459684] mca_base_component_repository_open: unable to open mca_accelerator_cuda: libcuda.so.1: cannot open shared object file: No such file or directory (ignored)
[cmp221.ethernet.delftblue:1459691] mca_base_component_repository_open: unable to open mca_rcache_gpusm: libcuda.so.1: cannot open shared object file: No such file or directory (ignored)
[cmp221.ethernet.delftblue:1459691] mca_base_component_repository_open: unable to open mca_rcache_rgpusm: libcuda.so.1: cannot open shared object file: No such file or directory (ignored)
[cmp221.ethernet.delftblue:1459691] mca_base_component_repository_open: unable to open mca_btl_smcuda: libcuda.so.1: cannot open shared object file: No such file or directory (ignored)
[cmp221.ethernet.delftblue:1459693] mca_base_component_repository_open: unable to open mca_rcache_gpusm: libcuda.so.1: cannot open shared object file: No such file or directory (ignored)
[cmp221.ethernet.delftblue:1459693] mca_base_component_repository_open: unable to open mca_rcache_rgpusm: libcuda.so.1: cannot open shared object file: No such file or directory (ignored)
[cmp221.ethernet.delftblue:1459688] mca_base_component_repository_open: unable to open mca_rcache_gpusm: libcuda.so.1: cannot open shared object file: No such file or directory (ignored)
[cmp221.ethernet.delftblue:1459693] mca_base_component_repository_open: unable to open mca_btl_smcuda: libcuda.so.1: cannot open shared object file: No such file or directory (ignored)
[cmp221.ethernet.delftblue:1459688] mca_base_component_repository_open: unable to open mca_rcache_rgpusm: libcuda.so.1: cannot open shared object file: No such file or directory (ignored)
[cmp221.ethernet.delftblue:1459688] mca_base_component_repository_open: unable to open mca_btl_smcuda: libcuda.so.1: cannot open shared object file: No such file or directory (ignored)
[cmp221.ethernet.delftblue:1459686] mca_base_component_repository_open: unable to open mca_rcache_gpusm: libcuda.so.1: cannot open shared object file: No such file or directory (ignored)
[cmp221.ethernet.delftblue:1459685] mca_base_component_repository_open: unable to open mca_rcache_gpusm: libcuda.so.1: cannot open shared object file: No such file or directory (ignored)
[cmp221.ethernet.delftblue:1459686] mca_base_component_repository_open: unable to open mca_rcache_rgpusm: libcuda.so.1: cannot open shared object file: No such file or directory (ignored)
[cmp221.ethernet.delftblue:1459685] mca_base_component_repository_open: unable to open mca_rcache_rgpusm: libcuda.so.1: cannot open shared object file: No such file or directory (ignored)
[cmp221.ethernet.delftblue:1459689] mca_base_component_repository_open: unable to open mca_rcache_gpusm: libcuda.so.1: cannot open shared object file: No such file or directory (ignored)
[cmp221.ethernet.delftblue:1459692] mca_base_component_repository_open: unable to open mca_rcache_gpusm: libcuda.so.1: cannot open shared object file: No such file or directory (ignored)
[cmp221.ethernet.delftblue:1459685] mca_base_component_repository_open: unable to open mca_btl_smcuda: libcuda.so.1: cannot open shared object file: No such file or directory (ignored)
[cmp221.ethernet.delftblue:1459689] mca_base_component_repository_open: unable to open mca_rcache_rgpusm: libcuda.so.1: cannot open shared object file: No such file or directory (ignored)
[cmp221.ethernet.delftblue:1459692] mca_base_component_repository_open: unable to open mca_rcache_rgpusm: libcuda.so.1: cannot open shared object file: No such file or directory (ignored)
[cmp221.ethernet.delftblue:1459689] mca_base_component_repository_open: unable to open mca_btl_smcuda: libcuda.so.1: cannot open shared object file: No such file or directory (ignored)
[cmp221.ethernet.delftblue:1459692] mca_base_component_repository_open: unable to open mca_btl_smcuda: libcuda.so.1: cannot open shared object file: No such file or directory (ignored)
[cmp221.ethernet.delftblue:1459694] mca_base_component_repository_open: unable to open mca_rcache_gpusm: libcuda.so.1: cannot open shared object file: No such file or directory (ignored)
[cmp221.ethernet.delftblue:1459694] mca_base_component_repository_open: unable to open mca_rcache_rgpusm: libcuda.so.1: cannot open shared object file: No such file or directory (ignored)
[cmp221.ethernet.delftblue:1459686] mca_base_component_repository_open: unable to open mca_btl_smcuda: libcuda.so.1: cannot open shared object file: No such file or directory (ignored)
[cmp221.ethernet.delftblue:1459687] mca_base_component_repository_open: unable to open mca_rcache_gpusm: libcuda.so.1: cannot open shared object file: No such file or directory (ignored)
[cmp221.ethernet.delftblue:1459687] mca_base_component_repository_open: unable to open mca_rcache_rgpusm: libcuda.so.1: cannot open shared object file: No such file or directory (ignored)
[cmp221.ethernet.delftblue:1459681] mca_base_component_repository_open: unable to open mca_rcache_gpusm: libcuda.so.1: cannot open shared object file: No such file or directory (ignored)
[cmp221.ethernet.delftblue:1459690] mca_base_component_repository_open: unable to open mca_rcache_gpusm: libcuda.so.1: cannot open shared object file: No such file or directory (ignored)
[cmp221.ethernet.delftblue:1459687] mca_base_component_repository_open: unable to open mca_btl_smcuda: libcuda.so.1: cannot open shared object file: No such file or directory (ignored)
[cmp221.ethernet.delftblue:1459694] mca_base_component_repository_open: unable to open mca_btl_smcuda: libcuda.so.1: cannot open shared object file: No such file or directory (ignored)
[cmp221.ethernet.delftblue:1459681] mca_base_component_repository_open: unable to open mca_rcache_rgpusm: libcuda.so.1: cannot open shared object file: No such file or directory (ignored)
[cmp221.ethernet.delftblue:1459690] mca_base_component_repository_open: unable to open mca_rcache_rgpusm: libcuda.so.1: cannot open shared object file: No such file or directory (ignored)
[cmp221.ethernet.delftblue:1459681] mca_base_component_repository_open: unable to open mca_btl_smcuda: libcuda.so.1: cannot open shared object file: No such file or directory (ignored)
[cmp221.ethernet.delftblue:1459690] mca_base_component_repository_open: unable to open mca_btl_smcuda: libcuda.so.1: cannot open shared object file: No such file or directory (ignored)
[cmp221.ethernet.delftblue:1459695] mca_base_component_repository_open: unable to open mca_rcache_gpusm: libcuda.so.1: cannot open shared object file: No such file or directory (ignored)
[cmp221.ethernet.delftblue:1459684] mca_base_component_repository_open: unable to open mca_rcache_gpusm: libcuda.so.1: cannot open shared object file: No such file or directory (ignored)
[cmp221.ethernet.delftblue:1459695] mca_base_component_repository_open: unable to open mca_rcache_rgpusm: libcuda.so.1: cannot open shared object file: No such file or directory (ignored)
[cmp221.ethernet.delftblue:1459680] mca_base_component_repository_open: unable to open mca_rcache_gpusm: libcuda.so.1: cannot open shared object file: No such file or directory (ignored)
[cmp221.ethernet.delftblue:1459683] mca_base_component_repository_open: unable to open mca_rcache_gpusm: libcuda.so.1: cannot open shared object file: No such file or directory (ignored)
[cmp221.ethernet.delftblue:1459684] mca_base_component_repository_open: unable to open mca_rcache_rgpusm: libcuda.so.1: cannot open shared object file: No such file or directory (ignored)
[cmp221.ethernet.delftblue:1459695] mca_base_component_repository_open: unable to open mca_btl_smcuda: libcuda.so.1: cannot open shared object file: No such file or directory (ignored)
[cmp221.ethernet.delftblue:1459680] mca_base_component_repository_open: unable to open mca_rcache_rgpusm: libcuda.so.1: cannot open shared object file: No such file or directory (ignored)
[cmp221.ethernet.delftblue:1459683] mca_base_component_repository_open: unable to open mca_rcache_rgpusm: libcuda.so.1: cannot open shared object file: No such file or directory (ignored)
[cmp221.ethernet.delftblue:1459684] mca_base_component_repository_open: unable to open mca_btl_smcuda: libcuda.so.1: cannot open shared object file: No such file or directory (ignored)
[cmp221.ethernet.delftblue:1459680] mca_base_component_repository_open: unable to open mca_btl_smcuda: libcuda.so.1: cannot open shared object file: No such file or directory (ignored)
[cmp221.ethernet.delftblue:1459683] mca_base_component_repository_open: unable to open mca_btl_smcuda: libcuda.so.1: cannot open shared object file: No such file or directory (ignored)
[cmp221.ethernet.delftblue:1459682] mca_base_component_repository_open: unable to open mca_rcache_gpusm: libcuda.so.1: cannot open shared object file: No such file or directory (ignored)
[cmp221.ethernet.delftblue:1459682] mca_base_component_repository_open: unable to open mca_rcache_rgpusm: libcuda.so.1: cannot open shared object file: No such file or directory (ignored)
[cmp221.ethernet.delftblue:1459682] mca_base_component_repository_open: unable to open mca_btl_smcuda: libcuda.so.1: cannot open shared object file: No such file or directory (ignored)
[cmp221.ethernet.delftblue:1459873] mca_base_component_repository_open: unable to open mca_accelerator_cuda: libcuda.so.1: cannot open shared object file: No such file or directory (ignored)
[cmp221.ethernet.delftblue:1459873] mca_base_component_repository_open: unable to open mca_rcache_gpusm: libcuda.so.1: cannot open shared object file: No such file or directory (ignored)
[cmp221.ethernet.delftblue:1459873] mca_base_component_repository_open: unable to open mca_rcache_rgpusm: libcuda.so.1: cannot open shared object file: No such file or directory (ignored)
[cmp221.ethernet.delftblue:1459873] mca_base_component_repository_open: unable to open mca_btl_smcuda: libcuda.so.1: cannot open shared object file: No such file or directory (ignored)
[cmp221.ethernet.delftblue:1459917] mca_base_component_repository_open: unable to open mca_accelerator_cuda: libcuda.so.1: cannot open shared object file: No such file or directory (ignored)
[cmp221.ethernet.delftblue:1459918] mca_base_component_repository_open: unable to open mca_accelerator_cuda: libcuda.so.1: cannot open shared object file: No such file or directory (ignored)
[cmp221.ethernet.delftblue:1459917] mca_base_component_repository_open: unable to open mca_rcache_gpusm: libcuda.so.1: cannot open shared object file: No such file or directory (ignored)
[cmp221.ethernet.delftblue:1459917] mca_base_component_repository_open: unable to open mca_rcache_rgpusm: libcuda.so.1: cannot open shared object file: No such file or directory (ignored)
[cmp221.ethernet.delftblue:1459917] mca_base_component_repository_open: unable to open mca_btl_smcuda: libcuda.so.1: cannot open shared object file: No such file or directory (ignored)
[cmp221.ethernet.delftblue:1459918] mca_base_component_repository_open: unable to open mca_rcache_gpusm: libcuda.so.1: cannot open shared object file: No such file or directory (ignored)
[cmp221.ethernet.delftblue:1459918] mca_base_component_repository_open: unable to open mca_rcache_rgpusm: libcuda.so.1: cannot open shared object file: No such file or directory (ignored)
[cmp221.ethernet.delftblue:1459918] mca_base_component_repository_open: unable to open mca_btl_smcuda: libcuda.so.1: cannot open shared object file: No such file or directory (ignored)
[cmp221.ethernet.delftblue:1459972] mca_base_component_repository_open: unable to open mca_accelerator_cuda: libcuda.so.1: cannot open shared object file: No such file or directory (ignored)
[cmp221.ethernet.delftblue:1459969] mca_base_component_repository_open: unable to open mca_accelerator_cuda: libcuda.so.1: cannot open shared object file: No such file or directory (ignored)
[cmp221.ethernet.delftblue:1459971] mca_base_component_repository_open: unable to open mca_accelerator_cuda: libcuda.so.1: cannot open shared object file: No such file or directory (ignored)
[cmp221.ethernet.delftblue:1459970] mca_base_component_repository_open: unable to open mca_accelerator_cuda: libcuda.so.1: cannot open shared object file: No such file or directory (ignored)
[cmp221.ethernet.delftblue:1459969] mca_base_component_repository_open: unable to open mca_rcache_gpusm: libcuda.so.1: cannot open shared object file: No such file or directory (ignored)
[cmp221.ethernet.delftblue:1459972] mca_base_component_repository_open: unable to open mca_rcache_gpusm: libcuda.so.1: cannot open shared object file: No such file or directory (ignored)
[cmp221.ethernet.delftblue:1459969] mca_base_component_repository_open: unable to open mca_rcache_rgpusm: libcuda.so.1: cannot open shared object file: No such file or directory (ignored)
[cmp221.ethernet.delftblue:1459972] mca_base_component_repository_open: unable to open mca_rcache_rgpusm: libcuda.so.1: cannot open shared object file: No such file or directory (ignored)
[cmp221.ethernet.delftblue:1459972] mca_base_component_repository_open: unable to open mca_btl_smcuda: libcuda.so.1: cannot open shared object file: No such file or directory (ignored)
[cmp221.ethernet.delftblue:1459971] mca_base_component_repository_open: unable to open mca_rcache_gpusm: libcuda.so.1: cannot open shared object file: No such file or directory (ignored)
[cmp221.ethernet.delftblue:1459971] mca_base_component_repository_open: unable to open mca_rcache_rgpusm: libcuda.so.1: cannot open shared object file: No such file or directory (ignored)
[cmp221.ethernet.delftblue:1459970] mca_base_component_repository_open: unable to open mca_rcache_gpusm: libcuda.so.1: cannot open shared object file: No such file or directory (ignored)
[cmp221.ethernet.delftblue:1459971] mca_base_component_repository_open: unable to open mca_btl_smcuda: libcuda.so.1: cannot open shared object file: No such file or directory (ignored)
[cmp221.ethernet.delftblue:1459970] mca_base_component_repository_open: unable to open mca_rcache_rgpusm: libcuda.so.1: cannot open shared object file: No such file or directory (ignored)
[cmp221.ethernet.delftblue:1459970] mca_base_component_repository_open: unable to open mca_btl_smcuda: libcuda.so.1: cannot open shared object file: No such file or directory (ignored)
[cmp221.ethernet.delftblue:1459969] mca_base_component_repository_open: unable to open mca_btl_smcuda: libcuda.so.1: cannot open shared object file: No such file or directory (ignored)
[cmp221.ethernet.delftblue:1460044] mca_base_component_repository_open: unable to open mca_accelerator_cuda: libcuda.so.1: cannot open shared object file: No such file or directory (ignored)
[cmp221.ethernet.delftblue:1460047] mca_base_component_repository_open: unable to open mca_accelerator_cuda: libcuda.so.1: cannot open shared object file: No such file or directory (ignored)
[cmp221.ethernet.delftblue:1460043] mca_base_component_repository_open: unable to open mca_accelerator_cuda: libcuda.so.1: cannot open shared object file: No such file or directory (ignored)
[cmp221.ethernet.delftblue:1460048] mca_base_component_repository_open: unable to open mca_accelerator_cuda: libcuda.so.1: cannot open shared object file: No such file or directory (ignored)
[cmp221.ethernet.delftblue:1460045] mca_base_component_repository_open: unable to open mca_accelerator_cuda: libcuda.so.1: cannot open shared object file: No such file or directory (ignored)
[cmp221.ethernet.delftblue:1460046] mca_base_component_repository_open: unable to open mca_accelerator_cuda: libcuda.so.1: cannot open shared object file: No such file or directory (ignored)
[cmp221.ethernet.delftblue:1460044] mca_base_component_repository_open: unable to open mca_rcache_gpusm: libcuda.so.1: cannot open shared object file: No such file or directory (ignored)
[cmp221.ethernet.delftblue:1460044] mca_base_component_repository_open: unable to open mca_rcache_rgpusm: libcuda.so.1: cannot open shared object file: No such file or directory (ignored)
[cmp221.ethernet.delftblue:1460044] mca_base_component_repository_open: unable to open mca_btl_smcuda: libcuda.so.1: cannot open shared object file: No such file or directory (ignored)
[cmp221.ethernet.delftblue:1460047] mca_base_component_repository_open: unable to open mca_rcache_gpusm: libcuda.so.1: cannot open shared object file: No such file or directory (ignored)
[cmp221.ethernet.delftblue:1460047] mca_base_component_repository_open: unable to open mca_rcache_rgpusm: libcuda.so.1: cannot open shared object file: No such file or directory (ignored)
[cmp221.ethernet.delftblue:1460047] mca_base_component_repository_open: unable to open mca_btl_smcuda: libcuda.so.1: cannot open shared object file: No such file or directory (ignored)
[cmp221.ethernet.delftblue:1460043] mca_base_component_repository_open: unable to open mca_rcache_gpusm: libcuda.so.1: cannot open shared object file: No such file or directory (ignored)
[cmp221.ethernet.delftblue:1460043] mca_base_component_repository_open: unable to open mca_rcache_rgpusm: libcuda.so.1: cannot open shared object file: No such file or directory (ignored)
[cmp221.ethernet.delftblue:1460048] mca_base_component_repository_open: unable to open mca_rcache_gpusm: libcuda.so.1: cannot open shared object file: No such file or directory (ignored)
[cmp221.ethernet.delftblue:1460043] mca_base_component_repository_open: unable to open mca_btl_smcuda: libcuda.so.1: cannot open shared object file: No such file or directory (ignored)
[cmp221.ethernet.delftblue:1460048] mca_base_component_repository_open: unable to open mca_rcache_rgpusm: libcuda.so.1: cannot open shared object file: No such file or directory (ignored)
[cmp221.ethernet.delftblue:1460048] mca_base_component_repository_open: unable to open mca_btl_smcuda: libcuda.so.1: cannot open shared object file: No such file or directory (ignored)
[cmp221.ethernet.delftblue:1460045] mca_base_component_repository_open: unable to open mca_rcache_gpusm: libcuda.so.1: cannot open shared object file: No such file or directory (ignored)
[cmp221.ethernet.delftblue:1460046] mca_base_component_repository_open: unable to open mca_rcache_gpusm: libcuda.so.1: cannot open shared object file: No such file or directory (ignored)
[cmp221.ethernet.delftblue:1460045] mca_base_component_repository_open: unable to open mca_rcache_rgpusm: libcuda.so.1: cannot open shared object file: No such file or directory (ignored)
[cmp221.ethernet.delftblue:1460046] mca_base_component_repository_open: unable to open mca_rcache_rgpusm: libcuda.so.1: cannot open shared object file: No such file or directory (ignored)
[cmp221.ethernet.delftblue:1460045] mca_base_component_repository_open: unable to open mca_btl_smcuda: libcuda.so.1: cannot open shared object file: No such file or directory (ignored)
[cmp221.ethernet.delftblue:1460046] mca_base_component_repository_open: unable to open mca_btl_smcuda: libcuda.so.1: cannot open shared object file: No such file or directory (ignored)
[cmp221.ethernet.delftblue:1460140] mca_base_component_repository_open: unable to open mca_accelerator_cuda: libcuda.so.1: cannot open shared object file: No such file or directory (ignored)
[cmp221.ethernet.delftblue:1460137] mca_base_component_repository_open: unable to open mca_accelerator_cuda: libcuda.so.1: cannot open shared object file: No such file or directory (ignored)
[cmp221.ethernet.delftblue:1460143] mca_base_component_repository_open: unable to open mca_accelerator_cuda: libcuda.so.1: cannot open shared object file: No such file or directory (ignored)
[cmp221.ethernet.delftblue:1460141] mca_base_component_repository_open: unable to open mca_accelerator_cuda: libcuda.so.1: cannot open shared object file: No such file or directory (ignored)
[cmp221.ethernet.delftblue:1460138] mca_base_component_repository_open: unable to open mca_accelerator_cuda: libcuda.so.1: cannot open shared object file: No such file or directory (ignored)
[cmp221.ethernet.delftblue:1460139] mca_base_component_repository_open: unable to open mca_accelerator_cuda: libcuda.so.1: cannot open shared object file: No such file or directory (ignored)
[cmp221.ethernet.delftblue:1460142] mca_base_component_repository_open: unable to open mca_accelerator_cuda: libcuda.so.1: cannot open shared object file: No such file or directory (ignored)
[cmp221.ethernet.delftblue:1460136] mca_base_component_repository_open: unable to open mca_accelerator_cuda: libcuda.so.1: cannot open shared object file: No such file or directory (ignored)
[cmp221.ethernet.delftblue:1460140] mca_base_component_repository_open: unable to open mca_rcache_gpusm: libcuda.so.1: cannot open shared object file: No such file or directory (ignored)
[cmp221.ethernet.delftblue:1460140] mca_base_component_repository_open: unable to open mca_rcache_rgpusm: libcuda.so.1: cannot open shared object file: No such file or directory (ignored)
[cmp221.ethernet.delftblue:1460140] mca_base_component_repository_open: unable to open mca_btl_smcuda: libcuda.so.1: cannot open shared object file: No such file or directory (ignored)
[cmp221.ethernet.delftblue:1460143] mca_base_component_repository_open: unable to open mca_rcache_gpusm: libcuda.so.1: cannot open shared object file: No such file or directory (ignored)
[cmp221.ethernet.delftblue:1460137] mca_base_component_repository_open: unable to open mca_rcache_gpusm: libcuda.so.1: cannot open shared object file: No such file or directory (ignored)
[cmp221.ethernet.delftblue:1460143] mca_base_component_repository_open: unable to open mca_rcache_rgpusm: libcuda.so.1: cannot open shared object file: No such file or directory (ignored)
[cmp221.ethernet.delftblue:1460137] mca_base_component_repository_open: unable to open mca_rcache_rgpusm: libcuda.so.1: cannot open shared object file: No such file or directory (ignored)
[cmp221.ethernet.delftblue:1460143] mca_base_component_repository_open: unable to open mca_btl_smcuda: libcuda.so.1: cannot open shared object file: No such file or directory (ignored)
[cmp221.ethernet.delftblue:1460137] mca_base_component_repository_open: unable to open mca_btl_smcuda: libcuda.so.1: cannot open shared object file: No such file or directory (ignored)
[cmp221.ethernet.delftblue:1460141] mca_base_component_repository_open: unable to open mca_rcache_gpusm: libcuda.so.1: cannot open shared object file: No such file or directory (ignored)
[cmp221.ethernet.delftblue:1460141] mca_base_component_repository_open: unable to open mca_rcache_rgpusm: libcuda.so.1: cannot open shared object file: No such file or directory (ignored)
[cmp221.ethernet.delftblue:1460141] mca_base_component_repository_open: unable to open mca_btl_smcuda: libcuda.so.1: cannot open shared object file: No such file or directory (ignored)
[cmp221.ethernet.delftblue:1460138] mca_base_component_repository_open: unable to open mca_rcache_gpusm: libcuda.so.1: cannot open shared object file: No such file or directory (ignored)
[cmp221.ethernet.delftblue:1460138] mca_base_component_repository_open: unable to open mca_rcache_rgpusm: libcuda.so.1: cannot open shared object file: No such file or directory (ignored)
[cmp221.ethernet.delftblue:1460138] mca_base_component_repository_open: unable to open mca_btl_smcuda: libcuda.so.1: cannot open shared object file: No such file or directory (ignored)
[cmp221.ethernet.delftblue:1460142] mca_base_component_repository_open: unable to open mca_rcache_gpusm: libcuda.so.1: cannot open shared object file: No such file or directory (ignored)
[cmp221.ethernet.delftblue:1460142] mca_base_component_repository_open: unable to open mca_rcache_rgpusm: libcuda.so.1: cannot open shared object file: No such file or directory (ignored)
[cmp221.ethernet.delftblue:1460139] mca_base_component_repository_open: unable to open mca_rcache_gpusm: libcuda.so.1: cannot open shared object file: No such file or directory (ignored)
[cmp221.ethernet.delftblue:1460142] mca_base_component_repository_open: unable to open mca_btl_smcuda: libcuda.so.1: cannot open shared object file: No such file or directory (ignored)
[cmp221.ethernet.delftblue:1460139] mca_base_component_repository_open: unable to open mca_rcache_rgpusm: libcuda.so.1: cannot open shared object file: No such file or directory (ignored)
[cmp221.ethernet.delftblue:1460139] mca_base_component_repository_open: unable to open mca_btl_smcuda: libcuda.so.1: cannot open shared object file: No such file or directory (ignored)
[cmp221.ethernet.delftblue:1460136] mca_base_component_repository_open: unable to open mca_rcache_gpusm: libcuda.so.1: cannot open shared object file: No such file or directory (ignored)
[cmp221.ethernet.delftblue:1460136] mca_base_component_repository_open: unable to open mca_rcache_rgpusm: libcuda.so.1: cannot open shared object file: No such file or directory (ignored)
[cmp221.ethernet.delftblue:1460136] mca_base_component_repository_open: unable to open mca_btl_smcuda: libcuda.so.1: cannot open shared object file: No such file or directory (ignored)
[cmp221.ethernet.delftblue:1460255] mca_base_component_repository_open: unable to open mca_accelerator_cuda: libcuda.so.1: cannot open shared object file: No such file or directory (ignored)
[cmp221.ethernet.delftblue:1460251] mca_base_component_repository_open: unable to open mca_accelerator_cuda: libcuda.so.1: cannot open shared object file: No such file or directory (ignored)
[cmp221.ethernet.delftblue:1460253] mca_base_component_repository_open: unable to open mca_accelerator_cuda: libcuda.so.1: cannot open shared object file: No such file or directory (ignored)
[cmp221.ethernet.delftblue:1460258] mca_base_component_repository_open: unable to open mca_accelerator_cuda: libcuda.so.1: cannot open shared object file: No such file or directory (ignored)
[cmp221.ethernet.delftblue:1460256] mca_base_component_repository_open: unable to open mca_accelerator_cuda: libcuda.so.1: cannot open shared object file: No such file or directory (ignored)
[cmp221.ethernet.delftblue:1460254] mca_base_component_repository_open: unable to open mca_accelerator_cuda: libcuda.so.1: cannot open shared object file: No such file or directory (ignored)
[cmp221.ethernet.delftblue:1460250] mca_base_component_repository_open: unable to open mca_accelerator_cuda: libcuda.so.1: cannot open shared object file: No such file or directory (ignored)
[cmp221.ethernet.delftblue:1460257] mca_base_component_repository_open: unable to open mca_accelerator_cuda: libcuda.so.1: cannot open shared object file: No such file or directory (ignored)
[cmp221.ethernet.delftblue:1460252] mca_base_component_repository_open: unable to open mca_accelerator_cuda: libcuda.so.1: cannot open shared object file: No such file or directory (ignored)
[cmp221.ethernet.delftblue:1460249] mca_base_component_repository_open: unable to open mca_accelerator_cuda: libcuda.so.1: cannot open shared object file: No such file or directory (ignored)
[cmp221.ethernet.delftblue:1460255] mca_base_component_repository_open: unable to open mca_rcache_gpusm: libcuda.so.1: cannot open shared object file: No such file or directory (ignored)
[cmp221.ethernet.delftblue:1460255] mca_base_component_repository_open: unable to open mca_rcache_rgpusm: libcuda.so.1: cannot open shared object file: No such file or directory (ignored)
[cmp221.ethernet.delftblue:1460255] mca_base_component_repository_open: unable to open mca_btl_smcuda: libcuda.so.1: cannot open shared object file: No such file or directory (ignored)
[cmp221.ethernet.delftblue:1460251] mca_base_component_repository_open: unable to open mca_rcache_gpusm: libcuda.so.1: cannot open shared object file: No such file or directory (ignored)
[cmp221.ethernet.delftblue:1460253] mca_base_component_repository_open: unable to open mca_rcache_gpusm: libcuda.so.1: cannot open shared object file: No such file or directory (ignored)
[cmp221.ethernet.delftblue:1460251] mca_base_component_repository_open: unable to open mca_rcache_rgpusm: libcuda.so.1: cannot open shared object file: No such file or directory (ignored)
[cmp221.ethernet.delftblue:1460253] mca_base_component_repository_open: unable to open mca_rcache_rgpusm: libcuda.so.1: cannot open shared object file: No such file or directory (ignored)
[cmp221.ethernet.delftblue:1460251] mca_base_component_repository_open: unable to open mca_btl_smcuda: libcuda.so.1: cannot open shared object file: No such file or directory (ignored)
[cmp221.ethernet.delftblue:1460253] mca_base_component_repository_open: unable to open mca_btl_smcuda: libcuda.so.1: cannot open shared object file: No such file or directory (ignored)
[cmp221.ethernet.delftblue:1460258] mca_base_component_repository_open: unable to open mca_rcache_gpusm: libcuda.so.1: cannot open shared object file: No such file or directory (ignored)
[cmp221.ethernet.delftblue:1460258] mca_base_component_repository_open: unable to open mca_rcache_rgpusm: libcuda.so.1: cannot open shared object file: No such file or directory (ignored)
[cmp221.ethernet.delftblue:1460258] mca_base_component_repository_open: unable to open mca_btl_smcuda: libcuda.so.1: cannot open shared object file: No such file or directory (ignored)
[cmp221.ethernet.delftblue:1460256] mca_base_component_repository_open: unable to open mca_rcache_gpusm: libcuda.so.1: cannot open shared object file: No such file or directory (ignored)
[cmp221.ethernet.delftblue:1460256] mca_base_component_repository_open: unable to open mca_rcache_rgpusm: libcuda.so.1: cannot open shared object file: No such file or directory (ignored)
[cmp221.ethernet.delftblue:1460256] mca_base_component_repository_open: unable to open mca_btl_smcuda: libcuda.so.1: cannot open shared object file: No such file or directory (ignored)
[cmp221.ethernet.delftblue:1460254] mca_base_component_repository_open: unable to open mca_rcache_gpusm: libcuda.so.1: cannot open shared object file: No such file or directory (ignored)
[cmp221.ethernet.delftblue:1460257] mca_base_component_repository_open: unable to open mca_rcache_gpusm: libcuda.so.1: cannot open shared object file: No such file or directory (ignored)
[cmp221.ethernet.delftblue:1460254] mca_base_component_repository_open: unable to open mca_rcache_rgpusm: libcuda.so.1: cannot open shared object file: No such file or directory (ignored)
[cmp221.ethernet.delftblue:1460257] mca_base_component_repository_open: unable to open mca_rcache_rgpusm: libcuda.so.1: cannot open shared object file: No such file or directory (ignored)
[cmp221.ethernet.delftblue:1460254] mca_base_component_repository_open: unable to open mca_btl_smcuda: libcuda.so.1: cannot open shared object file: No such file or directory (ignored)
[cmp221.ethernet.delftblue:1460257] mca_base_component_repository_open: unable to open mca_btl_smcuda: libcuda.so.1: cannot open shared object file: No such file or directory (ignored)
[cmp221.ethernet.delftblue:1460250] mca_base_component_repository_open: unable to open mca_rcache_gpusm: libcuda.so.1: cannot open shared object file: No such file or directory (ignored)
[cmp221.ethernet.delftblue:1460250] mca_base_component_repository_open: unable to open mca_rcache_rgpusm: libcuda.so.1: cannot open shared object file: No such file or directory (ignored)
[cmp221.ethernet.delftblue:1460250] mca_base_component_repository_open: unable to open mca_btl_smcuda: libcuda.so.1: cannot open shared object file: No such file or directory (ignored)
[cmp221.ethernet.delftblue:1460252] mca_base_component_repository_open: unable to open mca_rcache_gpusm: libcuda.so.1: cannot open shared object file: No such file or directory (ignored)
[cmp221.ethernet.delftblue:1460252] mca_base_component_repository_open: unable to open mca_rcache_rgpusm: libcuda.so.1: cannot open shared object file: No such file or directory (ignored)
[cmp221.ethernet.delftblue:1460252] mca_base_component_repository_open: unable to open mca_btl_smcuda: libcuda.so.1: cannot open shared object file: No such file or directory (ignored)
[cmp221.ethernet.delftblue:1460249] mca_base_component_repository_open: unable to open mca_rcache_gpusm: libcuda.so.1: cannot open shared object file: No such file or directory (ignored)
[cmp221.ethernet.delftblue:1460249] mca_base_component_repository_open: unable to open mca_rcache_rgpusm: libcuda.so.1: cannot open shared object file: No such file or directory (ignored)
[cmp221.ethernet.delftblue:1460249] mca_base_component_repository_open: unable to open mca_btl_smcuda: libcuda.so.1: cannot open shared object file: No such file or directory (ignored)
[cmp221.ethernet.delftblue:1460391] mca_base_component_repository_open: unable to open mca_accelerator_cuda: libcuda.so.1: cannot open shared object file: No such file or directory (ignored)
[cmp221.ethernet.delftblue:1460386] mca_base_component_repository_open: unable to open mca_accelerator_cuda: libcuda.so.1: cannot open shared object file: No such file or directory (ignored)
[cmp221.ethernet.delftblue:1460383] mca_base_component_repository_open: unable to open mca_accelerator_cuda: libcuda.so.1: cannot open shared object file: No such file or directory (ignored)
[cmp221.ethernet.delftblue:1460389] mca_base_component_repository_open: unable to open mca_accelerator_cuda: libcuda.so.1: cannot open shared object file: No such file or directory (ignored)
[cmp221.ethernet.delftblue:1460388] mca_base_component_repository_open: unable to open mca_accelerator_cuda: libcuda.so.1: cannot open shared object file: No such file or directory (ignored)
[cmp221.ethernet.delftblue:1460393] mca_base_component_repository_open: unable to open mca_accelerator_cuda: libcuda.so.1: cannot open shared object file: No such file or directory (ignored)
[cmp221.ethernet.delftblue:1460387] mca_base_component_repository_open: unable to open mca_accelerator_cuda: libcuda.so.1: cannot open shared object file: No such file or directory (ignored)
[cmp221.ethernet.delftblue:1460392] mca_base_component_repository_open: unable to open mca_accelerator_cuda: libcuda.so.1: cannot open shared object file: No such file or directory (ignored)
[cmp221.ethernet.delftblue:1460384] mca_base_component_repository_open: unable to open mca_accelerator_cuda: libcuda.so.1: cannot open shared object file: No such file or directory (ignored)
[cmp221.ethernet.delftblue:1460385] mca_base_component_repository_open: unable to open mca_accelerator_cuda: libcuda.so.1: cannot open shared object file: No such file or directory (ignored)
[cmp221.ethernet.delftblue:1460390] mca_base_component_repository_open: unable to open mca_accelerator_cuda: libcuda.so.1: cannot open shared object file: No such file or directory (ignored)
[cmp221.ethernet.delftblue:1460382] mca_base_component_repository_open: unable to open mca_accelerator_cuda: libcuda.so.1: cannot open shared object file: No such file or directory (ignored)
[cmp221.ethernet.delftblue:1460391] mca_base_component_repository_open: unable to open mca_rcache_gpusm: libcuda.so.1: cannot open shared object file: No such file or directory (ignored)
[cmp221.ethernet.delftblue:1460386] mca_base_component_repository_open: unable to open mca_rcache_gpusm: libcuda.so.1: cannot open shared object file: No such file or directory (ignored)
[cmp221.ethernet.delftblue:1460391] mca_base_component_repository_open: unable to open mca_rcache_rgpusm: libcuda.so.1: cannot open shared object file: No such file or directory (ignored)
[cmp221.ethernet.delftblue:1460386] mca_base_component_repository_open: unable to open mca_rcache_rgpusm: libcuda.so.1: cannot open shared object file: No such file or directory (ignored)
[cmp221.ethernet.delftblue:1460386] mca_base_component_repository_open: unable to open mca_btl_smcuda: libcuda.so.1: cannot open shared object file: No such file or directory (ignored)
[cmp221.ethernet.delftblue:1460391] mca_base_component_repository_open: unable to open mca_btl_smcuda: libcuda.so.1: cannot open shared object file: No such file or directory (ignored)
[cmp221.ethernet.delftblue:1460393] mca_base_component_repository_open: unable to open mca_rcache_gpusm: libcuda.so.1: cannot open shared object file: No such file or directory (ignored)
[cmp221.ethernet.delftblue:1460393] mca_base_component_repository_open: unable to open mca_rcache_rgpusm: libcuda.so.1: cannot open shared object file: No such file or directory (ignored)
[cmp221.ethernet.delftblue:1460393] mca_base_component_repository_open: unable to open mca_btl_smcuda: libcuda.so.1: cannot open shared object file: No such file or directory (ignored)
[cmp221.ethernet.delftblue:1460389] mca_base_component_repository_open: unable to open mca_rcache_gpusm: libcuda.so.1: cannot open shared object file: No such file or directory (ignored)
[cmp221.ethernet.delftblue:1460388] mca_base_component_repository_open: unable to open mca_rcache_gpusm: libcuda.so.1: cannot open shared object file: No such file or directory (ignored)
[cmp221.ethernet.delftblue:1460389] mca_base_component_repository_open: unable to open mca_rcache_rgpusm: libcuda.so.1: cannot open shared object file: No such file or directory (ignored)
[cmp221.ethernet.delftblue:1460388] mca_base_component_repository_open: unable to open mca_rcache_rgpusm: libcuda.so.1: cannot open shared object file: No such file or directory (ignored)
[cmp221.ethernet.delftblue:1460388] mca_base_component_repository_open: unable to open mca_btl_smcuda: libcuda.so.1: cannot open shared object file: No such file or directory (ignored)
[cmp221.ethernet.delftblue:1460389] mca_base_component_repository_open: unable to open mca_btl_smcuda: libcuda.so.1: cannot open shared object file: No such file or directory (ignored)
[cmp221.ethernet.delftblue:1460387] mca_base_component_repository_open: unable to open mca_rcache_gpusm: libcuda.so.1: cannot open shared object file: No such file or directory (ignored)
[cmp221.ethernet.delftblue:1460387] mca_base_component_repository_open: unable to open mca_rcache_rgpusm: libcuda.so.1: cannot open shared object file: No such file or directory (ignored)
[cmp221.ethernet.delftblue:1460383] mca_base_component_repository_open: unable to open mca_rcache_gpusm: libcuda.so.1: cannot open shared object file: No such file or directory (ignored)
[cmp221.ethernet.delftblue:1460387] mca_base_component_repository_open: unable to open mca_btl_smcuda: libcuda.so.1: cannot open shared object file: No such file or directory (ignored)
[cmp221.ethernet.delftblue:1460383] mca_base_component_repository_open: unable to open mca_rcache_rgpusm: libcuda.so.1: cannot open shared object file: No such file or directory (ignored)
[cmp221.ethernet.delftblue:1460392] mca_base_component_repository_open: unable to open mca_rcache_gpusm: libcuda.so.1: cannot open shared object file: No such file or directory (ignored)
[cmp221.ethernet.delftblue:1460383] mca_base_component_repository_open: unable to open mca_btl_smcuda: libcuda.so.1: cannot open shared object file: No such file or directory (ignored)
[cmp221.ethernet.delftblue:1460392] mca_base_component_repository_open: unable to open mca_rcache_rgpusm: libcuda.so.1: cannot open shared object file: No such file or directory (ignored)
[cmp221.ethernet.delftblue:1460390] mca_base_component_repository_open: unable to open mca_rcache_gpusm: libcuda.so.1: cannot open shared object file: No such file or directory (ignored)
[cmp221.ethernet.delftblue:1460384] mca_base_component_repository_open: unable to open mca_rcache_gpusm: libcuda.so.1: cannot open shared object file: No such file or directory (ignored)
[cmp221.ethernet.delftblue:1460390] mca_base_component_repository_open: unable to open mca_rcache_rgpusm: libcuda.so.1: cannot open shared object file: No such file or directory (ignored)
[cmp221.ethernet.delftblue:1460392] mca_base_component_repository_open: unable to open mca_btl_smcuda: libcuda.so.1: cannot open shared object file: No such file or directory (ignored)
[cmp221.ethernet.delftblue:1460384] mca_base_component_repository_open: unable to open mca_rcache_rgpusm: libcuda.so.1: cannot open shared object file: No such file or directory (ignored)
[cmp221.ethernet.delftblue:1460385] mca_base_component_repository_open: unable to open mca_rcache_gpusm: libcuda.so.1: cannot open shared object file: No such file or directory (ignored)
[cmp221.ethernet.delftblue:1460390] mca_base_component_repository_open: unable to open mca_btl_smcuda: libcuda.so.1: cannot open shared object file: No such file or directory (ignored)
[cmp221.ethernet.delftblue:1460384] mca_base_component_repository_open: unable to open mca_btl_smcuda: libcuda.so.1: cannot open shared object file: No such file or directory (ignored)
[cmp221.ethernet.delftblue:1460385] mca_base_component_repository_open: unable to open mca_rcache_rgpusm: libcuda.so.1: cannot open shared object file: No such file or directory (ignored)
[cmp221.ethernet.delftblue:1460382] mca_base_component_repository_open: unable to open mca_rcache_gpusm: libcuda.so.1: cannot open shared object file: No such file or directory (ignored)
[cmp221.ethernet.delftblue:1460385] mca_base_component_repository_open: unable to open mca_btl_smcuda: libcuda.so.1: cannot open shared object file: No such file or directory (ignored)
[cmp221.ethernet.delftblue:1460382] mca_base_component_repository_open: unable to open mca_rcache_rgpusm: libcuda.so.1: cannot open shared object file: No such file or directory (ignored)
[cmp221.ethernet.delftblue:1460382] mca_base_component_repository_open: unable to open mca_btl_smcuda: libcuda.so.1: cannot open shared object file: No such file or directory (ignored)
[cmp221.ethernet.delftblue:1460541] mca_base_component_repository_open: unable to open mca_accelerator_cuda: libcuda.so.1: cannot open shared object file: No such file or directory (ignored)
[cmp221.ethernet.delftblue:1460548] mca_base_component_repository_open: unable to open mca_accelerator_cuda: libcuda.so.1: cannot open shared object file: No such file or directory (ignored)
[cmp221.ethernet.delftblue:1460542] mca_base_component_repository_open: unable to open mca_accelerator_cuda: libcuda.so.1: cannot open shared object file: No such file or directory (ignored)
[cmp221.ethernet.delftblue:1460538] mca_base_component_repository_open: unable to open mca_accelerator_cuda: libcuda.so.1: cannot open shared object file: No such file or directory (ignored)
[cmp221.ethernet.delftblue:1460543] mca_base_component_repository_open: unable to open mca_accelerator_cuda: libcuda.so.1: cannot open shared object file: No such file or directory (ignored)
[cmp221.ethernet.delftblue:1460537] mca_base_component_repository_open: unable to open mca_accelerator_cuda: libcuda.so.1: cannot open shared object file: No such file or directory (ignored)
[cmp221.ethernet.delftblue:1460544] mca_base_component_repository_open: unable to open mca_accelerator_cuda: libcuda.so.1: cannot open shared object file: No such file or directory (ignored)
[cmp221.ethernet.delftblue:1460549] mca_base_component_repository_open: unable to open mca_accelerator_cuda: libcuda.so.1: cannot open shared object file: No such file or directory (ignored)
[cmp221.ethernet.delftblue:1460546] mca_base_component_repository_open: unable to open mca_accelerator_cuda: libcuda.so.1: cannot open shared object file: No such file or directory (ignored)
[cmp221.ethernet.delftblue:1460540] mca_base_component_repository_open: unable to open mca_accelerator_cuda: libcuda.so.1: cannot open shared object file: No such file or directory (ignored)
[cmp221.ethernet.delftblue:1460545] mca_base_component_repository_open: unable to open mca_accelerator_cuda: libcuda.so.1: cannot open shared object file: No such file or directory (ignored)
[cmp221.ethernet.delftblue:1460536] mca_base_component_repository_open: unable to open mca_accelerator_cuda: libcuda.so.1: cannot open shared object file: No such file or directory (ignored)
[cmp221.ethernet.delftblue:1460539] mca_base_component_repository_open: unable to open mca_accelerator_cuda: libcuda.so.1: cannot open shared object file: No such file or directory (ignored)
[cmp221.ethernet.delftblue:1460547] mca_base_component_repository_open: unable to open mca_accelerator_cuda: libcuda.so.1: cannot open shared object file: No such file or directory (ignored)
[cmp221.ethernet.delftblue:1460542] mca_base_component_repository_open: unable to open mca_rcache_gpusm: libcuda.so.1: cannot open shared object file: No such file or directory (ignored)
[cmp221.ethernet.delftblue:1460542] mca_base_component_repository_open: unable to open mca_rcache_rgpusm: libcuda.so.1: cannot open shared object file: No such file or directory (ignored)
[cmp221.ethernet.delftblue:1460542] mca_base_component_repository_open: unable to open mca_btl_smcuda: libcuda.so.1: cannot open shared object file: No such file or directory (ignored)
[cmp221.ethernet.delftblue:1460537] mca_base_component_repository_open: unable to open mca_rcache_gpusm: libcuda.so.1: cannot open shared object file: No such file or directory (ignored)
[cmp221.ethernet.delftblue:1460548] mca_base_component_repository_open: unable to open mca_rcache_gpusm: libcuda.so.1: cannot open shared object file: No such file or directory (ignored)
[cmp221.ethernet.delftblue:1460537] mca_base_component_repository_open: unable to open mca_rcache_rgpusm: libcuda.so.1: cannot open shared object file: No such file or directory (ignored)
[cmp221.ethernet.delftblue:1460549] mca_base_component_repository_open: unable to open mca_rcache_gpusm: libcuda.so.1: cannot open shared object file: No such file or directory (ignored)
[cmp221.ethernet.delftblue:1460548] mca_base_component_repository_open: unable to open mca_rcache_rgpusm: libcuda.so.1: cannot open shared object file: No such file or directory (ignored)
[cmp221.ethernet.delftblue:1460544] mca_base_component_repository_open: unable to open mca_rcache_gpusm: libcuda.so.1: cannot open shared object file: No such file or directory (ignored)
[cmp221.ethernet.delftblue:1460546] mca_base_component_repository_open: unable to open mca_rcache_gpusm: libcuda.so.1: cannot open shared object file: No such file or directory (ignored)
[cmp221.ethernet.delftblue:1460549] mca_base_component_repository_open: unable to open mca_rcache_rgpusm: libcuda.so.1: cannot open shared object file: No such file or directory (ignored)
[cmp221.ethernet.delftblue:1460537] mca_base_component_repository_open: unable to open mca_btl_smcuda: libcuda.so.1: cannot open shared object file: No such file or directory (ignored)
[cmp221.ethernet.delftblue:1460548] mca_base_component_repository_open: unable to open mca_btl_smcuda: libcuda.so.1: cannot open shared object file: No such file or directory (ignored)
[cmp221.ethernet.delftblue:1460544] mca_base_component_repository_open: unable to open mca_rcache_rgpusm: libcuda.so.1: cannot open shared object file: No such file or directory (ignored)
[cmp221.ethernet.delftblue:1460546] mca_base_component_repository_open: unable to open mca_rcache_rgpusm: libcuda.so.1: cannot open shared object file: No such file or directory (ignored)
[cmp221.ethernet.delftblue:1460549] mca_base_component_repository_open: unable to open mca_btl_smcuda: libcuda.so.1: cannot open shared object file: No such file or directory (ignored)
[cmp221.ethernet.delftblue:1460544] mca_base_component_repository_open: unable to open mca_btl_smcuda: libcuda.so.1: cannot open shared object file: No such file or directory (ignored)
[cmp221.ethernet.delftblue:1460546] mca_base_component_repository_open: unable to open mca_btl_smcuda: libcuda.so.1: cannot open shared object file: No such file or directory (ignored)
[cmp221.ethernet.delftblue:1460545] mca_base_component_repository_open: unable to open mca_rcache_gpusm: libcuda.so.1: cannot open shared object file: No such file or directory (ignored)
[cmp221.ethernet.delftblue:1460545] mca_base_component_repository_open: unable to open mca_rcache_rgpusm: libcuda.so.1: cannot open shared object file: No such file or directory (ignored)
[cmp221.ethernet.delftblue:1460545] mca_base_component_repository_open: unable to open mca_btl_smcuda: libcuda.so.1: cannot open shared object file: No such file or directory (ignored)
[cmp221.ethernet.delftblue:1460540] mca_base_component_repository_open: unable to open mca_rcache_gpusm: libcuda.so.1: cannot open shared object file: No such file or directory (ignored)
[cmp221.ethernet.delftblue:1460538] mca_base_component_repository_open: unable to open mca_rcache_gpusm: libcuda.so.1: cannot open shared object file: No such file or directory (ignored)
[cmp221.ethernet.delftblue:1460547] mca_base_component_repository_open: unable to open mca_rcache_gpusm: libcuda.so.1: cannot open shared object file: No such file or directory (ignored)
[cmp221.ethernet.delftblue:1460540] mca_base_component_repository_open: unable to open mca_rcache_rgpusm: libcuda.so.1: cannot open shared object file: No such file or directory (ignored)
[cmp221.ethernet.delftblue:1460538] mca_base_component_repository_open: unable to open mca_rcache_rgpusm: libcuda.so.1: cannot open shared object file: No such file or directory (ignored)
[cmp221.ethernet.delftblue:1460547] mca_base_component_repository_open: unable to open mca_rcache_rgpusm: libcuda.so.1: cannot open shared object file: No such file or directory (ignored)
[cmp221.ethernet.delftblue:1460539] mca_base_component_repository_open: unable to open mca_rcache_gpusm: libcuda.so.1: cannot open shared object file: No such file or directory (ignored)
[cmp221.ethernet.delftblue:1460540] mca_base_component_repository_open: unable to open mca_btl_smcuda: libcuda.so.1: cannot open shared object file: No such file or directory (ignored)
[cmp221.ethernet.delftblue:1460536] mca_base_component_repository_open: unable to open mca_rcache_gpusm: libcuda.so.1: cannot open shared object file: No such file or directory (ignored)
[cmp221.ethernet.delftblue:1460538] mca_base_component_repository_open: unable to open mca_btl_smcuda: libcuda.so.1: cannot open shared object file: No such file or directory (ignored)
[cmp221.ethernet.delftblue:1460539] mca_base_component_repository_open: unable to open mca_rcache_rgpusm: libcuda.so.1: cannot open shared object file: No such file or directory (ignored)
[cmp221.ethernet.delftblue:1460547] mca_base_component_repository_open: unable to open mca_btl_smcuda: libcuda.so.1: cannot open shared object file: No such file or directory (ignored)
[cmp221.ethernet.delftblue:1460536] mca_base_component_repository_open: unable to open mca_rcache_rgpusm: libcuda.so.1: cannot open shared object file: No such file or directory (ignored)
[cmp221.ethernet.delftblue:1460539] mca_base_component_repository_open: unable to open mca_btl_smcuda: libcuda.so.1: cannot open shared object file: No such file or directory (ignored)
[cmp221.ethernet.delftblue:1460536] mca_base_component_repository_open: unable to open mca_btl_smcuda: libcuda.so.1: cannot open shared object file: No such file or directory (ignored)
[cmp221.ethernet.delftblue:1460543] mca_base_component_repository_open: unable to open mca_rcache_gpusm: libcuda.so.1: cannot open shared object file: No such file or directory (ignored)
[cmp221.ethernet.delftblue:1460543] mca_base_component_repository_open: unable to open mca_rcache_rgpusm: libcuda.so.1: cannot open shared object file: No such file or directory (ignored)
[cmp221.ethernet.delftblue:1460543] mca_base_component_repository_open: unable to open mca_btl_smcuda: libcuda.so.1: cannot open shared object file: No such file or directory (ignored)
[cmp221.ethernet.delftblue:1460541] mca_base_component_repository_open: unable to open mca_rcache_gpusm: libcuda.so.1: cannot open shared object file: No such file or directory (ignored)
[cmp221.ethernet.delftblue:1460541] mca_base_component_repository_open: unable to open mca_rcache_rgpusm: libcuda.so.1: cannot open shared object file: No such file or directory (ignored)
[cmp221.ethernet.delftblue:1460541] mca_base_component_repository_open: unable to open mca_btl_smcuda: libcuda.so.1: cannot open shared object file: No such file or directory (ignored)
[cmp221.ethernet.delftblue:1460722] mca_base_component_repository_open: unable to open mca_accelerator_cuda: libcuda.so.1: cannot open shared object file: No such file or directory (ignored)
[cmp221.ethernet.delftblue:1460710] mca_base_component_repository_open: unable to open mca_accelerator_cuda: libcuda.so.1: cannot open shared object file: No such file or directory (ignored)
[cmp221.ethernet.delftblue:1460716] mca_base_component_repository_open: unable to open mca_accelerator_cuda: libcuda.so.1: cannot open shared object file: No such file or directory (ignored)
[cmp221.ethernet.delftblue:1460718] mca_base_component_repository_open: unable to open mca_accelerator_cuda: libcuda.so.1: cannot open shared object file: No such file or directory (ignored)
[cmp221.ethernet.delftblue:1460711] mca_base_component_repository_open: unable to open mca_accelerator_cuda: libcuda.so.1: cannot open shared object file: No such file or directory (ignored)
[cmp221.ethernet.delftblue:1460715] mca_base_component_repository_open: unable to open mca_accelerator_cuda: libcuda.so.1: cannot open shared object file: No such file or directory (ignored)
[cmp221.ethernet.delftblue:1460724] mca_base_component_repository_open: unable to open mca_accelerator_cuda: libcuda.so.1: cannot open shared object file: No such file or directory (ignored)
[cmp221.ethernet.delftblue:1460720] mca_base_component_repository_open: unable to open mca_accelerator_cuda: libcuda.so.1: cannot open shared object file: No such file or directory (ignored)
[cmp221.ethernet.delftblue:1460713] mca_base_component_repository_open: unable to open mca_accelerator_cuda: libcuda.so.1: cannot open shared object file: No such file or directory (ignored)
[cmp221.ethernet.delftblue:1460719] mca_base_component_repository_open: unable to open mca_accelerator_cuda: libcuda.so.1: cannot open shared object file: No such file or directory (ignored)
[cmp221.ethernet.delftblue:1460723] mca_base_component_repository_open: unable to open mca_accelerator_cuda: libcuda.so.1: cannot open shared object file: No such file or directory (ignored)
[cmp221.ethernet.delftblue:1460717] mca_base_component_repository_open: unable to open mca_accelerator_cuda: libcuda.so.1: cannot open shared object file: No such file or directory (ignored)
[cmp221.ethernet.delftblue:1460714] mca_base_component_repository_open: unable to open mca_accelerator_cuda: libcuda.so.1: cannot open shared object file: No such file or directory (ignored)
[cmp221.ethernet.delftblue:1460709] mca_base_component_repository_open: unable to open mca_accelerator_cuda: libcuda.so.1: cannot open shared object file: No such file or directory (ignored)
[cmp221.ethernet.delftblue:1460712] mca_base_component_repository_open: unable to open mca_accelerator_cuda: libcuda.so.1: cannot open shared object file: No such file or directory (ignored)
[cmp221.ethernet.delftblue:1460721] mca_base_component_repository_open: unable to open mca_accelerator_cuda: libcuda.so.1: cannot open shared object file: No such file or directory (ignored)
[cmp221.ethernet.delftblue:1460710] mca_base_component_repository_open: unable to open mca_rcache_gpusm: libcuda.so.1: cannot open shared object file: No such file or directory (ignored)
[cmp221.ethernet.delftblue:1460710] mca_base_component_repository_open: unable to open mca_rcache_rgpusm: libcuda.so.1: cannot open shared object file: No such file or directory (ignored)
[cmp221.ethernet.delftblue:1460710] mca_base_component_repository_open: unable to open mca_btl_smcuda: libcuda.so.1: cannot open shared object file: No such file or directory (ignored)
[cmp221.ethernet.delftblue:1460722] mca_base_component_repository_open: unable to open mca_rcache_gpusm: libcuda.so.1: cannot open shared object file: No such file or directory (ignored)
[cmp221.ethernet.delftblue:1460722] mca_base_component_repository_open: unable to open mca_rcache_rgpusm: libcuda.so.1: cannot open shared object file: No such file or directory (ignored)
[cmp221.ethernet.delftblue:1460722] mca_base_component_repository_open: unable to open mca_btl_smcuda: libcuda.so.1: cannot open shared object file: No such file or directory (ignored)
[cmp221.ethernet.delftblue:1460716] mca_base_component_repository_open: unable to open mca_rcache_gpusm: libcuda.so.1: cannot open shared object file: No such file or directory (ignored)
[cmp221.ethernet.delftblue:1460716] mca_base_component_repository_open: unable to open mca_rcache_rgpusm: libcuda.so.1: cannot open shared object file: No such file or directory (ignored)
[cmp221.ethernet.delftblue:1460716] mca_base_component_repository_open: unable to open mca_btl_smcuda: libcuda.so.1: cannot open shared object file: No such file or directory (ignored)
[cmp221.ethernet.delftblue:1460711] mca_base_component_repository_open: unable to open mca_rcache_gpusm: libcuda.so.1: cannot open shared object file: No such file or directory (ignored)
[cmp221.ethernet.delftblue:1460715] mca_base_component_repository_open: unable to open mca_rcache_gpusm: libcuda.so.1: cannot open shared object file: No such file or directory (ignored)
[cmp221.ethernet.delftblue:1460711] mca_base_component_repository_open: unable to open mca_rcache_rgpusm: libcuda.so.1: cannot open shared object file: No such file or directory (ignored)
[cmp221.ethernet.delftblue:1460715] mca_base_component_repository_open: unable to open mca_rcache_rgpusm: libcuda.so.1: cannot open shared object file: No such file or directory (ignored)
[cmp221.ethernet.delftblue:1460711] mca_base_component_repository_open: unable to open mca_btl_smcuda: libcuda.so.1: cannot open shared object file: No such file or directory (ignored)
[cmp221.ethernet.delftblue:1460715] mca_base_component_repository_open: unable to open mca_btl_smcuda: libcuda.so.1: cannot open shared object file: No such file or directory (ignored)
[cmp221.ethernet.delftblue:1460724] mca_base_component_repository_open: unable to open mca_rcache_gpusm: libcuda.so.1: cannot open shared object file: No such file or directory (ignored)
[cmp221.ethernet.delftblue:1460724] mca_base_component_repository_open: unable to open mca_rcache_rgpusm: libcuda.so.1: cannot open shared object file: No such file or directory (ignored)
[cmp221.ethernet.delftblue:1460724] mca_base_component_repository_open: unable to open mca_btl_smcuda: libcuda.so.1: cannot open shared object file: No such file or directory (ignored)
[cmp221.ethernet.delftblue:1460718] mca_base_component_repository_open: unable to open mca_rcache_gpusm: libcuda.so.1: cannot open shared object file: No such file or directory (ignored)
[cmp221.ethernet.delftblue:1460718] mca_base_component_repository_open: unable to open mca_rcache_rgpusm: libcuda.so.1: cannot open shared object file: No such file or directory (ignored)
[cmp221.ethernet.delftblue:1460718] mca_base_component_repository_open: unable to open mca_btl_smcuda: libcuda.so.1: cannot open shared object file: No such file or directory (ignored)
[cmp221.ethernet.delftblue:1460719] mca_base_component_repository_open: unable to open mca_rcache_gpusm: libcuda.so.1: cannot open shared object file: No such file or directory (ignored)
[cmp221.ethernet.delftblue:1460720] mca_base_component_repository_open: unable to open mca_rcache_gpusm: libcuda.so.1: cannot open shared object file: No such file or directory (ignored)
[cmp221.ethernet.delftblue:1460719] mca_base_component_repository_open: unable to open mca_rcache_rgpusm: libcuda.so.1: cannot open shared object file: No such file or directory (ignored)
[cmp221.ethernet.delftblue:1460720] mca_base_component_repository_open: unable to open mca_rcache_rgpusm: libcuda.so.1: cannot open shared object file: No such file or directory (ignored)
[cmp221.ethernet.delftblue:1460719] mca_base_component_repository_open: unable to open mca_btl_smcuda: libcuda.so.1: cannot open shared object file: No such file or directory (ignored)
[cmp221.ethernet.delftblue:1460720] mca_base_component_repository_open: unable to open mca_btl_smcuda: libcuda.so.1: cannot open shared object file: No such file or directory (ignored)
[cmp221.ethernet.delftblue:1460723] mca_base_component_repository_open: unable to open mca_rcache_gpusm: libcuda.so.1: cannot open shared object file: No such file or directory (ignored)
[cmp221.ethernet.delftblue:1460717] mca_base_component_repository_open: unable to open mca_rcache_gpusm: libcuda.so.1: cannot open shared object file: No such file or directory (ignored)
[cmp221.ethernet.delftblue:1460714] mca_base_component_repository_open: unable to open mca_rcache_gpusm: libcuda.so.1: cannot open shared object file: No such file or directory (ignored)
[cmp221.ethernet.delftblue:1460713] mca_base_component_repository_open: unable to open mca_rcache_gpusm: libcuda.so.1: cannot open shared object file: No such file or directory (ignored)
[cmp221.ethernet.delftblue:1460723] mca_base_component_repository_open: unable to open mca_rcache_rgpusm: libcuda.so.1: cannot open shared object file: No such file or directory (ignored)
[cmp221.ethernet.delftblue:1460717] mca_base_component_repository_open: unable to open mca_rcache_rgpusm: libcuda.so.1: cannot open shared object file: No such file or directory (ignored)
[cmp221.ethernet.delftblue:1460714] mca_base_component_repository_open: unable to open mca_rcache_rgpusm: libcuda.so.1: cannot open shared object file: No such file or directory (ignored)
[cmp221.ethernet.delftblue:1460713] mca_base_component_repository_open: unable to open mca_rcache_rgpusm: libcuda.so.1: cannot open shared object file: No such file or directory (ignored)
[cmp221.ethernet.delftblue:1460717] mca_base_component_repository_open: unable to open mca_btl_smcuda: libcuda.so.1: cannot open shared object file: No such file or directory (ignored)
[cmp221.ethernet.delftblue:1460723] mca_base_component_repository_open: unable to open mca_btl_smcuda: libcuda.so.1: cannot open shared object file: No such file or directory (ignored)
[cmp221.ethernet.delftblue:1460713] mca_base_component_repository_open: unable to open mca_btl_smcuda: libcuda.so.1: cannot open shared object file: No such file or directory (ignored)
[cmp221.ethernet.delftblue:1460721] mca_base_component_repository_open: unable to open mca_rcache_gpusm: libcuda.so.1: cannot open shared object file: No such file or directory (ignored)
[cmp221.ethernet.delftblue:1460714] mca_base_component_repository_open: unable to open mca_btl_smcuda: libcuda.so.1: cannot open shared object file: No such file or directory (ignored)
[cmp221.ethernet.delftblue:1460721] mca_base_component_repository_open: unable to open mca_rcache_rgpusm: libcuda.so.1: cannot open shared object file: No such file or directory (ignored)
[cmp221.ethernet.delftblue:1460712] mca_base_component_repository_open: unable to open mca_rcache_gpusm: libcuda.so.1: cannot open shared object file: No such file or directory (ignored)
[cmp221.ethernet.delftblue:1460721] mca_base_component_repository_open: unable to open mca_btl_smcuda: libcuda.so.1: cannot open shared object file: No such file or directory (ignored)
[cmp221.ethernet.delftblue:1460709] mca_base_component_repository_open: unable to open mca_rcache_gpusm: libcuda.so.1: cannot open shared object file: No such file or directory (ignored)
[cmp221.ethernet.delftblue:1460712] mca_base_component_repository_open: unable to open mca_rcache_rgpusm: libcuda.so.1: cannot open shared object file: No such file or directory (ignored)
[cmp221.ethernet.delftblue:1460709] mca_base_component_repository_open: unable to open mca_rcache_rgpusm: libcuda.so.1: cannot open shared object file: No such file or directory (ignored)
[cmp221.ethernet.delftblue:1460712] mca_base_component_repository_open: unable to open mca_btl_smcuda: libcuda.so.1: cannot open shared object file: No such file or directory (ignored)
[cmp221.ethernet.delftblue:1460709] mca_base_component_repository_open: unable to open mca_btl_smcuda: libcuda.so.1: cannot open shared object file: No such file or directory (ignored)
[cmp221.ethernet.delftblue:1460970] mca_base_component_repository_open: unable to open mca_accelerator_cuda: libcuda.so.1: cannot open shared object file: No such file or directory (ignored)
[cmp221.ethernet.delftblue:1460970] mca_base_component_repository_open: unable to open mca_rcache_gpusm: libcuda.so.1: cannot open shared object file: No such file or directory (ignored)
[cmp221.ethernet.delftblue:1460970] mca_base_component_repository_open: unable to open mca_rcache_rgpusm: libcuda.so.1: cannot open shared object file: No such file or directory (ignored)
[cmp221.ethernet.delftblue:1460970] mca_base_component_repository_open: unable to open mca_btl_smcuda: libcuda.so.1: cannot open shared object file: No such file or directory (ignored)
[cmp221.ethernet.delftblue:1461018] mca_base_component_repository_open: unable to open mca_accelerator_cuda: libcuda.so.1: cannot open shared object file: No such file or directory (ignored)
[cmp221.ethernet.delftblue:1461017] mca_base_component_repository_open: unable to open mca_accelerator_cuda: libcuda.so.1: cannot open shared object file: No such file or directory (ignored)
[cmp221.ethernet.delftblue:1461018] mca_base_component_repository_open: unable to open mca_rcache_gpusm: libcuda.so.1: cannot open shared object file: No such file or directory (ignored)
[cmp221.ethernet.delftblue:1461017] mca_base_component_repository_open: unable to open mca_rcache_gpusm: libcuda.so.1: cannot open shared object file: No such file or directory (ignored)
[cmp221.ethernet.delftblue:1461018] mca_base_component_repository_open: unable to open mca_rcache_rgpusm: libcuda.so.1: cannot open shared object file: No such file or directory (ignored)
[cmp221.ethernet.delftblue:1461017] mca_base_component_repository_open: unable to open mca_rcache_rgpusm: libcuda.so.1: cannot open shared object file: No such file or directory (ignored)
[cmp221.ethernet.delftblue:1461018] mca_base_component_repository_open: unable to open mca_btl_smcuda: libcuda.so.1: cannot open shared object file: No such file or directory (ignored)
[cmp221.ethernet.delftblue:1461017] mca_base_component_repository_open: unable to open mca_btl_smcuda: libcuda.so.1: cannot open shared object file: No such file or directory (ignored)
[cmp221.ethernet.delftblue:1461072] mca_base_component_repository_open: unable to open mca_accelerator_cuda: libcuda.so.1: cannot open shared object file: No such file or directory (ignored)
[cmp221.ethernet.delftblue:1461071] mca_base_component_repository_open: unable to open mca_accelerator_cuda: libcuda.so.1: cannot open shared object file: No such file or directory (ignored)
[cmp221.ethernet.delftblue:1461073] mca_base_component_repository_open: unable to open mca_accelerator_cuda: libcuda.so.1: cannot open shared object file: No such file or directory (ignored)
[cmp221.ethernet.delftblue:1461074] mca_base_component_repository_open: unable to open mca_accelerator_cuda: libcuda.so.1: cannot open shared object file: No such file or directory (ignored)
[cmp221.ethernet.delftblue:1461072] mca_base_component_repository_open: unable to open mca_rcache_gpusm: libcuda.so.1: cannot open shared object file: No such file or directory (ignored)
[cmp221.ethernet.delftblue:1461072] mca_base_component_repository_open: unable to open mca_rcache_rgpusm: libcuda.so.1: cannot open shared object file: No such file or directory (ignored)
[cmp221.ethernet.delftblue:1461072] mca_base_component_repository_open: unable to open mca_btl_smcuda: libcuda.so.1: cannot open shared object file: No such file or directory (ignored)
[cmp221.ethernet.delftblue:1461071] mca_base_component_repository_open: unable to open mca_rcache_gpusm: libcuda.so.1: cannot open shared object file: No such file or directory (ignored)
[cmp221.ethernet.delftblue:1461071] mca_base_component_repository_open: unable to open mca_rcache_rgpusm: libcuda.so.1: cannot open shared object file: No such file or directory (ignored)
[cmp221.ethernet.delftblue:1461071] mca_base_component_repository_open: unable to open mca_btl_smcuda: libcuda.so.1: cannot open shared object file: No such file or directory (ignored)
[cmp221.ethernet.delftblue:1461073] mca_base_component_repository_open: unable to open mca_rcache_gpusm: libcuda.so.1: cannot open shared object file: No such file or directory (ignored)
[cmp221.ethernet.delftblue:1461073] mca_base_component_repository_open: unable to open mca_rcache_rgpusm: libcuda.so.1: cannot open shared object file: No such file or directory (ignored)
[cmp221.ethernet.delftblue:1461074] mca_base_component_repository_open: unable to open mca_rcache_gpusm: libcuda.so.1: cannot open shared object file: No such file or directory (ignored)
[cmp221.ethernet.delftblue:1461073] mca_base_component_repository_open: unable to open mca_btl_smcuda: libcuda.so.1: cannot open shared object file: No such file or directory (ignored)
[cmp221.ethernet.delftblue:1461074] mca_base_component_repository_open: unable to open mca_rcache_rgpusm: libcuda.so.1: cannot open shared object file: No such file or directory (ignored)
[cmp221.ethernet.delftblue:1461074] mca_base_component_repository_open: unable to open mca_btl_smcuda: libcuda.so.1: cannot open shared object file: No such file or directory (ignored)
[cmp221.ethernet.delftblue:1461150] mca_base_component_repository_open: unable to open mca_accelerator_cuda: libcuda.so.1: cannot open shared object file: No such file or directory (ignored)
[cmp221.ethernet.delftblue:1461146] mca_base_component_repository_open: unable to open mca_accelerator_cuda: libcuda.so.1: cannot open shared object file: No such file or directory (ignored)
[cmp221.ethernet.delftblue:1461147] mca_base_component_repository_open: unable to open mca_accelerator_cuda: libcuda.so.1: cannot open shared object file: No such file or directory (ignored)
[cmp221.ethernet.delftblue:1461148] mca_base_component_repository_open: unable to open mca_accelerator_cuda: libcuda.so.1: cannot open shared object file: No such file or directory (ignored)
[cmp221.ethernet.delftblue:1461149] mca_base_component_repository_open: unable to open mca_accelerator_cuda: libcuda.so.1: cannot open shared object file: No such file or directory (ignored)
[cmp221.ethernet.delftblue:1461145] mca_base_component_repository_open: unable to open mca_accelerator_cuda: libcuda.so.1: cannot open shared object file: No such file or directory (ignored)
[cmp221.ethernet.delftblue:1461150] mca_base_component_repository_open: unable to open mca_rcache_gpusm: libcuda.so.1: cannot open shared object file: No such file or directory (ignored)
[cmp221.ethernet.delftblue:1461150] mca_base_component_repository_open: unable to open mca_rcache_rgpusm: libcuda.so.1: cannot open shared object file: No such file or directory (ignored)
[cmp221.ethernet.delftblue:1461150] mca_base_component_repository_open: unable to open mca_btl_smcuda: libcuda.so.1: cannot open shared object file: No such file or directory (ignored)
[cmp221.ethernet.delftblue:1461146] mca_base_component_repository_open: unable to open mca_rcache_gpusm: libcuda.so.1: cannot open shared object file: No such file or directory (ignored)
[cmp221.ethernet.delftblue:1461147] mca_base_component_repository_open: unable to open mca_rcache_gpusm: libcuda.so.1: cannot open shared object file: No such file or directory (ignored)
[cmp221.ethernet.delftblue:1461146] mca_base_component_repository_open: unable to open mca_rcache_rgpusm: libcuda.so.1: cannot open shared object file: No such file or directory (ignored)
[cmp221.ethernet.delftblue:1461147] mca_base_component_repository_open: unable to open mca_rcache_rgpusm: libcuda.so.1: cannot open shared object file: No such file or directory (ignored)
[cmp221.ethernet.delftblue:1461146] mca_base_component_repository_open: unable to open mca_btl_smcuda: libcuda.so.1: cannot open shared object file: No such file or directory (ignored)
[cmp221.ethernet.delftblue:1461147] mca_base_component_repository_open: unable to open mca_btl_smcuda: libcuda.so.1: cannot open shared object file: No such file or directory (ignored)
[cmp221.ethernet.delftblue:1461148] mca_base_component_repository_open: unable to open mca_rcache_gpusm: libcuda.so.1: cannot open shared object file: No such file or directory (ignored)
[cmp221.ethernet.delftblue:1461148] mca_base_component_repository_open: unable to open mca_rcache_rgpusm: libcuda.so.1: cannot open shared object file: No such file or directory (ignored)
[cmp221.ethernet.delftblue:1461149] mca_base_component_repository_open: unable to open mca_rcache_gpusm: libcuda.so.1: cannot open shared object file: No such file or directory (ignored)
[cmp221.ethernet.delftblue:1461145] mca_base_component_repository_open: unable to open mca_rcache_gpusm: libcuda.so.1: cannot open shared object file: No such file or directory (ignored)
[cmp221.ethernet.delftblue:1461148] mca_base_component_repository_open: unable to open mca_btl_smcuda: libcuda.so.1: cannot open shared object file: No such file or directory (ignored)
[cmp221.ethernet.delftblue:1461149] mca_base_component_repository_open: unable to open mca_rcache_rgpusm: libcuda.so.1: cannot open shared object file: No such file or directory (ignored)
[cmp221.ethernet.delftblue:1461145] mca_base_component_repository_open: unable to open mca_rcache_rgpusm: libcuda.so.1: cannot open shared object file: No such file or directory (ignored)
[cmp221.ethernet.delftblue:1461149] mca_base_component_repository_open: unable to open mca_btl_smcuda: libcuda.so.1: cannot open shared object file: No such file or directory (ignored)
[cmp221.ethernet.delftblue:1461145] mca_base_component_repository_open: unable to open mca_btl_smcuda: libcuda.so.1: cannot open shared object file: No such file or directory (ignored)
[cmp221.ethernet.delftblue:1461243] mca_base_component_repository_open: unable to open mca_accelerator_cuda: libcuda.so.1: cannot open shared object file: No such file or directory (ignored)
[cmp221.ethernet.delftblue:1461240] mca_base_component_repository_open: unable to open mca_accelerator_cuda: libcuda.so.1: cannot open shared object file: No such file or directory (ignored)
[cmp221.ethernet.delftblue:1461242] mca_base_component_repository_open: unable to open mca_accelerator_cuda: libcuda.so.1: cannot open shared object file: No such file or directory (ignored)
[cmp221.ethernet.delftblue:1461245] mca_base_component_repository_open: unable to open mca_accelerator_cuda: libcuda.so.1: cannot open shared object file: No such file or directory (ignored)
[cmp221.ethernet.delftblue:1461244] mca_base_component_repository_open: unable to open mca_accelerator_cuda: libcuda.so.1: cannot open shared object file: No such file or directory (ignored)
[cmp221.ethernet.delftblue:1461238] mca_base_component_repository_open: unable to open mca_accelerator_cuda: libcuda.so.1: cannot open shared object file: No such file or directory (ignored)
[cmp221.ethernet.delftblue:1461241] mca_base_component_repository_open: unable to open mca_accelerator_cuda: libcuda.so.1: cannot open shared object file: No such file or directory (ignored)
[cmp221.ethernet.delftblue:1461239] mca_base_component_repository_open: unable to open mca_accelerator_cuda: libcuda.so.1: cannot open shared object file: No such file or directory (ignored)
[cmp221.ethernet.delftblue:1461240] mca_base_component_repository_open: unable to open mca_rcache_gpusm: libcuda.so.1: cannot open shared object file: No such file or directory (ignored)
[cmp221.ethernet.delftblue:1461243] mca_base_component_repository_open: unable to open mca_rcache_gpusm: libcuda.so.1: cannot open shared object file: No such file or directory (ignored)
[cmp221.ethernet.delftblue:1461240] mca_base_component_repository_open: unable to open mca_rcache_rgpusm: libcuda.so.1: cannot open shared object file: No such file or directory (ignored)
[cmp221.ethernet.delftblue:1461243] mca_base_component_repository_open: unable to open mca_rcache_rgpusm: libcuda.so.1: cannot open shared object file: No such file or directory (ignored)
[cmp221.ethernet.delftblue:1461240] mca_base_component_repository_open: unable to open mca_btl_smcuda: libcuda.so.1: cannot open shared object file: No such file or directory (ignored)
[cmp221.ethernet.delftblue:1461243] mca_base_component_repository_open: unable to open mca_btl_smcuda: libcuda.so.1: cannot open shared object file: No such file or directory (ignored)
[cmp221.ethernet.delftblue:1461242] mca_base_component_repository_open: unable to open mca_rcache_gpusm: libcuda.so.1: cannot open shared object file: No such file or directory (ignored)
[cmp221.ethernet.delftblue:1461242] mca_base_component_repository_open: unable to open mca_rcache_rgpusm: libcuda.so.1: cannot open shared object file: No such file or directory (ignored)
[cmp221.ethernet.delftblue:1461242] mca_base_component_repository_open: unable to open mca_btl_smcuda: libcuda.so.1: cannot open shared object file: No such file or directory (ignored)
[cmp221.ethernet.delftblue:1461244] mca_base_component_repository_open: unable to open mca_rcache_gpusm: libcuda.so.1: cannot open shared object file: No such file or directory (ignored)
[cmp221.ethernet.delftblue:1461245] mca_base_component_repository_open: unable to open mca_rcache_gpusm: libcuda.so.1: cannot open shared object file: No such file or directory (ignored)
[cmp221.ethernet.delftblue:1461244] mca_base_component_repository_open: unable to open mca_rcache_rgpusm: libcuda.so.1: cannot open shared object file: No such file or directory (ignored)
[cmp221.ethernet.delftblue:1461245] mca_base_component_repository_open: unable to open mca_rcache_rgpusm: libcuda.so.1: cannot open shared object file: No such file or directory (ignored)
[cmp221.ethernet.delftblue:1461244] mca_base_component_repository_open: unable to open mca_btl_smcuda: libcuda.so.1: cannot open shared object file: No such file or directory (ignored)
[cmp221.ethernet.delftblue:1461245] mca_base_component_repository_open: unable to open mca_btl_smcuda: libcuda.so.1: cannot open shared object file: No such file or directory (ignored)
[cmp221.ethernet.delftblue:1461239] mca_base_component_repository_open: unable to open mca_rcache_gpusm: libcuda.so.1: cannot open shared object file: No such file or directory (ignored)
[cmp221.ethernet.delftblue:1461239] mca_base_component_repository_open: unable to open mca_rcache_rgpusm: libcuda.so.1: cannot open shared object file: No such file or directory (ignored)
[cmp221.ethernet.delftblue:1461239] mca_base_component_repository_open: unable to open mca_btl_smcuda: libcuda.so.1: cannot open shared object file: No such file or directory (ignored)
[cmp221.ethernet.delftblue:1461241] mca_base_component_repository_open: unable to open mca_rcache_gpusm: libcuda.so.1: cannot open shared object file: No such file or directory (ignored)
[cmp221.ethernet.delftblue:1461238] mca_base_component_repository_open: unable to open mca_rcache_gpusm: libcuda.so.1: cannot open shared object file: No such file or directory (ignored)
[cmp221.ethernet.delftblue:1461241] mca_base_component_repository_open: unable to open mca_rcache_rgpusm: libcuda.so.1: cannot open shared object file: No such file or directory (ignored)
[cmp221.ethernet.delftblue:1461238] mca_base_component_repository_open: unable to open mca_rcache_rgpusm: libcuda.so.1: cannot open shared object file: No such file or directory (ignored)
[cmp221.ethernet.delftblue:1461241] mca_base_component_repository_open: unable to open mca_btl_smcuda: libcuda.so.1: cannot open shared object file: No such file or directory (ignored)
[cmp221.ethernet.delftblue:1461238] mca_base_component_repository_open: unable to open mca_btl_smcuda: libcuda.so.1: cannot open shared object file: No such file or directory (ignored)
[cmp221.ethernet.delftblue:1461352] mca_base_component_repository_open: unable to open mca_accelerator_cuda: libcuda.so.1: cannot open shared object file: No such file or directory (ignored)
[cmp221.ethernet.delftblue:1461360] mca_base_component_repository_open: unable to open mca_accelerator_cuda: libcuda.so.1: cannot open shared object file: No such file or directory (ignored)
[cmp221.ethernet.delftblue:1461358] mca_base_component_repository_open: unable to open mca_accelerator_cuda: libcuda.so.1: cannot open shared object file: No such file or directory (ignored)
[cmp221.ethernet.delftblue:1461359] mca_base_component_repository_open: unable to open mca_accelerator_cuda: libcuda.so.1: cannot open shared object file: No such file or directory (ignored)
[cmp221.ethernet.delftblue:1461357] mca_base_component_repository_open: unable to open mca_accelerator_cuda: libcuda.so.1: cannot open shared object file: No such file or directory (ignored)
[cmp221.ethernet.delftblue:1461353] mca_base_component_repository_open: unable to open mca_accelerator_cuda: libcuda.so.1: cannot open shared object file: No such file or directory (ignored)
[cmp221.ethernet.delftblue:1461356] mca_base_component_repository_open: unable to open mca_accelerator_cuda: libcuda.so.1: cannot open shared object file: No such file or directory (ignored)
[cmp221.ethernet.delftblue:1461355] mca_base_component_repository_open: unable to open mca_accelerator_cuda: libcuda.so.1: cannot open shared object file: No such file or directory (ignored)
[cmp221.ethernet.delftblue:1461354] mca_base_component_repository_open: unable to open mca_accelerator_cuda: libcuda.so.1: cannot open shared object file: No such file or directory (ignored)
[cmp221.ethernet.delftblue:1461351] mca_base_component_repository_open: unable to open mca_accelerator_cuda: libcuda.so.1: cannot open shared object file: No such file or directory (ignored)
[cmp221.ethernet.delftblue:1461352] mca_base_component_repository_open: unable to open mca_rcache_gpusm: libcuda.so.1: cannot open shared object file: No such file or directory (ignored)
[cmp221.ethernet.delftblue:1461360] mca_base_component_repository_open: unable to open mca_rcache_gpusm: libcuda.so.1: cannot open shared object file: No such file or directory (ignored)
[cmp221.ethernet.delftblue:1461352] mca_base_component_repository_open: unable to open mca_rcache_rgpusm: libcuda.so.1: cannot open shared object file: No such file or directory (ignored)
[cmp221.ethernet.delftblue:1461360] mca_base_component_repository_open: unable to open mca_rcache_rgpusm: libcuda.so.1: cannot open shared object file: No such file or directory (ignored)
[cmp221.ethernet.delftblue:1461352] mca_base_component_repository_open: unable to open mca_btl_smcuda: libcuda.so.1: cannot open shared object file: No such file or directory (ignored)
[cmp221.ethernet.delftblue:1461360] mca_base_component_repository_open: unable to open mca_btl_smcuda: libcuda.so.1: cannot open shared object file: No such file or directory (ignored)
[cmp221.ethernet.delftblue:1461358] mca_base_component_repository_open: unable to open mca_rcache_gpusm: libcuda.so.1: cannot open shared object file: No such file or directory (ignored)
[cmp221.ethernet.delftblue:1461358] mca_base_component_repository_open: unable to open mca_rcache_rgpusm: libcuda.so.1: cannot open shared object file: No such file or directory (ignored)
[cmp221.ethernet.delftblue:1461358] mca_base_component_repository_open: unable to open mca_btl_smcuda: libcuda.so.1: cannot open shared object file: No such file or directory (ignored)
[cmp221.ethernet.delftblue:1461359] mca_base_component_repository_open: unable to open mca_rcache_gpusm: libcuda.so.1: cannot open shared object file: No such file or directory (ignored)
[cmp221.ethernet.delftblue:1461353] mca_base_component_repository_open: unable to open mca_rcache_gpusm: libcuda.so.1: cannot open shared object file: No such file or directory (ignored)
[cmp221.ethernet.delftblue:1461357] mca_base_component_repository_open: unable to open mca_rcache_gpusm: libcuda.so.1: cannot open shared object file: No such file or directory (ignored)
[cmp221.ethernet.delftblue:1461356] mca_base_component_repository_open: unable to open mca_rcache_gpusm: libcuda.so.1: cannot open shared object file: No such file or directory (ignored)
[cmp221.ethernet.delftblue:1461359] mca_base_component_repository_open: unable to open mca_rcache_rgpusm: libcuda.so.1: cannot open shared object file: No such file or directory (ignored)
[cmp221.ethernet.delftblue:1461353] mca_base_component_repository_open: unable to open mca_rcache_rgpusm: libcuda.so.1: cannot open shared object file: No such file or directory (ignored)
[cmp221.ethernet.delftblue:1461356] mca_base_component_repository_open: unable to open mca_rcache_rgpusm: libcuda.so.1: cannot open shared object file: No such file or directory (ignored)
[cmp221.ethernet.delftblue:1461359] mca_base_component_repository_open: unable to open mca_btl_smcuda: libcuda.so.1: cannot open shared object file: No such file or directory (ignored)
[cmp221.ethernet.delftblue:1461353] mca_base_component_repository_open: unable to open mca_btl_smcuda: libcuda.so.1: cannot open shared object file: No such file or directory (ignored)
[cmp221.ethernet.delftblue:1461356] mca_base_component_repository_open: unable to open mca_btl_smcuda: libcuda.so.1: cannot open shared object file: No such file or directory (ignored)
[cmp221.ethernet.delftblue:1461355] mca_base_component_repository_open: unable to open mca_rcache_gpusm: libcuda.so.1: cannot open shared object file: No such file or directory (ignored)
[cmp221.ethernet.delftblue:1461355] mca_base_component_repository_open: unable to open mca_rcache_rgpusm: libcuda.so.1: cannot open shared object file: No such file or directory (ignored)
[cmp221.ethernet.delftblue:1461355] mca_base_component_repository_open: unable to open mca_btl_smcuda: libcuda.so.1: cannot open shared object file: No such file or directory (ignored)
[cmp221.ethernet.delftblue:1461357] mca_base_component_repository_open: unable to open mca_rcache_rgpusm: libcuda.so.1: cannot open shared object file: No such file or directory (ignored)
[cmp221.ethernet.delftblue:1461354] mca_base_component_repository_open: unable to open mca_rcache_gpusm: libcuda.so.1: cannot open shared object file: No such file or directory (ignored)
[cmp221.ethernet.delftblue:1461357] mca_base_component_repository_open: unable to open mca_btl_smcuda: libcuda.so.1: cannot open shared object file: No such file or directory (ignored)
[cmp221.ethernet.delftblue:1461354] mca_base_component_repository_open: unable to open mca_rcache_rgpusm: libcuda.so.1: cannot open shared object file: No such file or directory (ignored)
[cmp221.ethernet.delftblue:1461354] mca_base_component_repository_open: unable to open mca_btl_smcuda: libcuda.so.1: cannot open shared object file: No such file or directory (ignored)
[cmp221.ethernet.delftblue:1461351] mca_base_component_repository_open: unable to open mca_rcache_gpusm: libcuda.so.1: cannot open shared object file: No such file or directory (ignored)
[cmp221.ethernet.delftblue:1461351] mca_base_component_repository_open: unable to open mca_rcache_rgpusm: libcuda.so.1: cannot open shared object file: No such file or directory (ignored)
[cmp221.ethernet.delftblue:1461351] mca_base_component_repository_open: unable to open mca_btl_smcuda: libcuda.so.1: cannot open shared object file: No such file or directory (ignored)
[cmp221.ethernet.delftblue:1461493] mca_base_component_repository_open: unable to open mca_accelerator_cuda: libcuda.so.1: cannot open shared object file: No such file or directory (ignored)
[cmp221.ethernet.delftblue:1461492] mca_base_component_repository_open: unable to open mca_accelerator_cuda: libcuda.so.1: cannot open shared object file: No such file or directory (ignored)
[cmp221.ethernet.delftblue:1461489] mca_base_component_repository_open: unable to open mca_accelerator_cuda: libcuda.so.1: cannot open shared object file: No such file or directory (ignored)
[cmp221.ethernet.delftblue:1461496] mca_base_component_repository_open: unable to open mca_accelerator_cuda: libcuda.so.1: cannot open shared object file: No such file or directory (ignored)
[cmp221.ethernet.delftblue:1461487] mca_base_component_repository_open: unable to open mca_accelerator_cuda: libcuda.so.1: cannot open shared object file: No such file or directory (ignored)
[cmp221.ethernet.delftblue:1461494] mca_base_component_repository_open: unable to open mca_accelerator_cuda: libcuda.so.1: cannot open shared object file: No such file or directory (ignored)
[cmp221.ethernet.delftblue:1461485] mca_base_component_repository_open: unable to open mca_accelerator_cuda: libcuda.so.1: cannot open shared object file: No such file or directory (ignored)
[cmp221.ethernet.delftblue:1461495] mca_base_component_repository_open: unable to open mca_accelerator_cuda: libcuda.so.1: cannot open shared object file: No such file or directory (ignored)
[cmp221.ethernet.delftblue:1461486] mca_base_component_repository_open: unable to open mca_accelerator_cuda: libcuda.so.1: cannot open shared object file: No such file or directory (ignored)
[cmp221.ethernet.delftblue:1461491] mca_base_component_repository_open: unable to open mca_accelerator_cuda: libcuda.so.1: cannot open shared object file: No such file or directory (ignored)
[cmp221.ethernet.delftblue:1461488] mca_base_component_repository_open: unable to open mca_accelerator_cuda: libcuda.so.1: cannot open shared object file: No such file or directory (ignored)
[cmp221.ethernet.delftblue:1461492] mca_base_component_repository_open: unable to open mca_rcache_gpusm: libcuda.so.1: cannot open shared object file: No such file or directory (ignored)
[cmp221.ethernet.delftblue:1461492] mca_base_component_repository_open: unable to open mca_rcache_rgpusm: libcuda.so.1: cannot open shared object file: No such file or directory (ignored)
[cmp221.ethernet.delftblue:1461492] mca_base_component_repository_open: unable to open mca_btl_smcuda: libcuda.so.1: cannot open shared object file: No such file or directory (ignored)
[cmp221.ethernet.delftblue:1461490] mca_base_component_repository_open: unable to open mca_accelerator_cuda: libcuda.so.1: cannot open shared object file: No such file or directory (ignored)
[cmp221.ethernet.delftblue:1461493] mca_base_component_repository_open: unable to open mca_rcache_gpusm: libcuda.so.1: cannot open shared object file: No such file or directory (ignored)
[cmp221.ethernet.delftblue:1461489] mca_base_component_repository_open: unable to open mca_rcache_gpusm: libcuda.so.1: cannot open shared object file: No such file or directory (ignored)
[cmp221.ethernet.delftblue:1461487] mca_base_component_repository_open: unable to open mca_rcache_gpusm: libcuda.so.1: cannot open shared object file: No such file or directory (ignored)
[cmp221.ethernet.delftblue:1461487] mca_base_component_repository_open: unable to open mca_rcache_rgpusm: libcuda.so.1: cannot open shared object file: No such file or directory (ignored)
[cmp221.ethernet.delftblue:1461487] mca_base_component_repository_open: unable to open mca_btl_smcuda: libcuda.so.1: cannot open shared object file: No such file or directory (ignored)
[cmp221.ethernet.delftblue:1461496] mca_base_component_repository_open: unable to open mca_rcache_gpusm: libcuda.so.1: cannot open shared object file: No such file or directory (ignored)
[cmp221.ethernet.delftblue:1461489] mca_base_component_repository_open: unable to open mca_rcache_rgpusm: libcuda.so.1: cannot open shared object file: No such file or directory (ignored)
[cmp221.ethernet.delftblue:1461496] mca_base_component_repository_open: unable to open mca_rcache_rgpusm: libcuda.so.1: cannot open shared object file: No such file or directory (ignored)
[cmp221.ethernet.delftblue:1461489] mca_base_component_repository_open: unable to open mca_btl_smcuda: libcuda.so.1: cannot open shared object file: No such file or directory (ignored)
[cmp221.ethernet.delftblue:1461496] mca_base_component_repository_open: unable to open mca_btl_smcuda: libcuda.so.1: cannot open shared object file: No such file or directory (ignored)
[cmp221.ethernet.delftblue:1461493] mca_base_component_repository_open: unable to open mca_rcache_rgpusm: libcuda.so.1: cannot open shared object file: No such file or directory (ignored)
[cmp221.ethernet.delftblue:1461493] mca_base_component_repository_open: unable to open mca_btl_smcuda: libcuda.so.1: cannot open shared object file: No such file or directory (ignored)
[cmp221.ethernet.delftblue:1461494] mca_base_component_repository_open: unable to open mca_rcache_gpusm: libcuda.so.1: cannot open shared object file: No such file or directory (ignored)
[cmp221.ethernet.delftblue:1461494] mca_base_component_repository_open: unable to open mca_rcache_rgpusm: libcuda.so.1: cannot open shared object file: No such file or directory (ignored)
[cmp221.ethernet.delftblue:1461491] mca_base_component_repository_open: unable to open mca_rcache_gpusm: libcuda.so.1: cannot open shared object file: No such file or directory (ignored)
[cmp221.ethernet.delftblue:1461486] mca_base_component_repository_open: unable to open mca_rcache_gpusm: libcuda.so.1: cannot open shared object file: No such file or directory (ignored)
[cmp221.ethernet.delftblue:1461495] mca_base_component_repository_open: unable to open mca_rcache_gpusm: libcuda.so.1: cannot open shared object file: No such file or directory (ignored)
[cmp221.ethernet.delftblue:1461494] mca_base_component_repository_open: unable to open mca_btl_smcuda: libcuda.so.1: cannot open shared object file: No such file or directory (ignored)
[cmp221.ethernet.delftblue:1461491] mca_base_component_repository_open: unable to open mca_rcache_rgpusm: libcuda.so.1: cannot open shared object file: No such file or directory (ignored)
[cmp221.ethernet.delftblue:1461486] mca_base_component_repository_open: unable to open mca_rcache_rgpusm: libcuda.so.1: cannot open shared object file: No such file or directory (ignored)
[cmp221.ethernet.delftblue:1461495] mca_base_component_repository_open: unable to open mca_rcache_rgpusm: libcuda.so.1: cannot open shared object file: No such file or directory (ignored)
[cmp221.ethernet.delftblue:1461491] mca_base_component_repository_open: unable to open mca_btl_smcuda: libcuda.so.1: cannot open shared object file: No such file or directory (ignored)
[cmp221.ethernet.delftblue:1461486] mca_base_component_repository_open: unable to open mca_btl_smcuda: libcuda.so.1: cannot open shared object file: No such file or directory (ignored)
[cmp221.ethernet.delftblue:1461485] mca_base_component_repository_open: unable to open mca_rcache_gpusm: libcuda.so.1: cannot open shared object file: No such file or directory (ignored)
[cmp221.ethernet.delftblue:1461495] mca_base_component_repository_open: unable to open mca_btl_smcuda: libcuda.so.1: cannot open shared object file: No such file or directory (ignored)
[cmp221.ethernet.delftblue:1461485] mca_base_component_repository_open: unable to open mca_rcache_rgpusm: libcuda.so.1: cannot open shared object file: No such file or directory (ignored)
[cmp221.ethernet.delftblue:1461485] mca_base_component_repository_open: unable to open mca_btl_smcuda: libcuda.so.1: cannot open shared object file: No such file or directory (ignored)
[cmp221.ethernet.delftblue:1461490] mca_base_component_repository_open: unable to open mca_rcache_gpusm: libcuda.so.1: cannot open shared object file: No such file or directory (ignored)
[cmp221.ethernet.delftblue:1461490] mca_base_component_repository_open: unable to open mca_rcache_rgpusm: libcuda.so.1: cannot open shared object file: No such file or directory (ignored)
[cmp221.ethernet.delftblue:1461488] mca_base_component_repository_open: unable to open mca_rcache_gpusm: libcuda.so.1: cannot open shared object file: No such file or directory (ignored)
[cmp221.ethernet.delftblue:1461490] mca_base_component_repository_open: unable to open mca_btl_smcuda: libcuda.so.1: cannot open shared object file: No such file or directory (ignored)
[cmp221.ethernet.delftblue:1461488] mca_base_component_repository_open: unable to open mca_rcache_rgpusm: libcuda.so.1: cannot open shared object file: No such file or directory (ignored)
[cmp221.ethernet.delftblue:1461488] mca_base_component_repository_open: unable to open mca_btl_smcuda: libcuda.so.1: cannot open shared object file: No such file or directory (ignored)
[cmp221.ethernet.delftblue:1461639] mca_base_component_repository_open: unable to open mca_accelerator_cuda: libcuda.so.1: cannot open shared object file: No such file or directory (ignored)
[cmp221.ethernet.delftblue:1461645] mca_base_component_repository_open: unable to open mca_accelerator_cuda: libcuda.so.1: cannot open shared object file: No such file or directory (ignored)
[cmp221.ethernet.delftblue:1461649] mca_base_component_repository_open: unable to open mca_accelerator_cuda: libcuda.so.1: cannot open shared object file: No such file or directory (ignored)
[cmp221.ethernet.delftblue:1461639] mca_base_component_repository_open: unable to open mca_rcache_gpusm: libcuda.so.1: cannot open shared object file: No such file or directory (ignored)
[cmp221.ethernet.delftblue:1461639] mca_base_component_repository_open: unable to open mca_rcache_rgpusm: libcuda.so.1: cannot open shared object file: No such file or directory (ignored)
[cmp221.ethernet.delftblue:1461643] mca_base_component_repository_open: unable to open mca_accelerator_cuda: libcuda.so.1: cannot open shared object file: No such file or directory (ignored)
[cmp221.ethernet.delftblue:1461639] mca_base_component_repository_open: unable to open mca_btl_smcuda: libcuda.so.1: cannot open shared object file: No such file or directory (ignored)
[cmp221.ethernet.delftblue:1461648] mca_base_component_repository_open: unable to open mca_accelerator_cuda: libcuda.so.1: cannot open shared object file: No such file or directory (ignored)
[cmp221.ethernet.delftblue:1461640] mca_base_component_repository_open: unable to open mca_accelerator_cuda: libcuda.so.1: cannot open shared object file: No such file or directory (ignored)
[cmp221.ethernet.delftblue:1461646] mca_base_component_repository_open: unable to open mca_accelerator_cuda: libcuda.so.1: cannot open shared object file: No such file or directory (ignored)
[cmp221.ethernet.delftblue:1461651] mca_base_component_repository_open: unable to open mca_accelerator_cuda: libcuda.so.1: cannot open shared object file: No such file or directory (ignored)
[cmp221.ethernet.delftblue:1461642] mca_base_component_repository_open: unable to open mca_accelerator_cuda: libcuda.so.1: cannot open shared object file: No such file or directory (ignored)
[cmp221.ethernet.delftblue:1461647] mca_base_component_repository_open: unable to open mca_accelerator_cuda: libcuda.so.1: cannot open shared object file: No such file or directory (ignored)
[cmp221.ethernet.delftblue:1461641] mca_base_component_repository_open: unable to open mca_accelerator_cuda: libcuda.so.1: cannot open shared object file: No such file or directory (ignored)
[cmp221.ethernet.delftblue:1461645] mca_base_component_repository_open: unable to open mca_rcache_gpusm: libcuda.so.1: cannot open shared object file: No such file or directory (ignored)
[cmp221.ethernet.delftblue:1461644] mca_base_component_repository_open: unable to open mca_accelerator_cuda: libcuda.so.1: cannot open shared object file: No such file or directory (ignored)
[cmp221.ethernet.delftblue:1461645] mca_base_component_repository_open: unable to open mca_rcache_rgpusm: libcuda.so.1: cannot open shared object file: No such file or directory (ignored)
[cmp221.ethernet.delftblue:1461650] mca_base_component_repository_open: unable to open mca_accelerator_cuda: libcuda.so.1: cannot open shared object file: No such file or directory (ignored)
[cmp221.ethernet.delftblue:1461638] mca_base_component_repository_open: unable to open mca_accelerator_cuda: libcuda.so.1: cannot open shared object file: No such file or directory (ignored)
[cmp221.ethernet.delftblue:1461645] mca_base_component_repository_open: unable to open mca_btl_smcuda: libcuda.so.1: cannot open shared object file: No such file or directory (ignored)
[cmp221.ethernet.delftblue:1461649] mca_base_component_repository_open: unable to open mca_rcache_gpusm: libcuda.so.1: cannot open shared object file: No such file or directory (ignored)
[cmp221.ethernet.delftblue:1461649] mca_base_component_repository_open: unable to open mca_rcache_rgpusm: libcuda.so.1: cannot open shared object file: No such file or directory (ignored)
[cmp221.ethernet.delftblue:1461649] mca_base_component_repository_open: unable to open mca_btl_smcuda: libcuda.so.1: cannot open shared object file: No such file or directory (ignored)
[cmp221.ethernet.delftblue:1461648] mca_base_component_repository_open: unable to open mca_rcache_gpusm: libcuda.so.1: cannot open shared object file: No such file or directory (ignored)
[cmp221.ethernet.delftblue:1461640] mca_base_component_repository_open: unable to open mca_rcache_gpusm: libcuda.so.1: cannot open shared object file: No such file or directory (ignored)
[cmp221.ethernet.delftblue:1461648] mca_base_component_repository_open: unable to open mca_rcache_rgpusm: libcuda.so.1: cannot open shared object file: No such file or directory (ignored)
[cmp221.ethernet.delftblue:1461646] mca_base_component_repository_open: unable to open mca_rcache_gpusm: libcuda.so.1: cannot open shared object file: No such file or directory (ignored)
[cmp221.ethernet.delftblue:1461640] mca_base_component_repository_open: unable to open mca_rcache_rgpusm: libcuda.so.1: cannot open shared object file: No such file or directory (ignored)
[cmp221.ethernet.delftblue:1461646] mca_base_component_repository_open: unable to open mca_rcache_rgpusm: libcuda.so.1: cannot open shared object file: No such file or directory (ignored)
[cmp221.ethernet.delftblue:1461648] mca_base_component_repository_open: unable to open mca_btl_smcuda: libcuda.so.1: cannot open shared object file: No such file or directory (ignored)
[cmp221.ethernet.delftblue:1461640] mca_base_component_repository_open: unable to open mca_btl_smcuda: libcuda.so.1: cannot open shared object file: No such file or directory (ignored)
[cmp221.ethernet.delftblue:1461646] mca_base_component_repository_open: unable to open mca_btl_smcuda: libcuda.so.1: cannot open shared object file: No such file or directory (ignored)
[cmp221.ethernet.delftblue:1461643] mca_base_component_repository_open: unable to open mca_rcache_gpusm: libcuda.so.1: cannot open shared object file: No such file or directory (ignored)
[cmp221.ethernet.delftblue:1461643] mca_base_component_repository_open: unable to open mca_rcache_rgpusm: libcuda.so.1: cannot open shared object file: No such file or directory (ignored)
[cmp221.ethernet.delftblue:1461643] mca_base_component_repository_open: unable to open mca_btl_smcuda: libcuda.so.1: cannot open shared object file: No such file or directory (ignored)
[cmp221.ethernet.delftblue:1461651] mca_base_component_repository_open: unable to open mca_rcache_gpusm: libcuda.so.1: cannot open shared object file: No such file or directory (ignored)
[cmp221.ethernet.delftblue:1461651] mca_base_component_repository_open: unable to open mca_rcache_rgpusm: libcuda.so.1: cannot open shared object file: No such file or directory (ignored)
[cmp221.ethernet.delftblue:1461647] mca_base_component_repository_open: unable to open mca_rcache_gpusm: libcuda.so.1: cannot open shared object file: No such file or directory (ignored)
[cmp221.ethernet.delftblue:1461642] mca_base_component_repository_open: unable to open mca_rcache_gpusm: libcuda.so.1: cannot open shared object file: No such file or directory (ignored)
[cmp221.ethernet.delftblue:1461647] mca_base_component_repository_open: unable to open mca_rcache_rgpusm: libcuda.so.1: cannot open shared object file: No such file or directory (ignored)
[cmp221.ethernet.delftblue:1461651] mca_base_component_repository_open: unable to open mca_btl_smcuda: libcuda.so.1: cannot open shared object file: No such file or directory (ignored)
[cmp221.ethernet.delftblue:1461642] mca_base_component_repository_open: unable to open mca_rcache_rgpusm: libcuda.so.1: cannot open shared object file: No such file or directory (ignored)
[cmp221.ethernet.delftblue:1461647] mca_base_component_repository_open: unable to open mca_btl_smcuda: libcuda.so.1: cannot open shared object file: No such file or directory (ignored)
[cmp221.ethernet.delftblue:1461642] mca_base_component_repository_open: unable to open mca_btl_smcuda: libcuda.so.1: cannot open shared object file: No such file or directory (ignored)
[cmp221.ethernet.delftblue:1461644] mca_base_component_repository_open: unable to open mca_rcache_gpusm: libcuda.so.1: cannot open shared object file: No such file or directory (ignored)
[cmp221.ethernet.delftblue:1461644] mca_base_component_repository_open: unable to open mca_rcache_rgpusm: libcuda.so.1: cannot open shared object file: No such file or directory (ignored)
[cmp221.ethernet.delftblue:1461644] mca_base_component_repository_open: unable to open mca_btl_smcuda: libcuda.so.1: cannot open shared object file: No such file or directory (ignored)
[cmp221.ethernet.delftblue:1461641] mca_base_component_repository_open: unable to open mca_rcache_gpusm: libcuda.so.1: cannot open shared object file: No such file or directory (ignored)
[cmp221.ethernet.delftblue:1461650] mca_base_component_repository_open: unable to open mca_rcache_gpusm: libcuda.so.1: cannot open shared object file: No such file or directory (ignored)
[cmp221.ethernet.delftblue:1461638] mca_base_component_repository_open: unable to open mca_rcache_gpusm: libcuda.so.1: cannot open shared object file: No such file or directory (ignored)
[cmp221.ethernet.delftblue:1461641] mca_base_component_repository_open: unable to open mca_rcache_rgpusm: libcuda.so.1: cannot open shared object file: No such file or directory (ignored)
[cmp221.ethernet.delftblue:1461650] mca_base_component_repository_open: unable to open mca_rcache_rgpusm: libcuda.so.1: cannot open shared object file: No such file or directory (ignored)
[cmp221.ethernet.delftblue:1461638] mca_base_component_repository_open: unable to open mca_rcache_rgpusm: libcuda.so.1: cannot open shared object file: No such file or directory (ignored)
[cmp221.ethernet.delftblue:1461641] mca_base_component_repository_open: unable to open mca_btl_smcuda: libcuda.so.1: cannot open shared object file: No such file or directory (ignored)
[cmp221.ethernet.delftblue:1461650] mca_base_component_repository_open: unable to open mca_btl_smcuda: libcuda.so.1: cannot open shared object file: No such file or directory (ignored)
[cmp221.ethernet.delftblue:1461638] mca_base_component_repository_open: unable to open mca_btl_smcuda: libcuda.so.1: cannot open shared object file: No such file or directory (ignored)
[cmp221.ethernet.delftblue:1461812] mca_base_component_repository_open: unable to open mca_accelerator_cuda: libcuda.so.1: cannot open shared object file: No such file or directory (ignored)
[cmp221.ethernet.delftblue:1461816] mca_base_component_repository_open: unable to open mca_accelerator_cuda: libcuda.so.1: cannot open shared object file: No such file or directory (ignored)
[cmp221.ethernet.delftblue:1461812] mca_base_component_repository_open: unable to open mca_rcache_gpusm: libcuda.so.1: cannot open shared object file: No such file or directory (ignored)
[cmp221.ethernet.delftblue:1461812] mca_base_component_repository_open: unable to open mca_rcache_rgpusm: libcuda.so.1: cannot open shared object file: No such file or directory (ignored)
[cmp221.ethernet.delftblue:1461812] mca_base_component_repository_open: unable to open mca_btl_smcuda: libcuda.so.1: cannot open shared object file: No such file or directory (ignored)
[cmp221.ethernet.delftblue:1461813] mca_base_component_repository_open: unable to open mca_accelerator_cuda: libcuda.so.1: cannot open shared object file: No such file or directory (ignored)
[cmp221.ethernet.delftblue:1461820] mca_base_component_repository_open: unable to open mca_accelerator_cuda: libcuda.so.1: cannot open shared object file: No such file or directory (ignored)
[cmp221.ethernet.delftblue:1461822] mca_base_component_repository_open: unable to open mca_accelerator_cuda: libcuda.so.1: cannot open shared object file: No such file or directory (ignored)
[cmp221.ethernet.delftblue:1461826] mca_base_component_repository_open: unable to open mca_accelerator_cuda: libcuda.so.1: cannot open shared object file: No such file or directory (ignored)
[cmp221.ethernet.delftblue:1461817] mca_base_component_repository_open: unable to open mca_accelerator_cuda: libcuda.so.1: cannot open shared object file: No such file or directory (ignored)
[cmp221.ethernet.delftblue:1461821] mca_base_component_repository_open: unable to open mca_accelerator_cuda: libcuda.so.1: cannot open shared object file: No such file or directory (ignored)
[cmp221.ethernet.delftblue:1461818] mca_base_component_repository_open: unable to open mca_accelerator_cuda: libcuda.so.1: cannot open shared object file: No such file or directory (ignored)
[cmp221.ethernet.delftblue:1461819] mca_base_component_repository_open: unable to open mca_accelerator_cuda: libcuda.so.1: cannot open shared object file: No such file or directory (ignored)
[cmp221.ethernet.delftblue:1461823] mca_base_component_repository_open: unable to open mca_accelerator_cuda: libcuda.so.1: cannot open shared object file: No such file or directory (ignored)
[cmp221.ethernet.delftblue:1461814] mca_base_component_repository_open: unable to open mca_accelerator_cuda: libcuda.so.1: cannot open shared object file: No such file or directory (ignored)
[cmp221.ethernet.delftblue:1461815] mca_base_component_repository_open: unable to open mca_accelerator_cuda: libcuda.so.1: cannot open shared object file: No such file or directory (ignored)
[cmp221.ethernet.delftblue:1461825] mca_base_component_repository_open: unable to open mca_accelerator_cuda: libcuda.so.1: cannot open shared object file: No such file or directory (ignored)
[cmp221.ethernet.delftblue:1461811] mca_base_component_repository_open: unable to open mca_accelerator_cuda: libcuda.so.1: cannot open shared object file: No such file or directory (ignored)
[cmp221.ethernet.delftblue:1461824] mca_base_component_repository_open: unable to open mca_accelerator_cuda: libcuda.so.1: cannot open shared object file: No such file or directory (ignored)
[cmp221.ethernet.delftblue:1461816] mca_base_component_repository_open: unable to open mca_rcache_gpusm: libcuda.so.1: cannot open shared object file: No such file or directory (ignored)
[cmp221.ethernet.delftblue:1461816] mca_base_component_repository_open: unable to open mca_rcache_rgpusm: libcuda.so.1: cannot open shared object file: No such file or directory (ignored)
[cmp221.ethernet.delftblue:1461816] mca_base_component_repository_open: unable to open mca_btl_smcuda: libcuda.so.1: cannot open shared object file: No such file or directory (ignored)
[cmp221.ethernet.delftblue:1461820] mca_base_component_repository_open: unable to open mca_rcache_gpusm: libcuda.so.1: cannot open shared object file: No such file or directory (ignored)
[cmp221.ethernet.delftblue:1461813] mca_base_component_repository_open: unable to open mca_rcache_gpusm: libcuda.so.1: cannot open shared object file: No such file or directory (ignored)
[cmp221.ethernet.delftblue:1461820] mca_base_component_repository_open: unable to open mca_rcache_rgpusm: libcuda.so.1: cannot open shared object file: No such file or directory (ignored)
[cmp221.ethernet.delftblue:1461813] mca_base_component_repository_open: unable to open mca_rcache_rgpusm: libcuda.so.1: cannot open shared object file: No such file or directory (ignored)
[cmp221.ethernet.delftblue:1461820] mca_base_component_repository_open: unable to open mca_btl_smcuda: libcuda.so.1: cannot open shared object file: No such file or directory (ignored)
[cmp221.ethernet.delftblue:1461813] mca_base_component_repository_open: unable to open mca_btl_smcuda: libcuda.so.1: cannot open shared object file: No such file or directory (ignored)
[cmp221.ethernet.delftblue:1461826] mca_base_component_repository_open: unable to open mca_rcache_gpusm: libcuda.so.1: cannot open shared object file: No such file or directory (ignored)
[cmp221.ethernet.delftblue:1461826] mca_base_component_repository_open: unable to open mca_rcache_rgpusm: libcuda.so.1: cannot open shared object file: No such file or directory (ignored)
[cmp221.ethernet.delftblue:1461826] mca_base_component_repository_open: unable to open mca_btl_smcuda: libcuda.so.1: cannot open shared object file: No such file or directory (ignored)
[cmp221.ethernet.delftblue:1461822] mca_base_component_repository_open: unable to open mca_rcache_gpusm: libcuda.so.1: cannot open shared object file: No such file or directory (ignored)
[cmp221.ethernet.delftblue:1461822] mca_base_component_repository_open: unable to open mca_rcache_rgpusm: libcuda.so.1: cannot open shared object file: No such file or directory (ignored)
[cmp221.ethernet.delftblue:1461822] mca_base_component_repository_open: unable to open mca_btl_smcuda: libcuda.so.1: cannot open shared object file: No such file or directory (ignored)
[cmp221.ethernet.delftblue:1461819] mca_base_component_repository_open: unable to open mca_rcache_gpusm: libcuda.so.1: cannot open shared object file: No such file or directory (ignored)
[cmp221.ethernet.delftblue:1461823] mca_base_component_repository_open: unable to open mca_rcache_gpusm: libcuda.so.1: cannot open shared object file: No such file or directory (ignored)
[cmp221.ethernet.delftblue:1461818] mca_base_component_repository_open: unable to open mca_rcache_gpusm: libcuda.so.1: cannot open shared object file: No such file or directory (ignored)
[cmp221.ethernet.delftblue:1461821] mca_base_component_repository_open: unable to open mca_rcache_gpusm: libcuda.so.1: cannot open shared object file: No such file or directory (ignored)
[cmp221.ethernet.delftblue:1461819] mca_base_component_repository_open: unable to open mca_rcache_rgpusm: libcuda.so.1: cannot open shared object file: No such file or directory (ignored)
[cmp221.ethernet.delftblue:1461823] mca_base_component_repository_open: unable to open mca_rcache_rgpusm: libcuda.so.1: cannot open shared object file: No such file or directory (ignored)
[cmp221.ethernet.delftblue:1461818] mca_base_component_repository_open: unable to open mca_rcache_rgpusm: libcuda.so.1: cannot open shared object file: No such file or directory (ignored)
[cmp221.ethernet.delftblue:1461821] mca_base_component_repository_open: unable to open mca_rcache_rgpusm: libcuda.so.1: cannot open shared object file: No such file or directory (ignored)
[cmp221.ethernet.delftblue:1461815] mca_base_component_repository_open: unable to open mca_rcache_gpusm: libcuda.so.1: cannot open shared object file: No such file or directory (ignored)
[cmp221.ethernet.delftblue:1461823] mca_base_component_repository_open: unable to open mca_btl_smcuda: libcuda.so.1: cannot open shared object file: No such file or directory (ignored)
[cmp221.ethernet.delftblue:1461819] mca_base_component_repository_open: unable to open mca_btl_smcuda: libcuda.so.1: cannot open shared object file: No such file or directory (ignored)
[cmp221.ethernet.delftblue:1461821] mca_base_component_repository_open: unable to open mca_btl_smcuda: libcuda.so.1: cannot open shared object file: No such file or directory (ignored)
[cmp221.ethernet.delftblue:1461815] mca_base_component_repository_open: unable to open mca_rcache_rgpusm: libcuda.so.1: cannot open shared object file: No such file or directory (ignored)
[cmp221.ethernet.delftblue:1461814] mca_base_component_repository_open: unable to open mca_rcache_gpusm: libcuda.so.1: cannot open shared object file: No such file or directory (ignored)
[cmp221.ethernet.delftblue:1461815] mca_base_component_repository_open: unable to open mca_btl_smcuda: libcuda.so.1: cannot open shared object file: No such file or directory (ignored)
[cmp221.ethernet.delftblue:1461824] mca_base_component_repository_open: unable to open mca_rcache_gpusm: libcuda.so.1: cannot open shared object file: No such file or directory (ignored)
[cmp221.ethernet.delftblue:1461825] mca_base_component_repository_open: unable to open mca_rcache_gpusm: libcuda.so.1: cannot open shared object file: No such file or directory (ignored)
[cmp221.ethernet.delftblue:1461814] mca_base_component_repository_open: unable to open mca_rcache_rgpusm: libcuda.so.1: cannot open shared object file: No such file or directory (ignored)
[cmp221.ethernet.delftblue:1461824] mca_base_component_repository_open: unable to open mca_rcache_rgpusm: libcuda.so.1: cannot open shared object file: No such file or directory (ignored)
[cmp221.ethernet.delftblue:1461825] mca_base_component_repository_open: unable to open mca_rcache_rgpusm: libcuda.so.1: cannot open shared object file: No such file or directory (ignored)
[cmp221.ethernet.delftblue:1461814] mca_base_component_repository_open: unable to open mca_btl_smcuda: libcuda.so.1: cannot open shared object file: No such file or directory (ignored)
[cmp221.ethernet.delftblue:1461824] mca_base_component_repository_open: unable to open mca_btl_smcuda: libcuda.so.1: cannot open shared object file: No such file or directory (ignored)
[cmp221.ethernet.delftblue:1461825] mca_base_component_repository_open: unable to open mca_btl_smcuda: libcuda.so.1: cannot open shared object file: No such file or directory (ignored)
[cmp221.ethernet.delftblue:1461817] mca_base_component_repository_open: unable to open mca_rcache_gpusm: libcuda.so.1: cannot open shared object file: No such file or directory (ignored)
[cmp221.ethernet.delftblue:1461817] mca_base_component_repository_open: unable to open mca_rcache_rgpusm: libcuda.so.1: cannot open shared object file: No such file or directory (ignored)
[cmp221.ethernet.delftblue:1461817] mca_base_component_repository_open: unable to open mca_btl_smcuda: libcuda.so.1: cannot open shared object file: No such file or directory (ignored)
[cmp221.ethernet.delftblue:1461811] mca_base_component_repository_open: unable to open mca_rcache_gpusm: libcuda.so.1: cannot open shared object file: No such file or directory (ignored)
[cmp221.ethernet.delftblue:1461818] mca_base_component_repository_open: unable to open mca_btl_smcuda: libcuda.so.1: cannot open shared object file: No such file or directory (ignored)
[cmp221.ethernet.delftblue:1461811] mca_base_component_repository_open: unable to open mca_rcache_rgpusm: libcuda.so.1: cannot open shared object file: No such file or directory (ignored)
[cmp221.ethernet.delftblue:1461811] mca_base_component_repository_open: unable to open mca_btl_smcuda: libcuda.so.1: cannot open shared object file: No such file or directory (ignored)
[cmp221.ethernet.delftblue:1462004] mca_base_component_repository_open: unable to open mca_accelerator_cuda: libcuda.so.1: cannot open shared object file: No such file or directory (ignored)
[cmp221.ethernet.delftblue:1462004] mca_base_component_repository_open: unable to open mca_rcache_gpusm: libcuda.so.1: cannot open shared object file: No such file or directory (ignored)
[cmp221.ethernet.delftblue:1462004] mca_base_component_repository_open: unable to open mca_rcache_rgpusm: libcuda.so.1: cannot open shared object file: No such file or directory (ignored)
[cmp221.ethernet.delftblue:1462004] mca_base_component_repository_open: unable to open mca_btl_smcuda: libcuda.so.1: cannot open shared object file: No such file or directory (ignored)
[cmp221.ethernet.delftblue:1462048] mca_base_component_repository_open: unable to open mca_accelerator_cuda: libcuda.so.1: cannot open shared object file: No such file or directory (ignored)
[cmp221.ethernet.delftblue:1462047] mca_base_component_repository_open: unable to open mca_accelerator_cuda: libcuda.so.1: cannot open shared object file: No such file or directory (ignored)
[cmp221.ethernet.delftblue:1462048] mca_base_component_repository_open: unable to open mca_rcache_gpusm: libcuda.so.1: cannot open shared object file: No such file or directory (ignored)
[cmp221.ethernet.delftblue:1462048] mca_base_component_repository_open: unable to open mca_rcache_rgpusm: libcuda.so.1: cannot open shared object file: No such file or directory (ignored)
[cmp221.ethernet.delftblue:1462048] mca_base_component_repository_open: unable to open mca_btl_smcuda: libcuda.so.1: cannot open shared object file: No such file or directory (ignored)
[cmp221.ethernet.delftblue:1462047] mca_base_component_repository_open: unable to open mca_rcache_gpusm: libcuda.so.1: cannot open shared object file: No such file or directory (ignored)
[cmp221.ethernet.delftblue:1462047] mca_base_component_repository_open: unable to open mca_rcache_rgpusm: libcuda.so.1: cannot open shared object file: No such file or directory (ignored)
[cmp221.ethernet.delftblue:1462047] mca_base_component_repository_open: unable to open mca_btl_smcuda: libcuda.so.1: cannot open shared object file: No such file or directory (ignored)
[cmp221.ethernet.delftblue:1462102] mca_base_component_repository_open: unable to open mca_accelerator_cuda: libcuda.so.1: cannot open shared object file: No such file or directory (ignored)
[cmp221.ethernet.delftblue:1462101] mca_base_component_repository_open: unable to open mca_accelerator_cuda: libcuda.so.1: cannot open shared object file: No such file or directory (ignored)
[cmp221.ethernet.delftblue:1462099] mca_base_component_repository_open: unable to open mca_accelerator_cuda: libcuda.so.1: cannot open shared object file: No such file or directory (ignored)
[cmp221.ethernet.delftblue:1462100] mca_base_component_repository_open: unable to open mca_accelerator_cuda: libcuda.so.1: cannot open shared object file: No such file or directory (ignored)
[cmp221.ethernet.delftblue:1462102] mca_base_component_repository_open: unable to open mca_rcache_gpusm: libcuda.so.1: cannot open shared object file: No such file or directory (ignored)
[cmp221.ethernet.delftblue:1462102] mca_base_component_repository_open: unable to open mca_rcache_rgpusm: libcuda.so.1: cannot open shared object file: No such file or directory (ignored)
[cmp221.ethernet.delftblue:1462102] mca_base_component_repository_open: unable to open mca_btl_smcuda: libcuda.so.1: cannot open shared object file: No such file or directory (ignored)
[cmp221.ethernet.delftblue:1462101] mca_base_component_repository_open: unable to open mca_rcache_gpusm: libcuda.so.1: cannot open shared object file: No such file or directory (ignored)
[cmp221.ethernet.delftblue:1462101] mca_base_component_repository_open: unable to open mca_rcache_rgpusm: libcuda.so.1: cannot open shared object file: No such file or directory (ignored)
[cmp221.ethernet.delftblue:1462101] mca_base_component_repository_open: unable to open mca_btl_smcuda: libcuda.so.1: cannot open shared object file: No such file or directory (ignored)
[cmp221.ethernet.delftblue:1462099] mca_base_component_repository_open: unable to open mca_rcache_gpusm: libcuda.so.1: cannot open shared object file: No such file or directory (ignored)
[cmp221.ethernet.delftblue:1462099] mca_base_component_repository_open: unable to open mca_rcache_rgpusm: libcuda.so.1: cannot open shared object file: No such file or directory (ignored)
[cmp221.ethernet.delftblue:1462099] mca_base_component_repository_open: unable to open mca_btl_smcuda: libcuda.so.1: cannot open shared object file: No such file or directory (ignored)
[cmp221.ethernet.delftblue:1462100] mca_base_component_repository_open: unable to open mca_rcache_gpusm: libcuda.so.1: cannot open shared object file: No such file or directory (ignored)
[cmp221.ethernet.delftblue:1462100] mca_base_component_repository_open: unable to open mca_rcache_rgpusm: libcuda.so.1: cannot open shared object file: No such file or directory (ignored)
[cmp221.ethernet.delftblue:1462100] mca_base_component_repository_open: unable to open mca_btl_smcuda: libcuda.so.1: cannot open shared object file: No such file or directory (ignored)
[cmp221.ethernet.delftblue:1462176] mca_base_component_repository_open: unable to open mca_accelerator_cuda: libcuda.so.1: cannot open shared object file: No such file or directory (ignored)
[cmp221.ethernet.delftblue:1462179] mca_base_component_repository_open: unable to open mca_accelerator_cuda: libcuda.so.1: cannot open shared object file: No such file or directory (ignored)
[cmp221.ethernet.delftblue:1462177] mca_base_component_repository_open: unable to open mca_accelerator_cuda: libcuda.so.1: cannot open shared object file: No such file or directory (ignored)
[cmp221.ethernet.delftblue:1462175] mca_base_component_repository_open: unable to open mca_accelerator_cuda: libcuda.so.1: cannot open shared object file: No such file or directory (ignored)
[cmp221.ethernet.delftblue:1462178] mca_base_component_repository_open: unable to open mca_accelerator_cuda: libcuda.so.1: cannot open shared object file: No such file or directory (ignored)
[cmp221.ethernet.delftblue:1462174] mca_base_component_repository_open: unable to open mca_accelerator_cuda: libcuda.so.1: cannot open shared object file: No such file or directory (ignored)
[cmp221.ethernet.delftblue:1462176] mca_base_component_repository_open: unable to open mca_rcache_gpusm: libcuda.so.1: cannot open shared object file: No such file or directory (ignored)
[cmp221.ethernet.delftblue:1462176] mca_base_component_repository_open: unable to open mca_rcache_rgpusm: libcuda.so.1: cannot open shared object file: No such file or directory (ignored)
[cmp221.ethernet.delftblue:1462176] mca_base_component_repository_open: unable to open mca_btl_smcuda: libcuda.so.1: cannot open shared object file: No such file or directory (ignored)
[cmp221.ethernet.delftblue:1462179] mca_base_component_repository_open: unable to open mca_rcache_gpusm: libcuda.so.1: cannot open shared object file: No such file or directory (ignored)
[cmp221.ethernet.delftblue:1462179] mca_base_component_repository_open: unable to open mca_rcache_rgpusm: libcuda.so.1: cannot open shared object file: No such file or directory (ignored)
[cmp221.ethernet.delftblue:1462175] mca_base_component_repository_open: unable to open mca_rcache_gpusm: libcuda.so.1: cannot open shared object file: No such file or directory (ignored)
[cmp221.ethernet.delftblue:1462179] mca_base_component_repository_open: unable to open mca_btl_smcuda: libcuda.so.1: cannot open shared object file: No such file or directory (ignored)
[cmp221.ethernet.delftblue:1462178] mca_base_component_repository_open: unable to open mca_rcache_gpusm: libcuda.so.1: cannot open shared object file: No such file or directory (ignored)
[cmp221.ethernet.delftblue:1462175] mca_base_component_repository_open: unable to open mca_rcache_rgpusm: libcuda.so.1: cannot open shared object file: No such file or directory (ignored)
[cmp221.ethernet.delftblue:1462174] mca_base_component_repository_open: unable to open mca_rcache_gpusm: libcuda.so.1: cannot open shared object file: No such file or directory (ignored)
[cmp221.ethernet.delftblue:1462177] mca_base_component_repository_open: unable to open mca_rcache_gpusm: libcuda.so.1: cannot open shared object file: No such file or directory (ignored)
[cmp221.ethernet.delftblue:1462178] mca_base_component_repository_open: unable to open mca_rcache_rgpusm: libcuda.so.1: cannot open shared object file: No such file or directory (ignored)
[cmp221.ethernet.delftblue:1462175] mca_base_component_repository_open: unable to open mca_btl_smcuda: libcuda.so.1: cannot open shared object file: No such file or directory (ignored)
[cmp221.ethernet.delftblue:1462174] mca_base_component_repository_open: unable to open mca_rcache_rgpusm: libcuda.so.1: cannot open shared object file: No such file or directory (ignored)
[cmp221.ethernet.delftblue:1462178] mca_base_component_repository_open: unable to open mca_btl_smcuda: libcuda.so.1: cannot open shared object file: No such file or directory (ignored)
[cmp221.ethernet.delftblue:1462174] mca_base_component_repository_open: unable to open mca_btl_smcuda: libcuda.so.1: cannot open shared object file: No such file or directory (ignored)
[cmp221.ethernet.delftblue:1462177] mca_base_component_repository_open: unable to open mca_rcache_rgpusm: libcuda.so.1: cannot open shared object file: No such file or directory (ignored)
[cmp221.ethernet.delftblue:1462177] mca_base_component_repository_open: unable to open mca_btl_smcuda: libcuda.so.1: cannot open shared object file: No such file or directory (ignored)
[cmp221.ethernet.delftblue:1462268] mca_base_component_repository_open: unable to open mca_accelerator_cuda: libcuda.so.1: cannot open shared object file: No such file or directory (ignored)
[cmp221.ethernet.delftblue:1462272] mca_base_component_repository_open: unable to open mca_accelerator_cuda: libcuda.so.1: cannot open shared object file: No such file or directory (ignored)
[cmp221.ethernet.delftblue:1462274] mca_base_component_repository_open: unable to open mca_accelerator_cuda: libcuda.so.1: cannot open shared object file: No such file or directory (ignored)
[cmp221.ethernet.delftblue:1462273] mca_base_component_repository_open: unable to open mca_accelerator_cuda: libcuda.so.1: cannot open shared object file: No such file or directory (ignored)
[cmp221.ethernet.delftblue:1462267] mca_base_component_repository_open: unable to open mca_accelerator_cuda: libcuda.so.1: cannot open shared object file: No such file or directory (ignored)
[cmp221.ethernet.delftblue:1462269] mca_base_component_repository_open: unable to open mca_accelerator_cuda: libcuda.so.1: cannot open shared object file: No such file or directory (ignored)
[cmp221.ethernet.delftblue:1462271] mca_base_component_repository_open: unable to open mca_accelerator_cuda: libcuda.so.1: cannot open shared object file: No such file or directory (ignored)
[cmp221.ethernet.delftblue:1462270] mca_base_component_repository_open: unable to open mca_accelerator_cuda: libcuda.so.1: cannot open shared object file: No such file or directory (ignored)
[cmp221.ethernet.delftblue:1462272] mca_base_component_repository_open: unable to open mca_rcache_gpusm: libcuda.so.1: cannot open shared object file: No such file or directory (ignored)
[cmp221.ethernet.delftblue:1462272] mca_base_component_repository_open: unable to open mca_rcache_rgpusm: libcuda.so.1: cannot open shared object file: No such file or directory (ignored)
[cmp221.ethernet.delftblue:1462272] mca_base_component_repository_open: unable to open mca_btl_smcuda: libcuda.so.1: cannot open shared object file: No such file or directory (ignored)
[cmp221.ethernet.delftblue:1462268] mca_base_component_repository_open: unable to open mca_rcache_gpusm: libcuda.so.1: cannot open shared object file: No such file or directory (ignored)
[cmp221.ethernet.delftblue:1462268] mca_base_component_repository_open: unable to open mca_rcache_rgpusm: libcuda.so.1: cannot open shared object file: No such file or directory (ignored)
[cmp221.ethernet.delftblue:1462268] mca_base_component_repository_open: unable to open mca_btl_smcuda: libcuda.so.1: cannot open shared object file: No such file or directory (ignored)
[cmp221.ethernet.delftblue:1462274] mca_base_component_repository_open: unable to open mca_rcache_gpusm: libcuda.so.1: cannot open shared object file: No such file or directory (ignored)
[cmp221.ethernet.delftblue:1462274] mca_base_component_repository_open: unable to open mca_rcache_rgpusm: libcuda.so.1: cannot open shared object file: No such file or directory (ignored)
[cmp221.ethernet.delftblue:1462274] mca_base_component_repository_open: unable to open mca_btl_smcuda: libcuda.so.1: cannot open shared object file: No such file or directory (ignored)
[cmp221.ethernet.delftblue:1462273] mca_base_component_repository_open: unable to open mca_rcache_gpusm: libcuda.so.1: cannot open shared object file: No such file or directory (ignored)
[cmp221.ethernet.delftblue:1462273] mca_base_component_repository_open: unable to open mca_rcache_rgpusm: libcuda.so.1: cannot open shared object file: No such file or directory (ignored)
[cmp221.ethernet.delftblue:1462273] mca_base_component_repository_open: unable to open mca_btl_smcuda: libcuda.so.1: cannot open shared object file: No such file or directory (ignored)
[cmp221.ethernet.delftblue:1462267] mca_base_component_repository_open: unable to open mca_rcache_gpusm: libcuda.so.1: cannot open shared object file: No such file or directory (ignored)
[cmp221.ethernet.delftblue:1462269] mca_base_component_repository_open: unable to open mca_rcache_gpusm: libcuda.so.1: cannot open shared object file: No such file or directory (ignored)
[cmp221.ethernet.delftblue:1462267] mca_base_component_repository_open: unable to open mca_rcache_rgpusm: libcuda.so.1: cannot open shared object file: No such file or directory (ignored)
[cmp221.ethernet.delftblue:1462270] mca_base_component_repository_open: unable to open mca_rcache_gpusm: libcuda.so.1: cannot open shared object file: No such file or directory (ignored)
[cmp221.ethernet.delftblue:1462269] mca_base_component_repository_open: unable to open mca_rcache_rgpusm: libcuda.so.1: cannot open shared object file: No such file or directory (ignored)
[cmp221.ethernet.delftblue:1462267] mca_base_component_repository_open: unable to open mca_btl_smcuda: libcuda.so.1: cannot open shared object file: No such file or directory (ignored)
[cmp221.ethernet.delftblue:1462270] mca_base_component_repository_open: unable to open mca_rcache_rgpusm: libcuda.so.1: cannot open shared object file: No such file or directory (ignored)
[cmp221.ethernet.delftblue:1462269] mca_base_component_repository_open: unable to open mca_btl_smcuda: libcuda.so.1: cannot open shared object file: No such file or directory (ignored)
[cmp221.ethernet.delftblue:1462270] mca_base_component_repository_open: unable to open mca_btl_smcuda: libcuda.so.1: cannot open shared object file: No such file or directory (ignored)
[cmp221.ethernet.delftblue:1462271] mca_base_component_repository_open: unable to open mca_rcache_gpusm: libcuda.so.1: cannot open shared object file: No such file or directory (ignored)
[cmp221.ethernet.delftblue:1462271] mca_base_component_repository_open: unable to open mca_rcache_rgpusm: libcuda.so.1: cannot open shared object file: No such file or directory (ignored)
[cmp221.ethernet.delftblue:1462271] mca_base_component_repository_open: unable to open mca_btl_smcuda: libcuda.so.1: cannot open shared object file: No such file or directory (ignored)
[cmp221.ethernet.delftblue:1462383] mca_base_component_repository_open: unable to open mca_accelerator_cuda: libcuda.so.1: cannot open shared object file: No such file or directory (ignored)
[cmp221.ethernet.delftblue:1462387] mca_base_component_repository_open: unable to open mca_accelerator_cuda: libcuda.so.1: cannot open shared object file: No such file or directory (ignored)
[cmp221.ethernet.delftblue:1462388] mca_base_component_repository_open: unable to open mca_accelerator_cuda: libcuda.so.1: cannot open shared object file: No such file or directory (ignored)
[cmp221.ethernet.delftblue:1462384] mca_base_component_repository_open: unable to open mca_accelerator_cuda: libcuda.so.1: cannot open shared object file: No such file or directory (ignored)
[cmp221.ethernet.delftblue:1462390] mca_base_component_repository_open: unable to open mca_accelerator_cuda: libcuda.so.1: cannot open shared object file: No such file or directory (ignored)
[cmp221.ethernet.delftblue:1462382] mca_base_component_repository_open: unable to open mca_accelerator_cuda: libcuda.so.1: cannot open shared object file: No such file or directory (ignored)
[cmp221.ethernet.delftblue:1462385] mca_base_component_repository_open: unable to open mca_accelerator_cuda: libcuda.so.1: cannot open shared object file: No such file or directory (ignored)
[cmp221.ethernet.delftblue:1462386] mca_base_component_repository_open: unable to open mca_accelerator_cuda: libcuda.so.1: cannot open shared object file: No such file or directory (ignored)
[cmp221.ethernet.delftblue:1462381] mca_base_component_repository_open: unable to open mca_accelerator_cuda: libcuda.so.1: cannot open shared object file: No such file or directory (ignored)
[cmp221.ethernet.delftblue:1462389] mca_base_component_repository_open: unable to open mca_accelerator_cuda: libcuda.so.1: cannot open shared object file: No such file or directory (ignored)
[cmp221.ethernet.delftblue:1462383] mca_base_component_repository_open: unable to open mca_rcache_gpusm: libcuda.so.1: cannot open shared object file: No such file or directory (ignored)
[cmp221.ethernet.delftblue:1462383] mca_base_component_repository_open: unable to open mca_rcache_rgpusm: libcuda.so.1: cannot open shared object file: No such file or directory (ignored)
[cmp221.ethernet.delftblue:1462383] mca_base_component_repository_open: unable to open mca_btl_smcuda: libcuda.so.1: cannot open shared object file: No such file or directory (ignored)
[cmp221.ethernet.delftblue:1462387] mca_base_component_repository_open: unable to open mca_rcache_gpusm: libcuda.so.1: cannot open shared object file: No such file or directory (ignored)
[cmp221.ethernet.delftblue:1462387] mca_base_component_repository_open: unable to open mca_rcache_rgpusm: libcuda.so.1: cannot open shared object file: No such file or directory (ignored)
[cmp221.ethernet.delftblue:1462387] mca_base_component_repository_open: unable to open mca_btl_smcuda: libcuda.so.1: cannot open shared object file: No such file or directory (ignored)
[cmp221.ethernet.delftblue:1462388] mca_base_component_repository_open: unable to open mca_rcache_gpusm: libcuda.so.1: cannot open shared object file: No such file or directory (ignored)
[cmp221.ethernet.delftblue:1462388] mca_base_component_repository_open: unable to open mca_rcache_rgpusm: libcuda.so.1: cannot open shared object file: No such file or directory (ignored)
[cmp221.ethernet.delftblue:1462388] mca_base_component_repository_open: unable to open mca_btl_smcuda: libcuda.so.1: cannot open shared object file: No such file or directory (ignored)
[cmp221.ethernet.delftblue:1462384] mca_base_component_repository_open: unable to open mca_rcache_gpusm: libcuda.so.1: cannot open shared object file: No such file or directory (ignored)
[cmp221.ethernet.delftblue:1462384] mca_base_component_repository_open: unable to open mca_rcache_rgpusm: libcuda.so.1: cannot open shared object file: No such file or directory (ignored)
[cmp221.ethernet.delftblue:1462384] mca_base_component_repository_open: unable to open mca_btl_smcuda: libcuda.so.1: cannot open shared object file: No such file or directory (ignored)
[cmp221.ethernet.delftblue:1462390] mca_base_component_repository_open: unable to open mca_rcache_gpusm: libcuda.so.1: cannot open shared object file: No such file or directory (ignored)
[cmp221.ethernet.delftblue:1462390] mca_base_component_repository_open: unable to open mca_rcache_rgpusm: libcuda.so.1: cannot open shared object file: No such file or directory (ignored)
[cmp221.ethernet.delftblue:1462390] mca_base_component_repository_open: unable to open mca_btl_smcuda: libcuda.so.1: cannot open shared object file: No such file or directory (ignored)
[cmp221.ethernet.delftblue:1462389] mca_base_component_repository_open: unable to open mca_rcache_gpusm: libcuda.so.1: cannot open shared object file: No such file or directory (ignored)
[cmp221.ethernet.delftblue:1462385] mca_base_component_repository_open: unable to open mca_rcache_gpusm: libcuda.so.1: cannot open shared object file: No such file or directory (ignored)
[cmp221.ethernet.delftblue:1462389] mca_base_component_repository_open: unable to open mca_rcache_rgpusm: libcuda.so.1: cannot open shared object file: No such file or directory (ignored)
[cmp221.ethernet.delftblue:1462385] mca_base_component_repository_open: unable to open mca_rcache_rgpusm: libcuda.so.1: cannot open shared object file: No such file or directory (ignored)
[cmp221.ethernet.delftblue:1462381] mca_base_component_repository_open: unable to open mca_rcache_gpusm: libcuda.so.1: cannot open shared object file: No such file or directory (ignored)
[cmp221.ethernet.delftblue:1462389] mca_base_component_repository_open: unable to open mca_btl_smcuda: libcuda.so.1: cannot open shared object file: No such file or directory (ignored)
[cmp221.ethernet.delftblue:1462385] mca_base_component_repository_open: unable to open mca_btl_smcuda: libcuda.so.1: cannot open shared object file: No such file or directory (ignored)
[cmp221.ethernet.delftblue:1462381] mca_base_component_repository_open: unable to open mca_rcache_rgpusm: libcuda.so.1: cannot open shared object file: No such file or directory (ignored)
[cmp221.ethernet.delftblue:1462381] mca_base_component_repository_open: unable to open mca_btl_smcuda: libcuda.so.1: cannot open shared object file: No such file or directory (ignored)
[cmp221.ethernet.delftblue:1462386] mca_base_component_repository_open: unable to open mca_rcache_gpusm: libcuda.so.1: cannot open shared object file: No such file or directory (ignored)
[cmp221.ethernet.delftblue:1462382] mca_base_component_repository_open: unable to open mca_rcache_gpusm: libcuda.so.1: cannot open shared object file: No such file or directory (ignored)
[cmp221.ethernet.delftblue:1462386] mca_base_component_repository_open: unable to open mca_rcache_rgpusm: libcuda.so.1: cannot open shared object file: No such file or directory (ignored)
[cmp221.ethernet.delftblue:1462382] mca_base_component_repository_open: unable to open mca_rcache_rgpusm: libcuda.so.1: cannot open shared object file: No such file or directory (ignored)
[cmp221.ethernet.delftblue:1462386] mca_base_component_repository_open: unable to open mca_btl_smcuda: libcuda.so.1: cannot open shared object file: No such file or directory (ignored)
[cmp221.ethernet.delftblue:1462382] mca_base_component_repository_open: unable to open mca_btl_smcuda: libcuda.so.1: cannot open shared object file: No such file or directory (ignored)
[cmp221.ethernet.delftblue:1462518] mca_base_component_repository_open: unable to open mca_accelerator_cuda: libcuda.so.1: cannot open shared object file: No such file or directory (ignored)
[cmp221.ethernet.delftblue:1462524] mca_base_component_repository_open: unable to open mca_accelerator_cuda: libcuda.so.1: cannot open shared object file: No such file or directory (ignored)
[cmp221.ethernet.delftblue:1462523] mca_base_component_repository_open: unable to open mca_accelerator_cuda: libcuda.so.1: cannot open shared object file: No such file or directory (ignored)
[cmp221.ethernet.delftblue:1462520] mca_base_component_repository_open: unable to open mca_accelerator_cuda: libcuda.so.1: cannot open shared object file: No such file or directory (ignored)
[cmp221.ethernet.delftblue:1462519] mca_base_component_repository_open: unable to open mca_accelerator_cuda: libcuda.so.1: cannot open shared object file: No such file or directory (ignored)
[cmp221.ethernet.delftblue:1462525] mca_base_component_repository_open: unable to open mca_accelerator_cuda: libcuda.so.1: cannot open shared object file: No such file or directory (ignored)
[cmp221.ethernet.delftblue:1462522] mca_base_component_repository_open: unable to open mca_accelerator_cuda: libcuda.so.1: cannot open shared object file: No such file or directory (ignored)
[cmp221.ethernet.delftblue:1462515] mca_base_component_repository_open: unable to open mca_accelerator_cuda: libcuda.so.1: cannot open shared object file: No such file or directory (ignored)
[cmp221.ethernet.delftblue:1462521] mca_base_component_repository_open: unable to open mca_accelerator_cuda: libcuda.so.1: cannot open shared object file: No such file or directory (ignored)
[cmp221.ethernet.delftblue:1462516] mca_base_component_repository_open: unable to open mca_accelerator_cuda: libcuda.so.1: cannot open shared object file: No such file or directory (ignored)
[cmp221.ethernet.delftblue:1462514] mca_base_component_repository_open: unable to open mca_accelerator_cuda: libcuda.so.1: cannot open shared object file: No such file or directory (ignored)
[cmp221.ethernet.delftblue:1462513] mca_base_component_repository_open: unable to open mca_accelerator_cuda: libcuda.so.1: cannot open shared object file: No such file or directory (ignored)
[cmp221.ethernet.delftblue:1462518] mca_base_component_repository_open: unable to open mca_rcache_gpusm: libcuda.so.1: cannot open shared object file: No such file or directory (ignored)
[cmp221.ethernet.delftblue:1462518] mca_base_component_repository_open: unable to open mca_rcache_rgpusm: libcuda.so.1: cannot open shared object file: No such file or directory (ignored)
[cmp221.ethernet.delftblue:1462518] mca_base_component_repository_open: unable to open mca_btl_smcuda: libcuda.so.1: cannot open shared object file: No such file or directory (ignored)
[cmp221.ethernet.delftblue:1462524] mca_base_component_repository_open: unable to open mca_rcache_gpusm: libcuda.so.1: cannot open shared object file: No such file or directory (ignored)
[cmp221.ethernet.delftblue:1462525] mca_base_component_repository_open: unable to open mca_rcache_gpusm: libcuda.so.1: cannot open shared object file: No such file or directory (ignored)
[cmp221.ethernet.delftblue:1462523] mca_base_component_repository_open: unable to open mca_rcache_gpusm: libcuda.so.1: cannot open shared object file: No such file or directory (ignored)
[cmp221.ethernet.delftblue:1462524] mca_base_component_repository_open: unable to open mca_rcache_rgpusm: libcuda.so.1: cannot open shared object file: No such file or directory (ignored)
[cmp221.ethernet.delftblue:1462525] mca_base_component_repository_open: unable to open mca_rcache_rgpusm: libcuda.so.1: cannot open shared object file: No such file or directory (ignored)
[cmp221.ethernet.delftblue:1462523] mca_base_component_repository_open: unable to open mca_rcache_rgpusm: libcuda.so.1: cannot open shared object file: No such file or directory (ignored)
[cmp221.ethernet.delftblue:1462524] mca_base_component_repository_open: unable to open mca_btl_smcuda: libcuda.so.1: cannot open shared object file: No such file or directory (ignored)
[cmp221.ethernet.delftblue:1462525] mca_base_component_repository_open: unable to open mca_btl_smcuda: libcuda.so.1: cannot open shared object file: No such file or directory (ignored)
[cmp221.ethernet.delftblue:1462523] mca_base_component_repository_open: unable to open mca_btl_smcuda: libcuda.so.1: cannot open shared object file: No such file or directory (ignored)
[cmp221.ethernet.delftblue:1462519] mca_base_component_repository_open: unable to open mca_rcache_gpusm: libcuda.so.1: cannot open shared object file: No such file or directory (ignored)
[cmp221.ethernet.delftblue:1462519] mca_base_component_repository_open: unable to open mca_rcache_rgpusm: libcuda.so.1: cannot open shared object file: No such file or directory (ignored)
[cmp221.ethernet.delftblue:1462519] mca_base_component_repository_open: unable to open mca_btl_smcuda: libcuda.so.1: cannot open shared object file: No such file or directory (ignored)
[cmp221.ethernet.delftblue:1462522] mca_base_component_repository_open: unable to open mca_rcache_gpusm: libcuda.so.1: cannot open shared object file: No such file or directory (ignored)
[cmp221.ethernet.delftblue:1462520] mca_base_component_repository_open: unable to open mca_rcache_gpusm: libcuda.so.1: cannot open shared object file: No such file or directory (ignored)
[cmp221.ethernet.delftblue:1462522] mca_base_component_repository_open: unable to open mca_rcache_rgpusm: libcuda.so.1: cannot open shared object file: No such file or directory (ignored)
[cmp221.ethernet.delftblue:1462520] mca_base_component_repository_open: unable to open mca_rcache_rgpusm: libcuda.so.1: cannot open shared object file: No such file or directory (ignored)
[cmp221.ethernet.delftblue:1462522] mca_base_component_repository_open: unable to open mca_btl_smcuda: libcuda.so.1: cannot open shared object file: No such file or directory (ignored)
[cmp221.ethernet.delftblue:1462520] mca_base_component_repository_open: unable to open mca_btl_smcuda: libcuda.so.1: cannot open shared object file: No such file or directory (ignored)
[cmp221.ethernet.delftblue:1462521] mca_base_component_repository_open: unable to open mca_rcache_gpusm: libcuda.so.1: cannot open shared object file: No such file or directory (ignored)
[cmp221.ethernet.delftblue:1462515] mca_base_component_repository_open: unable to open mca_rcache_gpusm: libcuda.so.1: cannot open shared object file: No such file or directory (ignored)
[cmp221.ethernet.delftblue:1462521] mca_base_component_repository_open: unable to open mca_rcache_rgpusm: libcuda.so.1: cannot open shared object file: No such file or directory (ignored)
[cmp221.ethernet.delftblue:1462515] mca_base_component_repository_open: unable to open mca_rcache_rgpusm: libcuda.so.1: cannot open shared object file: No such file or directory (ignored)
[cmp221.ethernet.delftblue:1462521] mca_base_component_repository_open: unable to open mca_btl_smcuda: libcuda.so.1: cannot open shared object file: No such file or directory (ignored)
[cmp221.ethernet.delftblue:1462515] mca_base_component_repository_open: unable to open mca_btl_smcuda: libcuda.so.1: cannot open shared object file: No such file or directory (ignored)
[cmp221.ethernet.delftblue:1462514] mca_base_component_repository_open: unable to open mca_rcache_gpusm: libcuda.so.1: cannot open shared object file: No such file or directory (ignored)
[cmp221.ethernet.delftblue:1462514] mca_base_component_repository_open: unable to open mca_rcache_rgpusm: libcuda.so.1: cannot open shared object file: No such file or directory (ignored)
[cmp221.ethernet.delftblue:1462516] mca_base_component_repository_open: unable to open mca_rcache_gpusm: libcuda.so.1: cannot open shared object file: No such file or directory (ignored)
[cmp221.ethernet.delftblue:1462513] mca_base_component_repository_open: unable to open mca_rcache_gpusm: libcuda.so.1: cannot open shared object file: No such file or directory (ignored)
[cmp221.ethernet.delftblue:1462514] mca_base_component_repository_open: unable to open mca_btl_smcuda: libcuda.so.1: cannot open shared object file: No such file or directory (ignored)
[cmp221.ethernet.delftblue:1462516] mca_base_component_repository_open: unable to open mca_rcache_rgpusm: libcuda.so.1: cannot open shared object file: No such file or directory (ignored)
[cmp221.ethernet.delftblue:1462513] mca_base_component_repository_open: unable to open mca_rcache_rgpusm: libcuda.so.1: cannot open shared object file: No such file or directory (ignored)
[cmp221.ethernet.delftblue:1462516] mca_base_component_repository_open: unable to open mca_btl_smcuda: libcuda.so.1: cannot open shared object file: No such file or directory (ignored)
[cmp221.ethernet.delftblue:1462513] mca_base_component_repository_open: unable to open mca_btl_smcuda: libcuda.so.1: cannot open shared object file: No such file or directory (ignored)
[cmp221.ethernet.delftblue:1462676] mca_base_component_repository_open: unable to open mca_accelerator_cuda: libcuda.so.1: cannot open shared object file: No such file or directory (ignored)
[cmp221.ethernet.delftblue:1462674] mca_base_component_repository_open: unable to open mca_accelerator_cuda: libcuda.so.1: cannot open shared object file: No such file or directory (ignored)
[cmp221.ethernet.delftblue:1462672] mca_base_component_repository_open: unable to open mca_accelerator_cuda: libcuda.so.1: cannot open shared object file: No such file or directory (ignored)
[cmp221.ethernet.delftblue:1462677] mca_base_component_repository_open: unable to open mca_accelerator_cuda: libcuda.so.1: cannot open shared object file: No such file or directory (ignored)
[cmp221.ethernet.delftblue:1462675] mca_base_component_repository_open: unable to open mca_accelerator_cuda: libcuda.so.1: cannot open shared object file: No such file or directory (ignored)
[cmp221.ethernet.delftblue:1462668] mca_base_component_repository_open: unable to open mca_accelerator_cuda: libcuda.so.1: cannot open shared object file: No such file or directory (ignored)
[cmp221.ethernet.delftblue:1462669] mca_base_component_repository_open: unable to open mca_accelerator_cuda: libcuda.so.1: cannot open shared object file: No such file or directory (ignored)
[cmp221.ethernet.delftblue:1462680] mca_base_component_repository_open: unable to open mca_accelerator_cuda: libcuda.so.1: cannot open shared object file: No such file or directory (ignored)
[cmp221.ethernet.delftblue:1462678] mca_base_component_repository_open: unable to open mca_accelerator_cuda: libcuda.so.1: cannot open shared object file: No such file or directory (ignored)
[cmp221.ethernet.delftblue:1462676] mca_base_component_repository_open: unable to open mca_rcache_gpusm: libcuda.so.1: cannot open shared object file: No such file or directory (ignored)
[cmp221.ethernet.delftblue:1462673] mca_base_component_repository_open: unable to open mca_accelerator_cuda: libcuda.so.1: cannot open shared object file: No such file or directory (ignored)
[cmp221.ethernet.delftblue:1462676] mca_base_component_repository_open: unable to open mca_rcache_rgpusm: libcuda.so.1: cannot open shared object file: No such file or directory (ignored)
[cmp221.ethernet.delftblue:1462676] mca_base_component_repository_open: unable to open mca_btl_smcuda: libcuda.so.1: cannot open shared object file: No such file or directory (ignored)
[cmp221.ethernet.delftblue:1462671] mca_base_component_repository_open: unable to open mca_accelerator_cuda: libcuda.so.1: cannot open shared object file: No such file or directory (ignored)
[cmp221.ethernet.delftblue:1462670] mca_base_component_repository_open: unable to open mca_accelerator_cuda: libcuda.so.1: cannot open shared object file: No such file or directory (ignored)
[cmp221.ethernet.delftblue:1462667] mca_base_component_repository_open: unable to open mca_accelerator_cuda: libcuda.so.1: cannot open shared object file: No such file or directory (ignored)
[cmp221.ethernet.delftblue:1462679] mca_base_component_repository_open: unable to open mca_accelerator_cuda: libcuda.so.1: cannot open shared object file: No such file or directory (ignored)
[cmp221.ethernet.delftblue:1462674] mca_base_component_repository_open: unable to open mca_rcache_gpusm: libcuda.so.1: cannot open shared object file: No such file or directory (ignored)
[cmp221.ethernet.delftblue:1462674] mca_base_component_repository_open: unable to open mca_rcache_rgpusm: libcuda.so.1: cannot open shared object file: No such file or directory (ignored)
[cmp221.ethernet.delftblue:1462674] mca_base_component_repository_open: unable to open mca_btl_smcuda: libcuda.so.1: cannot open shared object file: No such file or directory (ignored)
[cmp221.ethernet.delftblue:1462672] mca_base_component_repository_open: unable to open mca_rcache_gpusm: libcuda.so.1: cannot open shared object file: No such file or directory (ignored)
[cmp221.ethernet.delftblue:1462677] mca_base_component_repository_open: unable to open mca_rcache_gpusm: libcuda.so.1: cannot open shared object file: No such file or directory (ignored)
[cmp221.ethernet.delftblue:1462672] mca_base_component_repository_open: unable to open mca_rcache_rgpusm: libcuda.so.1: cannot open shared object file: No such file or directory (ignored)
[cmp221.ethernet.delftblue:1462677] mca_base_component_repository_open: unable to open mca_rcache_rgpusm: libcuda.so.1: cannot open shared object file: No such file or directory (ignored)
[cmp221.ethernet.delftblue:1462672] mca_base_component_repository_open: unable to open mca_btl_smcuda: libcuda.so.1: cannot open shared object file: No such file or directory (ignored)
[cmp221.ethernet.delftblue:1462677] mca_base_component_repository_open: unable to open mca_btl_smcuda: libcuda.so.1: cannot open shared object file: No such file or directory (ignored)
[cmp221.ethernet.delftblue:1462675] mca_base_component_repository_open: unable to open mca_rcache_gpusm: libcuda.so.1: cannot open shared object file: No such file or directory (ignored)
[cmp221.ethernet.delftblue:1462668] mca_base_component_repository_open: unable to open mca_rcache_gpusm: libcuda.so.1: cannot open shared object file: No such file or directory (ignored)
[cmp221.ethernet.delftblue:1462675] mca_base_component_repository_open: unable to open mca_rcache_rgpusm: libcuda.so.1: cannot open shared object file: No such file or directory (ignored)
[cmp221.ethernet.delftblue:1462668] mca_base_component_repository_open: unable to open mca_rcache_rgpusm: libcuda.so.1: cannot open shared object file: No such file or directory (ignored)
[cmp221.ethernet.delftblue:1462675] mca_base_component_repository_open: unable to open mca_btl_smcuda: libcuda.so.1: cannot open shared object file: No such file or directory (ignored)
[cmp221.ethernet.delftblue:1462668] mca_base_component_repository_open: unable to open mca_btl_smcuda: libcuda.so.1: cannot open shared object file: No such file or directory (ignored)
[cmp221.ethernet.delftblue:1462680] mca_base_component_repository_open: unable to open mca_rcache_gpusm: libcuda.so.1: cannot open shared object file: No such file or directory (ignored)
[cmp221.ethernet.delftblue:1462680] mca_base_component_repository_open: unable to open mca_rcache_rgpusm: libcuda.so.1: cannot open shared object file: No such file or directory (ignored)
[cmp221.ethernet.delftblue:1462680] mca_base_component_repository_open: unable to open mca_btl_smcuda: libcuda.so.1: cannot open shared object file: No such file or directory (ignored)
[cmp221.ethernet.delftblue:1462678] mca_base_component_repository_open: unable to open mca_rcache_gpusm: libcuda.so.1: cannot open shared object file: No such file or directory (ignored)
[cmp221.ethernet.delftblue:1462678] mca_base_component_repository_open: unable to open mca_rcache_rgpusm: libcuda.so.1: cannot open shared object file: No such file or directory (ignored)
[cmp221.ethernet.delftblue:1462678] mca_base_component_repository_open: unable to open mca_btl_smcuda: libcuda.so.1: cannot open shared object file: No such file or directory (ignored)
[cmp221.ethernet.delftblue:1462669] mca_base_component_repository_open: unable to open mca_rcache_gpusm: libcuda.so.1: cannot open shared object file: No such file or directory (ignored)
[cmp221.ethernet.delftblue:1462669] mca_base_component_repository_open: unable to open mca_rcache_rgpusm: libcuda.so.1: cannot open shared object file: No such file or directory (ignored)
[cmp221.ethernet.delftblue:1462669] mca_base_component_repository_open: unable to open mca_btl_smcuda: libcuda.so.1: cannot open shared object file: No such file or directory (ignored)
[cmp221.ethernet.delftblue:1462671] mca_base_component_repository_open: unable to open mca_rcache_gpusm: libcuda.so.1: cannot open shared object file: No such file or directory (ignored)
[cmp221.ethernet.delftblue:1462673] mca_base_component_repository_open: unable to open mca_rcache_gpusm: libcuda.so.1: cannot open shared object file: No such file or directory (ignored)
[cmp221.ethernet.delftblue:1462671] mca_base_component_repository_open: unable to open mca_rcache_rgpusm: libcuda.so.1: cannot open shared object file: No such file or directory (ignored)
[cmp221.ethernet.delftblue:1462679] mca_base_component_repository_open: unable to open mca_rcache_gpusm: libcuda.so.1: cannot open shared object file: No such file or directory (ignored)
[cmp221.ethernet.delftblue:1462673] mca_base_component_repository_open: unable to open mca_rcache_rgpusm: libcuda.so.1: cannot open shared object file: No such file or directory (ignored)
[cmp221.ethernet.delftblue:1462679] mca_base_component_repository_open: unable to open mca_rcache_rgpusm: libcuda.so.1: cannot open shared object file: No such file or directory (ignored)
[cmp221.ethernet.delftblue:1462671] mca_base_component_repository_open: unable to open mca_btl_smcuda: libcuda.so.1: cannot open shared object file: No such file or directory (ignored)
[cmp221.ethernet.delftblue:1462667] mca_base_component_repository_open: unable to open mca_rcache_gpusm: libcuda.so.1: cannot open shared object file: No such file or directory (ignored)
[cmp221.ethernet.delftblue:1462670] mca_base_component_repository_open: unable to open mca_rcache_gpusm: libcuda.so.1: cannot open shared object file: No such file or directory (ignored)
[cmp221.ethernet.delftblue:1462673] mca_base_component_repository_open: unable to open mca_btl_smcuda: libcuda.so.1: cannot open shared object file: No such file or directory (ignored)
[cmp221.ethernet.delftblue:1462679] mca_base_component_repository_open: unable to open mca_btl_smcuda: libcuda.so.1: cannot open shared object file: No such file or directory (ignored)
[cmp221.ethernet.delftblue:1462667] mca_base_component_repository_open: unable to open mca_rcache_rgpusm: libcuda.so.1: cannot open shared object file: No such file or directory (ignored)
[cmp221.ethernet.delftblue:1462670] mca_base_component_repository_open: unable to open mca_rcache_rgpusm: libcuda.so.1: cannot open shared object file: No such file or directory (ignored)
[cmp221.ethernet.delftblue:1462667] mca_base_component_repository_open: unable to open mca_btl_smcuda: libcuda.so.1: cannot open shared object file: No such file or directory (ignored)
[cmp221.ethernet.delftblue:1462670] mca_base_component_repository_open: unable to open mca_btl_smcuda: libcuda.so.1: cannot open shared object file: No such file or directory (ignored)
[cmp221.ethernet.delftblue:1462848] mca_base_component_repository_open: unable to open mca_accelerator_cuda: libcuda.so.1: cannot open shared object file: No such file or directory (ignored)
[cmp221.ethernet.delftblue:1462855] mca_base_component_repository_open: unable to open mca_accelerator_cuda: libcuda.so.1: cannot open shared object file: No such file or directory (ignored)
[cmp221.ethernet.delftblue:1462842] mca_base_component_repository_open: unable to open mca_accelerator_cuda: libcuda.so.1: cannot open shared object file: No such file or directory (ignored)
[cmp221.ethernet.delftblue:1462851] mca_base_component_repository_open: unable to open mca_accelerator_cuda: libcuda.so.1: cannot open shared object file: No such file or directory (ignored)
[cmp221.ethernet.delftblue:1462846] mca_base_component_repository_open: unable to open mca_accelerator_cuda: libcuda.so.1: cannot open shared object file: No such file or directory (ignored)
[cmp221.ethernet.delftblue:1462850] mca_base_component_repository_open: unable to open mca_accelerator_cuda: libcuda.so.1: cannot open shared object file: No such file or directory (ignored)
[cmp221.ethernet.delftblue:1462849] mca_base_component_repository_open: unable to open mca_accelerator_cuda: libcuda.so.1: cannot open shared object file: No such file or directory (ignored)
[cmp221.ethernet.delftblue:1462845] mca_base_component_repository_open: unable to open mca_accelerator_cuda: libcuda.so.1: cannot open shared object file: No such file or directory (ignored)
[cmp221.ethernet.delftblue:1462841] mca_base_component_repository_open: unable to open mca_accelerator_cuda: libcuda.so.1: cannot open shared object file: No such file or directory (ignored)
[cmp221.ethernet.delftblue:1462847] mca_base_component_repository_open: unable to open mca_accelerator_cuda: libcuda.so.1: cannot open shared object file: No such file or directory (ignored)
[cmp221.ethernet.delftblue:1462852] mca_base_component_repository_open: unable to open mca_accelerator_cuda: libcuda.so.1: cannot open shared object file: No such file or directory (ignored)
[cmp221.ethernet.delftblue:1462854] mca_base_component_repository_open: unable to open mca_accelerator_cuda: libcuda.so.1: cannot open shared object file: No such file or directory (ignored)
[cmp221.ethernet.delftblue:1462844] mca_base_component_repository_open: unable to open mca_accelerator_cuda: libcuda.so.1: cannot open shared object file: No such file or directory (ignored)
[cmp221.ethernet.delftblue:1462840] mca_base_component_repository_open: unable to open mca_accelerator_cuda: libcuda.so.1: cannot open shared object file: No such file or directory (ignored)
[cmp221.ethernet.delftblue:1462853] mca_base_component_repository_open: unable to open mca_accelerator_cuda: libcuda.so.1: cannot open shared object file: No such file or directory (ignored)
[cmp221.ethernet.delftblue:1462843] mca_base_component_repository_open: unable to open mca_accelerator_cuda: libcuda.so.1: cannot open shared object file: No such file or directory (ignored)
[cmp221.ethernet.delftblue:1462855] mca_base_component_repository_open: unable to open mca_rcache_gpusm: libcuda.so.1: cannot open shared object file: No such file or directory (ignored)
[cmp221.ethernet.delftblue:1462855] mca_base_component_repository_open: unable to open mca_rcache_rgpusm: libcuda.so.1: cannot open shared object file: No such file or directory (ignored)
[cmp221.ethernet.delftblue:1462855] mca_base_component_repository_open: unable to open mca_btl_smcuda: libcuda.so.1: cannot open shared object file: No such file or directory (ignored)
[cmp221.ethernet.delftblue:1462848] mca_base_component_repository_open: unable to open mca_rcache_gpusm: libcuda.so.1: cannot open shared object file: No such file or directory (ignored)
[cmp221.ethernet.delftblue:1462848] mca_base_component_repository_open: unable to open mca_rcache_rgpusm: libcuda.so.1: cannot open shared object file: No such file or directory (ignored)
[cmp221.ethernet.delftblue:1462848] mca_base_component_repository_open: unable to open mca_btl_smcuda: libcuda.so.1: cannot open shared object file: No such file or directory (ignored)
[cmp221.ethernet.delftblue:1462851] mca_base_component_repository_open: unable to open mca_rcache_gpusm: libcuda.so.1: cannot open shared object file: No such file or directory (ignored)
[cmp221.ethernet.delftblue:1462842] mca_base_component_repository_open: unable to open mca_rcache_gpusm: libcuda.so.1: cannot open shared object file: No such file or directory (ignored)
[cmp221.ethernet.delftblue:1462851] mca_base_component_repository_open: unable to open mca_rcache_rgpusm: libcuda.so.1: cannot open shared object file: No such file or directory (ignored)
[cmp221.ethernet.delftblue:1462842] mca_base_component_repository_open: unable to open mca_rcache_rgpusm: libcuda.so.1: cannot open shared object file: No such file or directory (ignored)
[cmp221.ethernet.delftblue:1462851] mca_base_component_repository_open: unable to open mca_btl_smcuda: libcuda.so.1: cannot open shared object file: No such file or directory (ignored)
[cmp221.ethernet.delftblue:1462842] mca_base_component_repository_open: unable to open mca_btl_smcuda: libcuda.so.1: cannot open shared object file: No such file or directory (ignored)
[cmp221.ethernet.delftblue:1462849] mca_base_component_repository_open: unable to open mca_rcache_gpusm: libcuda.so.1: cannot open shared object file: No such file or directory (ignored)
[cmp221.ethernet.delftblue:1462849] mca_base_component_repository_open: unable to open mca_rcache_rgpusm: libcuda.so.1: cannot open shared object file: No such file or directory (ignored)
[cmp221.ethernet.delftblue:1462850] mca_base_component_repository_open: unable to open mca_rcache_gpusm: libcuda.so.1: cannot open shared object file: No such file or directory (ignored)
[cmp221.ethernet.delftblue:1462846] mca_base_component_repository_open: unable to open mca_rcache_gpusm: libcuda.so.1: cannot open shared object file: No such file or directory (ignored)
[cmp221.ethernet.delftblue:1462850] mca_base_component_repository_open: unable to open mca_rcache_rgpusm: libcuda.so.1: cannot open shared object file: No such file or directory (ignored)
[cmp221.ethernet.delftblue:1462849] mca_base_component_repository_open: unable to open mca_btl_smcuda: libcuda.so.1: cannot open shared object file: No such file or directory (ignored)
[cmp221.ethernet.delftblue:1462846] mca_base_component_repository_open: unable to open mca_rcache_rgpusm: libcuda.so.1: cannot open shared object file: No such file or directory (ignored)
[cmp221.ethernet.delftblue:1462850] mca_base_component_repository_open: unable to open mca_btl_smcuda: libcuda.so.1: cannot open shared object file: No such file or directory (ignored)
[cmp221.ethernet.delftblue:1462846] mca_base_component_repository_open: unable to open mca_btl_smcuda: libcuda.so.1: cannot open shared object file: No such file or directory (ignored)
[cmp221.ethernet.delftblue:1462841] mca_base_component_repository_open: unable to open mca_rcache_gpusm: libcuda.so.1: cannot open shared object file: No such file or directory (ignored)
[cmp221.ethernet.delftblue:1462845] mca_base_component_repository_open: unable to open mca_rcache_gpusm: libcuda.so.1: cannot open shared object file: No such file or directory (ignored)
[cmp221.ethernet.delftblue:1462841] mca_base_component_repository_open: unable to open mca_rcache_rgpusm: libcuda.so.1: cannot open shared object file: No such file or directory (ignored)
[cmp221.ethernet.delftblue:1462845] mca_base_component_repository_open: unable to open mca_rcache_rgpusm: libcuda.so.1: cannot open shared object file: No such file or directory (ignored)
[cmp221.ethernet.delftblue:1462841] mca_base_component_repository_open: unable to open mca_btl_smcuda: libcuda.so.1: cannot open shared object file: No such file or directory (ignored)
[cmp221.ethernet.delftblue:1462845] mca_base_component_repository_open: unable to open mca_btl_smcuda: libcuda.so.1: cannot open shared object file: No such file or directory (ignored)
[cmp221.ethernet.delftblue:1462847] mca_base_component_repository_open: unable to open mca_rcache_gpusm: libcuda.so.1: cannot open shared object file: No such file or directory (ignored)
[cmp221.ethernet.delftblue:1462852] mca_base_component_repository_open: unable to open mca_rcache_gpusm: libcuda.so.1: cannot open shared object file: No such file or directory (ignored)
[cmp221.ethernet.delftblue:1462847] mca_base_component_repository_open: unable to open mca_rcache_rgpusm: libcuda.so.1: cannot open shared object file: No such file or directory (ignored)
[cmp221.ethernet.delftblue:1462852] mca_base_component_repository_open: unable to open mca_rcache_rgpusm: libcuda.so.1: cannot open shared object file: No such file or directory (ignored)
[cmp221.ethernet.delftblue:1462847] mca_base_component_repository_open: unable to open mca_btl_smcuda: libcuda.so.1: cannot open shared object file: No such file or directory (ignored)
[cmp221.ethernet.delftblue:1462852] mca_base_component_repository_open: unable to open mca_btl_smcuda: libcuda.so.1: cannot open shared object file: No such file or directory (ignored)
[cmp221.ethernet.delftblue:1462854] mca_base_component_repository_open: unable to open mca_rcache_gpusm: libcuda.so.1: cannot open shared object file: No such file or directory (ignored)
[cmp221.ethernet.delftblue:1462854] mca_base_component_repository_open: unable to open mca_rcache_rgpusm: libcuda.so.1: cannot open shared object file: No such file or directory (ignored)
[cmp221.ethernet.delftblue:1462844] mca_base_component_repository_open: unable to open mca_rcache_gpusm: libcuda.so.1: cannot open shared object file: No such file or directory (ignored)
[cmp221.ethernet.delftblue:1462854] mca_base_component_repository_open: unable to open mca_btl_smcuda: libcuda.so.1: cannot open shared object file: No such file or directory (ignored)
[cmp221.ethernet.delftblue:1462853] mca_base_component_repository_open: unable to open mca_rcache_gpusm: libcuda.so.1: cannot open shared object file: No such file or directory (ignored)
[cmp221.ethernet.delftblue:1462844] mca_base_component_repository_open: unable to open mca_rcache_rgpusm: libcuda.so.1: cannot open shared object file: No such file or directory (ignored)
[cmp221.ethernet.delftblue:1462853] mca_base_component_repository_open: unable to open mca_rcache_rgpusm: libcuda.so.1: cannot open shared object file: No such file or directory (ignored)
[cmp221.ethernet.delftblue:1462840] mca_base_component_repository_open: unable to open mca_rcache_gpusm: libcuda.so.1: cannot open shared object file: No such file or directory (ignored)
[cmp221.ethernet.delftblue:1462844] mca_base_component_repository_open: unable to open mca_btl_smcuda: libcuda.so.1: cannot open shared object file: No such file or directory (ignored)
[cmp221.ethernet.delftblue:1462853] mca_base_component_repository_open: unable to open mca_btl_smcuda: libcuda.so.1: cannot open shared object file: No such file or directory (ignored)
[cmp221.ethernet.delftblue:1462840] mca_base_component_repository_open: unable to open mca_rcache_rgpusm: libcuda.so.1: cannot open shared object file: No such file or directory (ignored)
[cmp221.ethernet.delftblue:1462840] mca_base_component_repository_open: unable to open mca_btl_smcuda: libcuda.so.1: cannot open shared object file: No such file or directory (ignored)
[cmp221.ethernet.delftblue:1462843] mca_base_component_repository_open: unable to open mca_rcache_gpusm: libcuda.so.1: cannot open shared object file: No such file or directory (ignored)
[cmp221.ethernet.delftblue:1462843] mca_base_component_repository_open: unable to open mca_rcache_rgpusm: libcuda.so.1: cannot open shared object file: No such file or directory (ignored)
[cmp221.ethernet.delftblue:1462843] mca_base_component_repository_open: unable to open mca_btl_smcuda: libcuda.so.1: cannot open shared object file: No such file or directory (ignored)
